vehicle_brand,vehicle_type,battery_chemistry,drive_type,cycle_count,odometer_km,vehicle_age_years,capacity_loss_percent,cell_voltage_std,internal_resistance,thermal_runaway_risk,battery_stress_index,daily_distance,manufacturing_year,battery_capacity_kwh,depth_of_discharge,battery_failure
Nissan,SUV,,AWD,544.0,195563.0,11.17,48.64,0.03349,0.8556,67.6,4.7,59.6,,71.45,11.48,1
Tata,Truck,NMC,FWD,1.0,500.0,9.91,0.2,0.01395,0.4191,48.3,41.4,3.0,2016.0,113.53,42.52,0
Ford,Sedan,NMC,,584.0,191310.0,6.23,31.01,0.02689,0.6125,58.8,40.5,111.0,2020.0,67.4,11.89,1
Tesla,Sedan,NCA,RWD,,107869.0,7.8,17.07,0.0258,0.4472,60.9,41.0,53.4,2018.0,77.72,54.0,0
GM,Hatchback,LFP,RWD,1.0,4970.0,5.96,2.86,0.01572,0.5883,28.4,58.4,3.0,2020.0,49.02,49.09,0
Lucid,Crossover,NMC,FWD,370.0,152674.0,7.18,24.73,0.02125,0.6984,65.2,63.0,69.5,2019.0,80.97,33.87,1
GM,Van,,RWD,578.0,265467.0,,27.94,0.03,0.6386,55.9,22.6,79.0,2015.0,85.15,18.57,1
BYD,Sedan,NMC,FWD,740.0,251227.0,7.99,34.55,0.03337,0.6586,65.5,62.1,108.3,2018.0,68.33,36.58,1
Hyundai,Hatchback,NMC,AWD,871.0,225959.0,9.86,35.89,0.03783,0.6443,63.0,56.9,78.2,2016.0,52.83,41.53,1
Volkswagen,Sedan,NMC,RWD,1168.0,279968.0,10.05,50.95,0.03443,0.8176,77.4,66.2,90.1,2016.0,51.59,48.75,1
Ford,Sedan,NMC,AWD,549.0,185685.0,6.63,28.16,0.02897,0.6385,70.8,52.6,91.5,2019.0,68.15,36.3,0
BMW,SUV,,FWD,1.0,4176.0,3.29,0.2,,0.3743,,35.3,3.0,2023.0,87.95,36.78,0
Kia,Truck,NMC,RWD,420.0,262782.0,6.92,28.99,0.02431,0.6705,59.4,77.1,132.6,2019.0,136.25,49.63,1
Tesla,Hatchback,NMC,RWD,1479.0,385104.0,10.04,52.32,0.04173,0.7854,67.8,55.5,127.8,2016.0,52.72,50.44,1
Tesla,Hatchback,NCA,RWD,1.0,12766.0,2.08,0.2,0.0066,0.3089,64.1,21.1,30.7,2024.0,59.49,,0
BYD,Van,LFP,FWD,44.0,36019.0,1.92,0.2,0.00629,0.585,23.8,26.6,68.3,2024.0,91.97,38.15,0
GM,Hatchback,NMC,AWD,1161.0,211278.0,9.8,40.72,0.0317,0.7875,67.1,29.3,74.5,2016.0,40.66,37.86,1
MG,Truck,NMC,FWD,250.0,142757.0,,23.94,0.02691,0.6922,67.5,100.0,59.6,2018.0,117.23,51.55,1
Tesla,Hatchback,NCA,RWD,848.0,158206.0,7.48,46.18,0.03617,0.6851,83.9,64.2,73.7,2018.0,38.54,38.62,1
Renault,Sedan,LMO,RWD,709.0,197616.0,5.97,59.26,0.04141,0.951,68.4,65.7,114.5,2020.0,,41.45,1
Volkswagen,SUV,NMC,AWD,494.0,202035.0,7.05,32.04,,0.6302,55.0,71.4,99.8,2019.0,93.67,45.79,1
BYD,Crossover,LFP,AWD,831.0,,8.92,12.56,0.0236,0.6958,35.7,35.4,95.3,2017.0,70.26,37.32,1
Tata,SUV,LFP,FWD,4.0,24417.0,4.18,0.2,0.01177,0.551,13.7,41.3,23.8,2022.0,86.66,56.96,0
Renault,Sedan,NMC,FWD,1129.0,362541.0,10.03,41.74,0.03088,0.7686,68.8,35.6,118.5,2016.0,63.95,29.47,1
Ford,SUV,LFP,AWD,57.0,78205.0,10.88,0.2,0.0163,0.5655,15.7,18.7,24.4,2015.0,85.6,37.9,0
Tata,SUV,NMC,AWD,,332510.0,11.1,43.12,0.03368,0.7593,69.6,,100.9,2015.0,84.54,54.21,1
Volkswagen,Crossover,LFP,AWD,32.0,,1.98,0.2,0.00751,0.5353,30.1,24.6,77.2,2024.0,60.51,26.27,0
Toyota,Hatchback,LFP,AWD,260.0,48077.0,5.02,8.96,0.01288,0.7148,42.9,69.9,32.0,2021.0,38.23,41.18,0
,Crossover,NMC,AWD,93.0,35573.0,4.9,7.32,0.0102,0.4936,51.3,18.3,30.1,2021.0,71.11,17.76,0
Toyota,SUV,NMC,RWD,271.0,106578.0,5.76,17.05,0.01678,0.5209,73.3,,,2020.0,87.09,37.27,1
BYD,Sedan,LFP,RWD,11.0,34619.0,4.19,0.2,0.01037,0.5185,30.5,22.8,28.3,2022.0,83.22,35.76,0
Tesla,SUV,NCA,FWD,148.0,102119.0,4.85,,0.0245,0.4514,65.6,39.4,70.1,2021.0,103.99,49.77,1
BMW,SUV,NMC,FWD,328.0,163873.0,9.16,12.23,0.01957,0.4807,54.5,38.2,60.8,2017.0,97.37,44.51,0
Volkswagen,Sedan,NMC,RWD,101.0,59294.0,4.86,9.12,0.013,0.4422,46.5,22.2,39.5,2021.0,66.63,45.29,0
Renault,Sedan,NMC,FWD,1.0,9080.0,4.07,,0.01226,0.3834,45.5,45.0,9.8,2022.0,73.35,66.22,0
Volkswagen,Hatchback,NMC,RWD,1891.0,387227.0,9.92,56.28,0.03935,0.8802,68.3,50.6,131.2,2016.0,41.66,36.65,1
Ford,Hatchback,NMC,FWD,1512.0,306034.0,8.96,51.38,0.03428,0.8721,83.4,62.3,114.9,2017.0,40.84,32.73,1
GM,Sedan,NMC,FWD,485.0,118880.0,7.98,28.24,0.0289,0.6413,60.3,48.3,49.4,2018.0,54.57,29.93,1
Ford,Crossover,LFP,RWD,306.0,89210.0,6.09,0.2,0.01307,0.5299,18.7,29.0,53.8,2020.0,58.0,44.36,0
Honda,Van,NMC,FWD,1.0,3046.0,1.93,1.12,0.0018,0.4165,43.8,43.7,13.6,2024.0,,48.11,0
Tesla,Crossover,NMC,FWD,212.0,91868.0,6.86,13.01,0.0205,0.5813,58.4,45.8,48.1,2019.0,79.24,37.35,0
Tata,Sedan,NMC,AWD,534.0,209812.0,10.02,32.58,0.02882,0.7683,72.3,85.4,70.7,2016.0,70.45,44.31,1
Tesla,SUV,NMC,FWD,17.0,,2.06,0.2,0.00645,,42.1,32.4,3.0,2024.0,84.14,53.62,0
Hyundai,SUV,NMC,FWD,400.0,220206.0,8.07,33.61,0.02664,0.8047,85.1,,89.3,2018.0,95.66,63.7,1
Toyota,Sedan,NMC,FWD,381.0,127674.0,,19.8,0.0228,0.55,64.4,22.3,111.3,2022.0,,17.59,0
Tesla,SUV,NCA,AWD,,5057.0,7.35,0.2,0.01474,,59.2,,3.0,2019.0,84.16,30.64,0
Volvo,Van,NMC,AWD,681.0,287626.0,,33.54,0.03286,0.7036,64.3,39.5,,2017.0,77.67,36.84,1
Toyota,SUV,NMC,FWD,795.0,335341.0,11.07,40.86,0.03731,0.6993,61.9,37.9,98.3,2015.0,,34.09,1
BMW,Hatchback,NMC,FWD,468.0,94470.0,6.09,26.85,0.03,0.613,65.9,,46.2,2020.0,49.56,37.76,1
Toyota,Crossover,NMC,RWD,136.0,39891.0,2.17,,0.01263,0.4464,51.4,15.0,57.7,,56.16,32.52,0
Nissan,Sedan,NMC,RWD,840.0,389548.0,11.26,40.29,0.03588,0.6743,79.2,50.2,115.6,2015.0,82.85,41.38,1
Toyota,Crossover,LFP,AWD,772.0,275348.0,9.16,,0.01634,0.6371,17.1,17.7,98.3,2017.0,65.62,29.48,0
Tesla,Truck,NCA,AWD,331.0,192617.0,6.08,28.69,0.02197,0.59,88.6,72.9,104.9,2020.0,118.21,38.16,1
Tesla,SUV,NCA,RWD,737.0,301251.0,7.95,49.71,0.03962,0.8164,97.8,79.9,131.6,2018.0,83.52,24.84,1
Tesla,Sedan,NMC,RWD,648.0,220912.0,8.08,33.36,0.03294,,70.7,70.4,92.9,2018.0,67.85,44.78,1
Tesla,Hatchback,NCA,FWD,1074.0,200489.0,9.04,51.12,0.0486,0.749,100.0,34.9,74.8,2017.0,38.3,18.02,1
BYD,SUV,LFP,RWD,,,10.09,15.57,0.01765,0.7601,34.8,44.2,123.4,2016.0,95.53,36.48,0
Lucid,Hatchback,NCA,AWD,923.0,229091.0,10.82,47.09,0.03889,0.6593,82.9,38.3,74.2,2015.0,49.87,50.01,1
Nissan,Hatchback,NMC,FWD,602.0,181361.0,7.05,31.31,0.03359,0.7193,,39.4,94.7,2019.0,57.5,38.03,0
BYD,Hatchback,LFP,FWD,199.0,67280.0,2.12,2.36,0.01288,0.5791,25.9,21.7,98.5,2024.0,55.45,31.71,0
Ford,Van,LFP,RWD,,71121.0,3.04,0.2,0.01095,0.5559,15.2,52.5,84.0,2023.0,88.8,53.95,0
Honda,Hatchback,NMC,FWD,815.0,184777.0,5.0,34.93,0.01889,0.6889,64.9,21.8,125.3,2021.0,42.05,14.29,1
Ford,,NMC,FWD,435.0,118962.0,5.9,21.11,0.03048,0.5593,61.3,53.7,69.7,2020.0,51.48,37.69,0
BMW,Crossover,NMC,FWD,179.0,11132.0,2.97,11.21,0.01551,0.4667,55.3,37.7,3.0,2023.0,59.26,59.13,0
Tata,Crossover,LFP,FWD,147.0,1630.0,6.03,7.83,0.01245,0.6311,19.6,30.6,3.0,2020.0,70.53,33.14,0
Rivian,Crossover,NCA,AWD,,151680.0,4.96,33.17,0.02324,1.8837,,78.5,101.2,2021.0,63.43,,1
GM,Sedan,NMC,RWD,195.0,66814.0,1.78,7.87,0.00945,0.4687,49.4,51.8,78.6,2024.0,64.05,62.13,0
Tesla,Truck,NCA,AWD,364.0,206475.0,8.22,34.38,0.03466,0.7014,96.2,99.6,80.2,2018.0,121.57,38.18,1
Rivian,Sedan,NMC,AWD,891.0,307598.0,9.16,34.97,0.03117,0.6641,59.9,53.6,110.2,2017.0,66.38,44.3,1
Mercedes,Van,NMC,FWD,870.0,366147.0,11.28,39.8,,0.7493,66.9,59.6,107.3,2015.0,83.89,51.74,1
Lucid,Sedan,NMC,FWD,53.0,23678.0,8.96,17.29,0.02065,2.66322,63.8,100.0,7.0,2017.0,59.06,44.71,1
Toyota,Hatchback,NMC,RWD,95.0,14893.0,6.12,9.05,0.01679,0.4611,51.9,43.9,8.8,2020.0,50.56,36.1,0
Tesla,Crossover,,RWD,1.0,500.0,4.96,2.36,0.00907,0.406,70.7,66.9,3.0,2021.0,86.61,49.35,0
Renault,Hatchback,LMO,AWD,685.0,184364.0,,52.41,0.03598,0.8816,58.8,60.2,61.3,2016.0,52.39,53.08,1
GM,Van,NMC,FWD,540.0,222502.0,10.68,28.19,0.02473,0.594,57.6,59.5,67.8,2015.0,78.09,,1
Renault,Sedan,NMC,FWD,1.0,2798.0,2.55,0.2,0.0071,0.4006,46.0,3.0,19.8,2023.0,82.11,5.16,0
Renault,Hatchback,NMC,RWD,699.0,187492.0,4.45,27.62,0.022,0.6519,56.4,34.6,136.1,2022.0,55.47,37.49,0
Hyundai,,NMC,FWD,232.0,143350.0,8.99,12.02,0.01556,0.5332,56.0,67.5,51.1,2017.0,113.62,51.99,1
Honda,Sedan,NMC,RWD,578.0,147279.0,7.9,41.34,0.03523,0.9087,85.8,91.8,61.7,2018.0,57.62,27.18,1
Volvo,,NMC,RWD,1373.0,344161.0,9.22,50.47,0.03887,0.7721,68.3,28.5,125.7,2017.0,49.95,28.93,1
Mahindra,,NMC,FWD,1.0,2414.0,6.85,0.2,0.01357,0.3897,42.7,16.3,3.0,2019.0,93.49,40.19,0
Nissan,Van,LMO,FWD,615.0,243370.0,9.19,51.12,0.03987,0.9556,87.5,24.3,87.6,2017.0,80.61,36.4,1
BMW,,NCA,AWD,535.0,219609.0,11.03,31.95,0.02791,0.5766,69.9,50.0,65.4,2015.0,80.58,44.59,1
Renault,Truck,NMC,RWD,717.0,351094.0,7.92,,0.02954,0.6664,61.0,42.5,142.9,2018.0,,51.09,1
Mercedes,SUV,NMC,FWD,168.0,71367.0,3.7,6.86,0.01059,0.407,46.1,33.0,72.0,2022.0,77.51,22.23,0
Volkswagen,SUV,NMC,FWD,824.0,321989.0,10.93,38.95,0.03781,0.6759,63.0,42.9,98.2,2015.0,89.9,23.25,1
Renault,SUV,LMO,RWD,175.0,78325.0,4.83,19.39,0.02172,0.61,47.6,46.2,42.8,2021.0,76.46,51.06,0
Tesla,SUV,NCA,AWD,267.0,113415.0,4.04,26.01,0.02969,0.6541,84.1,95.7,91.7,2022.0,84.23,36.65,1
BYD,SUV,LFP,FWD,7.0,26225.0,9.02,0.2,0.01259,0.5668,21.0,24.5,9.1,2017.0,91.9,36.38,0
Renault,Hatchback,NMC,RWD,364.0,82013.0,3.77,23.91,0.02226,0.7127,66.6,34.7,,2022.0,49.94,21.42,0
Tesla,Hatchback,NMC,FWD,378.0,122741.0,,21.81,0.02612,0.6019,61.9,40.5,45.1,2016.0,54.92,27.93,1
Hyundai,Crossover,NMC,FWD,269.0,74328.0,3.89,9.94,0.01468,0.492,47.1,32.3,64.8,2022.0,60.1,45.04,0
Tata,Truck,LFP,RWD,157.0,500.0,7.95,1.31,0.01324,0.616,23.7,37.0,3.0,2018.0,100.87,53.37,0
Ford,,NMC,RWD,1230.0,336542.0,9.79,47.62,0.03601,0.8093,66.8,27.3,118.7,2016.0,52.4,27.69,1
Volvo,Crossover,NMC,FWD,721.0,253214.0,11.13,35.38,0.04063,0.7342,73.0,56.9,76.0,2015.0,71.86,51.96,1
Lucid,Hatchback,NCA,FWD,860.0,236615.0,8.15,45.4,0.03405,0.6679,83.5,39.4,96.2,2018.0,56.85,22.45,1
Renault,Crossover,NMC,AWD,1006.0,422791.0,10.06,45.53,0.03869,0.7216,69.5,64.1,,2016.0,75.1,39.27,1
BYD,Sedan,LFP,FWD,1.0,500.0,6.08,0.2,0.00781,0.5558,13.9,51.8,3.0,2020.0,59.42,46.49,0
Nissan,Sedan,LMO,AWD,729.0,214295.0,5.97,60.53,0.04562,1.0072,77.8,59.3,121.7,,62.21,44.76,1
Kia,Sedan,NMC,AWD,448.0,153917.0,11.24,32.28,0.03861,0.7078,75.8,53.1,44.3,2015.0,64.8,30.0,1
BMW,Sedan,NMC,RWD,,283892.0,11.04,42.63,0.03411,0.7203,57.3,83.6,87.1,2015.0,63.17,68.55,1
Hyundai,SUV,NMC,,146.0,89667.0,11.31,11.06,0.01896,,48.8,55.5,28.4,,94.49,57.24,0
BMW,Hatchback,NMC,RWD,111.0,38894.0,3.06,3.28,0.01503,0.3967,46.6,0.0,44.6,2023.0,48.58,29.12,0
BMW,Crossover,NCA,AWD,427.0,127579.0,3.67,42.36,0.029,,92.1,,122.1,,65.51,50.55,1
Renault,SUV,NMC,FWD,115.0,49716.0,,8.63,0.01254,0.4056,46.9,62.5,64.3,2024.0,80.54,51.3,0
Renault,Crossover,NMC,RWD,1033.0,351829.0,9.11,45.82,,0.7245,70.2,,128.4,2017.0,68.52,41.97,1
Lucid,SUV,NCA,AWD,644.0,287021.0,9.1,37.61,0.03354,0.6159,82.0,40.4,106.4,2017.0,92.74,42.61,1
Tesla,Sedan,NCA,FWD,1834.0,432018.0,11.23,60.93,0.05082,,88.0,48.4,128.7,2015.0,,49.58,1
Tesla,Truck,NMC,FWD,185.0,112066.0,7.02,3.62,0.00973,0.3812,50.9,17.8,48.7,2019.0,109.19,26.69,0
Ford,SUV,LFP,AWD,255.0,107840.0,9.86,2.73,0.01841,0.6465,27.2,45.3,35.0,2016.0,87.85,57.1,0
MG,Crossover,NMC,RWD,423.0,143786.0,6.1,21.6,,0.5577,52.8,57.3,77.4,2020.0,67.42,56.55,0
Toyota,SUV,NMC,FWD,726.0,362775.0,10.75,38.79,0.02797,0.7659,59.8,89.3,116.5,,108.83,74.26,1
Toyota,Sedan,NMC,FWD,106.0,26839.0,4.11,6.98,0.01342,0.3414,51.9,63.5,22.0,2022.0,67.63,65.38,0
Mercedes,Sedan,NMC,FWD,433.0,155701.0,10.81,22.22,0.02813,0.581,63.7,28.9,45.9,2015.0,,25.18,1
BYD,Sedan,NMC,FWD,841.0,,9.23,31.63,0.03009,0.6507,63.2,,100.6,2017.0,64.16,47.18,1
,Sedan,NMC,FWD,225.0,72018.0,6.69,12.97,0.00946,0.4695,,38.5,32.8,2019.0,72.89,49.79,0
Tesla,SUV,NCA,FWD,543.0,281017.0,11.22,34.94,0.02744,0.6069,75.2,73.9,,2015.0,95.77,53.6,1
Hyundai,Sedan,NMC,RWD,897.0,264722.0,6.98,48.43,0.03903,0.9097,81.0,,121.0,2019.0,57.75,27.03,1
Tesla,Sedan,NMC,RWD,464.0,132008.0,11.01,26.88,,0.6004,57.1,43.8,39.7,2015.0,66.26,,1
Tesla,Hatchback,NCA,FWD,440.0,110728.0,9.13,31.58,0.03191,0.5401,67.7,54.6,37.6,2017.0,45.34,47.98,0
Toyota,Hatchback,LFP,AWD,2186.0,394098.0,9.78,32.04,0.03188,0.9699,34.3,71.8,133.8,2016.0,36.58,54.99,1
MG,SUV,LFP,AWD,34.0,46681.0,4.76,0.2,0.00872,0.5983,17.1,26.9,32.1,,76.5,36.8,0
BMW,Hatchback,NMC,RWD,539.0,138202.0,9.88,29.83,0.02335,0.6453,54.0,37.3,42.8,2016.0,47.31,30.44,1
BYD,Sedan,LTO,RWD,540.0,,6.94,0.68,0.01175,0.2283,14.4,77.8,20.8,2019.0,67.82,62.58,0
BYD,Hatchback,LFP,FWD,123.0,36776.0,3.21,0.2,0.00968,0.6154,18.9,38.4,47.7,2023.0,61.75,21.19,0
Tata,SUV,NMC,FWD,153.0,67602.0,3.15,12.7,0.02095,0.5079,45.4,79.3,,2023.0,88.39,,0
Hyundai,Hatchback,NMC,AWD,1991.0,314498.0,11.06,59.53,0.04042,0.8258,67.7,53.4,95.1,2015.0,31.81,56.45,1
Kia,Truck,NMC,AWD,1.0,11215.0,11.07,,0.01586,0.3662,46.5,33.5,3.0,2015.0,102.29,27.79,0
BYD,Sedan,LFP,FWD,756.0,280218.0,8.77,,0.03041,0.7975,46.8,76.2,110.1,2017.0,82.21,51.66,1
Volkswagen,Crossover,NMC,AWD,592.0,191134.0,5.2,34.86,0.01844,0.7013,73.1,39.9,,2021.0,64.85,16.06,1
Audi,Sedan,NMC,RWD,60.0,15701.0,1.91,,0.01312,0.4198,45.1,40.7,34.3,2024.0,51.5,47.25,0
BMW,Sedan,NMC,FWD,208.0,98957.0,5.72,13.11,0.01461,0.5064,,48.2,53.1,2020.0,71.23,33.91,0
Tesla,Crossover,NCA,AWD,285.0,106034.0,,18.51,0.0258,0.4764,69.3,8.6,40.5,2017.0,80.81,22.67,0
Hyundai,SUV,NMC,AWD,357.0,126955.0,6.78,19.7,0.01817,0.5917,67.0,16.0,62.2,2019.0,95.02,28.74,0
Tesla,SUV,NCA,RWD,604.0,256236.0,7.03,37.43,0.01775,0.5645,79.0,48.7,121.0,2019.0,85.77,18.59,1
Hyundai,Van,NMC,FWD,1.0,500.0,7.96,3.68,0.01631,0.4415,51.8,43.4,3.0,2018.0,81.26,38.07,0
MG,SUV,LFP,FWD,116.0,47644.0,2.82,1.22,0.01055,0.546,23.8,12.2,55.1,2023.0,91.33,31.42,0
Mercedes,Hatchback,NMC,AWD,83.0,16801.0,2.87,5.17,0.01503,0.3865,46.0,17.2,13.0,2023.0,43.76,28.48,0
Honda,Hatchback,NMC,FWD,805.0,129213.0,9.9,39.02,0.03005,0.6879,65.4,43.0,47.1,2016.0,31.15,29.94,1
Ford,Sedan,NMC,RWD,1036.0,271877.0,6.9,48.82,0.03715,0.7725,65.9,54.1,134.0,2019.0,56.37,,1
GM,Hatchback,LTO,RWD,287.0,188035.0,6.99,3.88,,0.2252,8.8,34.3,90.8,2019.0,52.0,33.13,0
Hyundai,Crossover,NMC,RWD,1183.0,385577.0,8.8,46.12,0.03991,0.7854,58.7,27.4,142.5,2017.0,64.87,45.4,1
Renault,SUV,NMC,RWD,646.0,244473.0,,35.52,0.03786,0.6419,62.2,66.6,102.4,,79.65,49.85,1
Renault,Crossover,,RWD,495.0,187675.0,10.98,24.63,0.02724,0.5709,65.2,24.4,,2015.0,77.34,34.18,1
BYD,Hatchback,NMC,FWD,733.0,207364.0,8.92,37.35,0.02925,0.6905,66.1,57.5,80.4,2017.0,56.06,58.22,1
Hyundai,Truck,NMC,RWD,747.0,424062.0,10.04,31.91,0.02659,0.675,62.1,44.7,140.4,2016.0,118.09,48.07,1
Mercedes,Sedan,,FWD,190.0,36289.0,7.07,7.38,0.01233,0.4666,48.9,18.4,17.1,2019.0,61.05,33.95,0
Kia,SUV,NMC,RWD,285.0,174728.0,8.72,26.12,0.02828,0.1164,65.9,86.1,69.0,2017.0,97.67,,1
,Crossover,LFP,RWD,127.0,36152.0,4.15,0.2,0.00898,0.5391,13.8,41.7,26.5,2022.0,63.57,43.21,0
BMW,Hatchback,NCA,FWD,293.0,81583.0,4.07,19.58,0.01482,0.4296,60.3,22.1,64.2,,50.36,28.32,0
Volkswagen,SUV,NMC,FWD,802.0,360654.0,9.9,45.11,0.03378,0.8768,95.3,91.2,122.0,2016.0,89.48,41.36,1
BYD,Van,LFP,FWD,129.0,500.0,1.99,,0.00677,0.6,18.0,40.4,3.0,,94.94,48.53,0
Kia,Sedan,NMC,FWD,769.0,272597.0,10.03,36.81,0.03287,0.7067,59.0,30.0,89.7,2016.0,65.91,37.0,1
Renault,SUV,LMO,FWD,89.0,,,11.76,0.01259,0.498,35.6,,44.1,2024.0,91.55,45.88,0
GM,Crossover,NMC,AWD,160.0,67531.0,4.21,5.67,0.01001,0.439,47.8,27.4,47.6,2022.0,70.41,45.15,0
Volvo,Sedan,NMC,RWD,32.0,3248.0,6.81,1.34,0.00648,0.3834,45.1,44.3,10.0,2019.0,60.35,56.03,0
BMW,Crossover,NMC,RWD,404.0,117386.0,8.86,27.8,0.0339,0.6516,73.1,58.5,44.9,2017.0,67.13,34.35,1
Volkswagen,Truck,NMC,AWD,66.0,,1.97,2.28,,0.4274,47.8,40.5,13.4,2024.0,108.74,24.96,0
,Hatchback,LFP,FWD,469.0,118714.0,3.99,4.27,0.01744,0.6237,23.9,32.6,103.1,2022.0,50.48,,0
Ford,Sedan,LFP,FWD,737.0,222903.0,9.11,6.73,0.02009,0.6256,33.9,41.8,75.9,2017.0,57.21,43.6,0
Kia,SUV,NMC,FWD,190.0,85740.0,2.7,,0.0099,0.549,42.5,53.1,104.6,2023.0,84.31,51.6,0
Tesla,SUV,NCA,RWD,224.0,88214.0,3.9,14.06,0.01574,0.4574,57.2,51.0,79.3,2022.0,86.99,56.38,0
,Sedan,NMC,FWD,58.0,15994.0,2.94,4.87,0.00846,0.4069,50.5,17.8,16.3,2023.0,80.51,12.89,0
Kia,SUV,NMC,FWD,38.0,36862.0,2.85,0.2,0.00504,0.3427,56.8,0.0,47.3,2023.0,102.07,39.22,0
GM,Hatchback,NMC,AWD,564.0,144260.0,7.01,34.05,0.03212,0.7326,66.3,72.1,70.7,2019.0,46.13,46.45,1
MG,Crossover,LFP,FWD,46.0,17336.0,9.92,2.32,,0.6023,19.3,52.8,3.0,2016.0,67.67,42.12,0
Hyundai,Crossover,NMC,RWD,795.0,273354.0,9.95,40.08,0.0362,0.7993,76.9,44.1,93.8,2016.0,65.24,36.96,1
Lucid,Truck,NMC,FWD,9.0,12483.0,2.92,0.2,0.01055,0.4005,57.0,51.9,13.6,2023.0,131.34,58.47,0
Nissan,Hatchback,NMC,FWD,1160.0,267422.0,10.75,45.88,0.04297,0.7097,66.5,,83.1,2015.0,44.41,,1
Rivian,SUV,NMC,RWD,604.0,316795.0,9.04,35.85,0.03657,0.6941,67.5,62.5,117.7,2017.0,100.28,59.86,1
Mercedes,Crossover,NMC,AWD,596.0,221991.0,9.49,31.07,0.02842,0.6371,65.9,,78.6,2017.0,71.07,51.26,1
Renault,Crossover,LMO,,528.0,234291.0,11.1,47.83,0.04444,0.9412,72.7,26.0,67.6,,85.26,20.47,1
BYD,SUV,LFP,FWD,77.0,2826.0,1.93,1.89,0.01566,0.5984,14.8,33.7,24.3,2024.0,98.85,,0
Audi,Crossover,NMC,AWD,1053.0,335022.0,9.2,44.63,0.0325,0.7192,66.0,39.2,123.8,2017.0,70.38,43.5,1
Toyota,SUV,LFP,RWD,267.0,,11.1,3.77,0.00933,0.6497,23.5,43.8,30.8,2015.0,94.08,45.31,0
Tesla,SUV,NMC,AWD,652.0,276454.0,8.01,36.99,0.03537,0.10497,61.6,49.7,116.1,2018.0,88.12,31.16,1
Tesla,SUV,LFP,FWD,137.0,7539.0,10.99,0.2,0.01051,2.06745,19.8,29.4,3.0,2015.0,88.8,50.63,0
Ford,Hatchback,NMC,RWD,914.0,273520.0,8.94,39.12,0.02871,0.7239,63.4,45.7,98.7,2017.0,58.57,52.63,1
Volkswagen,SUV,NMC,AWD,164.0,75147.0,3.05,6.13,0.01585,0.3919,44.4,65.0,87.4,2023.0,92.93,48.65,0
Tesla,Crossover,NMC,RWD,231.0,82239.0,7.0,12.35,,0.4646,54.5,39.7,33.5,2019.0,70.42,32.65,0
Hyundai,Crossover,NMC,FWD,363.0,154482.0,11.01,20.87,0.0238,0.5515,52.0,11.3,45.1,2015.0,73.93,21.6,0
Volkswagen,Crossover,NMC,RWD,510.0,177359.0,10.91,21.96,0.02741,0.6026,63.9,11.8,51.1,2015.0,78.15,29.69,1
Kia,Hatchback,LFP,FWD,737.0,154866.0,9.09,7.84,0.01254,0.6171,23.2,18.1,58.5,2017.0,38.88,42.17,0
Kia,Hatchback,NMC,FWD,426.0,81449.0,10.99,,0.02434,0.7541,66.5,94.8,23.9,2015.0,36.05,43.24,1
Nissan,Crossover,NMC,,158.0,31057.0,2.06,8.81,0.01767,0.4605,49.6,20.6,60.7,2024.0,,,0
Kia,SUV,NMC,FWD,645.0,253003.0,9.19,31.01,0.03367,0.6968,57.2,46.6,92.1,2017.0,82.74,,0
BMW,Crossover,NMC,FWD,334.0,116099.0,9.77,15.0,0.01447,0.5379,61.6,29.2,40.2,2016.0,68.87,33.9,0
Kia,Van,LFP,AWD,490.0,209393.0,7.82,17.38,0.02229,0.8741,38.2,100.0,87.6,2018.0,81.24,48.74,0
Volkswagen,Sedan,NMC,AWD,185.0,70411.0,11.26,20.49,0.03049,0.6544,64.9,51.5,20.8,2015.0,,12.15,1
Lucid,Hatchback,NMC,FWD,,271423.0,10.18,39.03,0.02402,0.8275,74.7,23.8,91.2,2016.0,50.15,35.32,1
BYD,Crossover,LFP,FWD,225.0,54982.0,3.33,6.76,0.02177,0.6606,35.2,,62.0,2023.0,68.85,43.84,0
Renault,Sedan,NMC,,156.0,42235.0,4.02,7.98,0.01321,0.4858,41.0,32.9,39.1,2022.0,55.24,19.69,0
GM,Sedan,LFP,RWD,187.0,62058.0,3.05,0.2,0.0102,0.5269,25.6,0.0,47.9,2023.0,71.71,9.35,0
Mercedes,Sedan,NMC,FWD,734.0,288349.0,9.89,35.0,0.02986,0.6795,58.9,64.1,94.7,2016.0,67.62,,1
Tesla,Hatchback,NCA,FWD,,226234.0,9.02,40.38,0.0376,0.6094,77.0,67.6,85.8,2017.0,65.31,52.16,1
Lucid,Hatchback,NMC,FWD,1588.0,350981.0,11.0,54.76,0.04757,0.8489,78.4,55.9,104.9,2015.0,45.04,45.8,1
Toyota,SUV,LFP,AWD,69.0,500.0,2.11,0.2,0.00576,0.5163,15.5,14.7,3.0,2024.0,99.81,29.41,0
Honda,SUV,NMC,AWD,168.0,96047.0,4.86,8.64,0.01757,0.5168,52.4,16.2,69.0,2021.0,90.09,27.0,0
Nissan,Hatchback,LMO,FWD,915.0,240419.0,9.99,52.79,,0.14208,54.8,25.5,79.4,2016.0,53.18,46.51,1
Tesla,Sedan,NCA,FWD,230.0,61479.0,1.61,22.54,0.01992,0.4724,81.0,97.4,109.3,2024.0,65.93,52.43,1
BYD,Truck,LFP,FWD,196.0,,10.24,6.66,0.01658,0.658,37.3,32.2,32.9,2016.0,124.34,33.73,0
GM,SUV,NMC,FWD,207.0,84917.0,7.91,11.91,0.01584,0.542,49.1,30.2,37.0,2018.0,96.74,38.67,0
BMW,Van,NMC,AWD,450.0,224992.0,,27.45,0.03464,0.6696,64.7,37.0,92.9,2018.0,90.49,32.7,1
BYD,Crossover,LFP,FWD,135.0,33774.0,2.73,0.73,0.00835,0.5805,29.2,5.1,27.9,2023.0,62.13,23.41,0
Tesla,Truck,NCA,FWD,299.0,188370.0,6.1,19.35,0.02047,0.4974,67.6,61.4,95.9,2020.0,116.28,31.46,0
Audi,SUV,NMC,FWD,767.0,353460.0,10.21,33.06,0.02919,0.6688,62.2,52.1,111.3,2016.0,89.31,58.85,1
Kia,SUV,NMC,FWD,741.0,402859.0,10.03,36.1,0.0257,0.6943,58.4,60.6,133.1,2016.0,95.14,35.43,1
Tesla,Crossover,NCA,AWD,153.0,37803.0,2.79,6.78,0.00956,0.3822,67.4,42.1,48.6,2023.0,59.89,55.19,0
MG,Sedan,NMC,RWD,24.0,500.0,3.95,3.75,0.00919,0.4206,49.0,34.8,3.0,2022.0,58.42,39.78,0
Volkswagen,Crossover,NMC,AWD,847.0,317031.0,8.86,34.55,0.02848,0.6999,63.3,56.8,120.5,2017.0,77.62,25.94,1
,SUV,NCA,AWD,617.0,289950.0,9.95,39.37,0.03387,0.6087,77.0,33.1,96.6,2016.0,89.82,32.32,1
Nissan,SUV,NMC,AWD,,128529.0,8.83,16.35,0.01755,0.5415,68.3,64.4,45.9,2017.0,95.67,45.51,0
Tata,Crossover,LTO,AWD,276.0,129962.0,11.11,1.85,0.01616,0.2469,13.8,16.6,40.8,2015.0,64.42,17.2,0
Nissan,Hatchback,NMC,FWD,89.0,34157.0,3.98,9.2,0.0192,0.5382,78.9,52.7,32.0,2022.0,54.99,25.02,0
MG,Crossover,NMC,AWD,580.0,,6.19,33.15,0.02847,0.6575,59.2,62.1,96.3,2020.0,63.6,48.34,1
MG,Hatchback,NMC,FWD,980.0,202990.0,7.71,41.22,0.04022,0.7601,68.7,54.3,89.2,2018.0,39.58,54.16,1
Tesla,Sedan,NMC,FWD,310.0,94103.0,3.7,21.25,0.01529,0.5429,47.0,22.8,77.9,2022.0,61.54,33.73,0
GM,Crossover,NMC,FWD,228.0,97397.0,8.01,9.22,0.01336,0.427,47.5,0.6,39.3,2018.0,77.6,11.61,0
Nissan,Hatchback,LMO,AWD,944.0,190958.0,5.12,67.33,0.05044,1.1539,83.0,77.9,130.4,2021.0,39.99,59.26,1
Tesla,Hatchback,,AWD,498.0,101014.0,6.93,32.26,0.02229,0.5353,70.5,17.8,51.3,2019.0,43.45,19.27,0
Kia,Sedan,NMC,AWD,822.0,281964.0,8.04,39.51,0.0355,0.7299,66.9,56.6,116.6,2018.0,67.05,55.12,1
Volkswagen,Hatchback,NMC,AWD,630.0,152179.0,4.91,29.29,0.02938,0.6256,64.7,29.7,96.4,2021.0,46.73,31.68,0
,Truck,LFP,RWD,84.0,47448.0,3.1,0.2,0.00834,0.5605,18.1,14.4,53.5,2023.0,95.75,36.38,0
Tesla,Hatchback,NCA,AWD,814.0,181704.0,9.81,37.8,0.03251,0.5958,76.4,28.0,61.7,2016.0,47.43,45.56,1
Rivian,Hatchback,NMC,FWD,,209370.0,4.9,44.22,,0.8395,76.1,76.0,138.3,2021.0,41.79,42.75,1
Tesla,Sedan,NCA,FWD,,75544.0,3.12,13.72,0.02056,0.413,61.5,29.2,71.8,2023.0,68.22,35.65,0
Tata,Van,NMC,FWD,85.0,22447.0,3.01,0.2,0.00415,0.4205,48.8,0.0,40.8,2023.0,86.15,21.13,0
GM,Crossover,LFP,FWD,942.0,328558.0,10.98,16.23,0.02593,0.6929,24.3,67.1,100.2,2015.0,75.24,49.5,1
Volkswagen,Sedan,,FWD,43.0,500.0,6.01,0.2,0.01223,0.3547,51.0,18.5,3.0,2020.0,71.64,38.37,0
BMW,Van,NCA,AWD,834.0,320380.0,10.14,40.6,0.0292,0.5837,77.5,71.9,106.6,2016.0,80.5,60.73,1
Renault,Hatchback,LMO,AWD,1979.0,380595.0,7.92,71.18,0.03713,1.0525,74.6,87.9,155.0,,38.09,62.03,1
Kia,Sedan,NMC,FWD,57.0,29212.0,4.98,0.51,0.01341,0.4383,43.9,15.1,17.8,2021.0,62.45,39.21,0
Tata,SUV,NMC,AWD,586.0,352178.0,10.89,,0.03704,0.681,55.8,43.4,106.6,2015.0,107.33,48.15,1
Mercedes,Van,NMC,AWD,185.0,101111.0,7.87,10.49,0.02091,0.4918,46.1,49.8,38.6,2018.0,93.95,36.04,0
Kia,Van,NMC,RWD,,275466.0,9.14,,0.03408,0.8076,75.3,69.1,104.6,2017.0,80.61,41.12,1
Tesla,Sedan,NCA,RWD,713.0,240488.0,9.96,40.8,0.03356,0.6666,76.6,31.4,83.3,2016.0,69.51,31.22,1
Tesla,Sedan,NCA,FWD,1318.0,450000.0,9.76,53.79,0.0355,0.7123,86.3,,154.8,,66.2,29.37,1
Tesla,Hatchback,NCA,FWD,948.0,228246.0,6.19,50.49,0.04007,0.7989,92.0,57.5,120.9,2020.0,46.2,42.63,1
Hyundai,Crossover,NMC,FWD,801.0,221761.0,6.88,36.54,0.03687,0.6804,62.9,35.1,113.6,2019.0,56.35,20.36,1
,Crossover,NMC,FWD,233.0,80170.0,9.0,20.1,0.02129,0.6342,68.8,57.2,28.7,2017.0,81.57,24.38,1
Tesla,Crossover,NCA,RWD,620.0,245511.0,6.03,35.64,0.02523,0.5735,75.9,33.9,127.5,2020.0,72.72,41.45,1
BYD,Crossover,LTO,AWD,777.0,101949.0,11.02,0.2,0.01164,0.2029,11.3,1.2,28.8,2015.0,65.6,18.27,0
Renault,Truck,NMC,FWD,182.0,160679.0,6.84,7.04,0.02016,0.4244,39.4,21.2,79.0,2019.0,129.88,24.84,0
BYD,SUV,LFP,AWD,67.0,50264.0,7.07,0.2,0.00997,0.5737,21.5,16.8,,2019.0,88.41,21.27,0
Lucid,SUV,NMC,FWD,256.0,89430.0,2.98,14.02,0.01597,0.5342,54.5,24.0,99.4,2023.0,94.27,44.31,0
Nissan,Sedan,NMC,FWD,743.0,221700.0,8.74,37.05,0.02773,0.6684,67.2,72.2,83.4,2017.0,57.76,55.9,1
Honda,SUV,NMC,FWD,1.0,26616.0,,3.69,0.01207,0.4264,52.1,45.6,28.5,2023.0,94.29,60.27,0
Honda,Crossover,NMC,FWD,25.0,32802.0,11.01,11.08,0.02485,0.5691,70.0,88.9,10.1,2015.0,75.25,53.36,1
GM,Truck,LFP,AWD,46.0,29106.0,4.11,0.2,0.01331,0.5503,27.8,25.6,29.4,2022.0,118.77,38.83,0
Kia,Hatchback,NMC,RWD,919.0,239423.0,7.88,46.93,,0.8359,84.9,54.1,99.2,2018.0,52.86,37.52,1
Tesla,Hatchback,NMC,FWD,1805.0,274016.0,10.15,63.58,0.04557,1.0831,84.3,74.6,86.2,2016.0,30.04,,1
Renault,Hatchback,NMC,FWD,731.0,187832.0,9.0,34.78,0.03276,0.7513,76.6,60.3,72.6,2017.0,50.41,42.37,1
GM,Crossover,NMC,RWD,,132155.0,4.02,21.89,0.02757,0.5667,56.3,53.9,109.0,2022.0,69.14,45.44,1
Tesla,SUV,NMC,RWD,1.0,11088.0,1.88,0.2,0.01127,0.3645,40.8,15.6,14.7,2024.0,91.99,52.93,0
Hyundai,Sedan,LFP,AWD,522.0,227387.0,10.91,2.95,0.01386,0.5909,22.5,6.8,70.0,2015.0,82.62,7.69,0
Mercedes,Truck,NMC,RWD,304.0,198221.0,5.02,20.15,0.0224,0.5064,61.8,36.3,124.9,2021.0,114.88,32.04,0
Volkswagen,Truck,NMC,FWD,346.0,181875.0,4.89,17.81,0.01727,0.5151,55.7,26.5,130.6,2021.0,102.64,29.61,0
Mercedes,Crossover,NMC,RWD,821.0,208505.0,7.9,42.74,0.02875,,65.7,36.1,89.8,2018.0,53.06,24.82,1
Toyota,Sedan,LFP,FWD,144.0,57330.0,2.1,5.72,0.01492,0.6113,19.3,60.4,100.3,2024.0,63.9,51.1,0
Ford,Crossover,NMC,,328.0,101133.0,10.21,21.22,0.0334,0.5573,50.9,0.0,40.8,2016.0,58.24,13.85,0
Ford,Truck,NMC,AWD,485.0,321478.0,10.08,29.89,0.036,0.6197,57.7,52.7,101.7,,120.8,48.96,1
GM,SUV,LFP,FWD,358.0,115308.0,10.95,,0.02006,,34.1,98.9,39.2,2015.0,85.99,53.56,1
Tesla,Sedan,NCA,AWD,516.0,140573.0,8.88,33.81,0.03446,0.694,89.4,74.7,53.2,,58.09,57.08,1
Hyundai,Sedan,LFP,FWD,106.0,27596.0,,0.22,0.01689,0.5359,28.3,30.1,7.9,2015.0,59.42,36.49,0
,Sedan,NMC,RWD,842.0,227664.0,10.36,36.68,0.03192,0.6761,66.6,47.4,74.0,2016.0,58.97,44.01,1
Renault,Hatchback,NMC,FWD,50.0,15929.0,3.29,0.91,0.01289,0.3485,50.6,0.0,20.8,2023.0,59.41,27.55,0
BYD,Hatchback,LFP,AWD,1126.0,246940.0,6.8,19.92,0.01734,0.7949,30.2,58.8,,2019.0,47.79,46.9,0
Hyundai,Hatchback,LFP,RWD,847.0,209481.0,8.83,17.25,0.02413,0.7317,31.3,48.1,77.4,2017.0,45.25,48.2,0
BYD,Sedan,LFP,RWD,331.0,50283.0,5.0,2.12,0.0113,0.5821,15.3,,29.1,2021.0,62.13,42.16,0
Toyota,Hatchback,NMC,AWD,734.0,167744.0,8.97,33.96,0.03135,0.6633,50.0,25.6,63.8,2017.0,45.99,40.33,0
Tesla,Truck,NMC,FWD,535.0,308627.0,7.91,30.71,0.0275,0.628,64.5,87.2,130.3,2018.0,122.96,58.24,1
BMW,Van,NMC,RWD,305.0,160845.0,8.96,15.39,0.02374,0.4749,59.9,44.4,58.4,2017.0,97.74,17.28,0
Tata,Crossover,NMC,RWD,697.0,282995.0,10.93,33.31,0.03234,,62.4,27.8,83.4,2015.0,81.86,34.56,1
Volkswagen,Truck,,FWD,44.0,4296.0,11.02,1.67,0.0022,0.4106,36.5,34.8,3.0,2015.0,113.38,30.67,0
MG,,LFP,,28.0,,7.9,,0.01311,0.5731,18.2,18.2,15.7,2018.0,79.04,20.75,0
Mercedes,Hatchback,NCA,FWD,683.0,146207.0,10.85,,0.03186,0.6801,68.9,33.8,48.0,2015.0,42.51,36.87,1
GM,Crossover,NMC,FWD,893.0,295213.0,9.09,44.26,0.03294,0.8002,79.7,63.9,110.0,2017.0,70.11,50.56,1
Hyundai,Hatchback,NMC,FWD,109.0,44838.0,1.8,4.18,0.01335,0.4004,51.3,25.7,,,47.23,40.62,0
Volvo,Crossover,NMC,RWD,568.0,,9.97,30.96,0.01964,0.6847,,26.8,73.5,2016.0,82.49,35.11,1
Hyundai,Crossover,NMC,RWD,214.0,87679.0,2.99,,0.00975,0.4632,42.5,28.7,95.0,2023.0,73.63,26.52,0
,Hatchback,LFP,AWD,718.0,162956.0,,8.26,0.02008,0.62,18.0,7.2,61.9,2017.0,38.82,37.4,0
Nissan,Van,LMO,AWD,592.0,265090.0,6.03,47.51,0.03543,0.9199,62.1,17.5,143.4,2020.0,89.31,37.79,1
Tesla,Hatchback,NCA,FWD,737.0,190599.0,6.23,46.05,0.03304,0.7097,73.6,,,2020.0,53.6,32.13,1
Mercedes,Sedan,NCA,FWD,309.0,91507.0,5.99,17.85,0.02011,0.4131,63.4,26.0,48.1,2020.0,56.18,46.19,0
Mercedes,Hatchback,NMC,FWD,1034.0,226789.0,9.74,42.24,0.02808,0.7465,77.9,26.7,74.7,2016.0,41.08,30.3,1
Mercedes,Truck,NMC,AWD,743.0,379596.0,10.85,42.13,0.03658,0.801,72.2,70.6,116.8,2015.0,,33.01,1
Volvo,Crossover,NMC,FWD,957.0,288159.0,10.96,39.04,0.03425,0.7228,73.9,24.1,88.1,2015.0,63.17,26.5,1
BYD,SUV,LFP,FWD,306.0,164501.0,6.08,14.41,0.01825,0.8832,49.6,70.9,93.4,2020.0,91.03,37.14,0
BMW,Sedan,NCA,FWD,808.0,249270.0,8.93,51.99,0.03027,0.8426,84.6,71.0,93.7,2017.0,62.11,31.02,1
Nissan,Hatchback,LMO,AWD,360.0,70268.0,8.98,34.46,0.03464,,59.9,0.0,29.5,2017.0,37.45,33.19,1
Audi,Hatchback,NMC,FWD,932.0,167525.0,6.85,39.18,0.03094,0.7971,76.4,27.3,85.4,2019.0,35.93,19.3,0
Ford,Crossover,NMC,AWD,655.0,270997.0,8.91,29.56,0.03257,0.6108,64.1,60.6,102.7,2017.0,76.8,63.39,1
Rivian,Hatchback,NMC,FWD,584.0,166052.0,6.28,30.53,0.02414,0.679,84.4,54.2,87.5,2020.0,63.87,37.02,1
Tesla,SUV,NCA,FWD,524.0,214841.0,6.91,29.53,0.02109,0.4619,73.3,17.7,99.4,2019.0,77.95,21.55,0
Kia,Hatchback,NMC,FWD,917.0,167945.0,11.07,42.9,0.03279,0.7706,62.5,26.9,49.4,2015.0,35.48,41.02,1
Tata,Crossover,NMC,AWD,72.0,19384.0,8.13,4.96,,0.4488,45.1,47.3,,2018.0,89.81,38.59,0
Renault,SUV,NMC,AWD,1096.0,450000.0,10.87,43.48,0.03163,0.7186,66.6,60.4,141.3,2015.0,87.85,46.98,1
BYD,Hatchback,NMC,FWD,942.0,164603.0,8.91,34.97,0.02981,0.7245,61.9,15.4,58.4,2017.0,34.58,33.04,0
Tesla,SUV,NCA,FWD,447.0,191051.0,11.21,35.54,0.03305,0.7209,86.5,,55.9,2015.0,95.09,38.39,1
Renault,Sedan,LMO,RWD,743.0,240913.0,11.12,51.54,0.03792,0.8863,64.0,19.8,71.9,2015.0,68.18,44.25,1
Hyundai,Crossover,,FWD,528.0,197840.0,7.89,23.81,0.03029,0.5666,52.0,16.8,83.8,2018.0,67.44,25.72,1
Lucid,Hatchback,NCA,RWD,838.0,198461.0,7.79,45.98,0.03758,0.6783,75.3,41.0,81.4,2018.0,45.98,33.15,1
,SUV,NMC,FWD,385.0,168112.0,8.93,,0.02824,0.6487,67.4,41.6,68.8,2017.0,97.59,40.39,1
Volkswagen,,NMC,FWD,,329066.0,11.13,57.88,0.03925,0.9522,81.2,93.6,95.8,2015.0,46.28,,1
Ford,Hatchback,NMC,RWD,,223514.0,11.04,,0.0313,0.8008,65.9,23.7,68.4,2015.0,42.58,47.75,1
Tesla,SUV,,RWD,247.0,88108.0,6.12,18.39,,0.4786,61.7,29.0,40.2,2020.0,78.25,35.55,0
Volkswagen,SUV,NMC,FWD,334.0,134791.0,6.94,20.96,0.02697,0.523,54.3,50.9,64.3,2019.0,,42.2,1
Audi,SUV,NMC,RWD,,500.0,8.28,0.2,0.00419,0.3109,45.7,18.4,3.0,2018.0,86.45,22.74,0
Tesla,Sedan,NMC,RWD,857.0,290529.0,7.45,39.25,0.02955,0.7071,72.9,64.9,128.1,2019.0,65.23,60.97,1
Renault,Sedan,NMC,RWD,370.0,127796.0,4.21,23.45,0.01612,0.5821,60.3,82.3,101.3,2022.0,64.34,50.29,1
Rivian,,NCA,AWD,211.0,52037.0,1.96,16.74,0.01653,0.5306,61.9,50.2,102.3,2024.0,,35.28,0
Toyota,Hatchback,NMC,FWD,8.0,730.0,2.24,0.2,0.00911,0.3529,45.3,42.8,3.0,2024.0,48.96,28.51,0
Tesla,Truck,NCA,FWD,499.0,312308.0,8.96,34.19,0.02701,0.5754,80.6,21.6,118.4,2017.0,129.28,39.02,1
BYD,Hatchback,LFP,AWD,1341.0,265664.0,11.02,19.49,0.02422,0.8302,,34.1,84.6,2015.0,41.36,52.3,0
Toyota,Hatchback,NMC,AWD,261.0,60219.0,8.01,11.14,0.01801,0.4869,,27.5,29.9,2018.0,43.13,39.85,0
Toyota,Crossover,,FWD,828.0,279437.0,8.93,33.15,0.03247,0.6501,55.3,26.4,100.1,2017.0,64.41,25.62,1
Tesla,Hatchback,NCA,AWD,936.0,192098.0,7.11,50.53,0.03679,0.6999,81.5,52.5,85.9,2019.0,,41.28,1
BYD,Hatchback,LFP,FWD,64.0,36416.0,1.93,0.2,0.01402,0.5903,10.3,0.0,65.1,2024.0,41.42,39.67,0
Mercedes,SUV,NMC,FWD,656.0,312469.0,8.01,33.87,0.02632,0.6752,60.8,53.1,125.1,2018.0,87.77,31.66,1
Nissan,Crossover,NMC,AWD,36.0,41331.0,1.99,0.2,0.01004,0.4139,44.9,30.0,67.1,2024.0,77.33,46.07,0
Kia,Crossover,,AWD,134.0,43563.0,9.75,5.72,0.0239,0.4078,46.1,2.4,16.2,2016.0,66.33,15.69,0
Honda,SUV,NMC,RWD,19.0,500.0,1.99,0.2,0.01017,0.3947,44.9,2.6,3.0,2024.0,78.09,28.79,0
Nissan,Sedan,LMO,FWD,297.0,119305.0,9.31,36.04,0.02973,0.8293,70.9,70.1,45.3,2017.0,67.95,45.32,1
Ford,SUV,LFP,RWD,304.0,185207.0,8.16,1.1,0.00892,0.6164,13.3,0.0,79.3,2018.0,86.7,25.29,0
Renault,Hatchback,NMC,FWD,637.0,178888.0,11.1,36.91,0.03088,0.8045,73.8,77.9,52.3,2015.0,55.34,38.09,1
Tesla,SUV,NCA,FWD,354.0,169444.0,5.06,29.19,0.02723,0.6461,79.2,63.3,106.6,2021.0,85.51,22.4,1
Tata,SUV,LFP,FWD,166.0,61810.0,4.99,0.2,0.01252,0.6031,26.3,7.7,42.4,2021.0,96.71,13.85,0
Mahindra,Sedan,NMC,AWD,842.0,199109.0,8.8,36.15,0.02819,0.7108,60.0,21.7,73.0,2017.0,49.59,42.67,1
Tesla,Hatchback,NMC,FWD,471.0,108453.0,5.13,21.33,0.02548,0.5323,58.4,36.7,61.7,2021.0,45.18,51.53,0
Tesla,Hatchback,NCA,RWD,1479.0,289185.0,7.09,59.07,0.04128,0.7927,92.6,42.4,133.1,2019.0,39.16,55.15,1
Nissan,SUV,LMO,RWD,566.0,271392.0,10.01,52.36,0.04248,0.9218,55.3,14.3,87.9,2016.0,96.0,31.29,1
Tesla,Sedan,NCA,FWD,669.0,233243.0,8.97,38.25,0.03777,0.6584,79.8,40.7,84.6,2017.0,72.22,53.26,1
Tesla,SUV,NMC,AWD,686.0,293763.0,10.08,,0.0295,0.10386,58.8,33.2,100.2,2016.0,89.07,34.47,1
GM,Van,NMC,FWD,345.0,140104.0,11.14,15.7,0.02669,,52.9,33.0,43.3,2015.0,93.76,45.58,0
Toyota,Hatchback,LFP,RWD,232.0,42200.0,6.93,2.14,0.01126,0.6058,35.5,61.3,22.5,2019.0,41.59,51.2,0
Nissan,SUV,LMO,FWD,448.0,192444.0,8.77,40.31,0.03646,0.7977,61.6,31.4,69.0,2017.0,85.84,44.56,0
BMW,Hatchback,NMC,FWD,775.0,136740.0,9.07,40.27,0.03279,0.7374,71.3,60.4,46.5,2017.0,37.6,48.74,1
Rivian,Truck,NCA,RWD,546.0,309351.0,9.06,35.78,0.02666,,82.0,,115.0,2017.0,113.55,44.88,1
Volvo,SUV,NMC,FWD,575.0,234224.0,11.15,26.72,0.02622,0.5883,71.2,80.7,70.4,2015.0,79.51,66.73,1
BYD,SUV,LFP,AWD,76.0,,4.08,3.77,0.01094,0.6332,23.7,38.0,25.6,2022.0,88.49,27.34,0
Volkswagen,,,RWD,1.0,19261.0,5.89,4.14,,0.6046,19.1,77.9,17.5,,61.47,52.09,0
Tesla,Sedan,NMC,FWD,513.0,152288.0,8.29,31.72,0.01723,0.7355,80.1,50.8,58.2,2018.0,59.03,41.03,1
Rivian,Crossover,NMC,RWD,1365.0,372485.0,8.98,49.42,0.03875,0.7629,66.2,63.1,139.4,2017.0,55.62,38.78,1
Hyundai,Sedan,NMC,AWD,199.0,64103.0,9.87,9.7,0.02186,0.4032,49.8,12.3,17.2,2016.0,63.83,39.33,0
MG,Crossover,NMC,AWD,1.0,24992.0,7.01,0.2,0.01401,0.3481,49.6,58.7,3.0,2019.0,81.48,49.54,0
Hyundai,Crossover,NMC,FWD,162.0,51722.0,3.81,7.06,0.01404,0.4442,59.8,12.9,48.2,2022.0,62.41,30.82,0
BYD,Sedan,LFP,RWD,118.0,35322.0,3.79,0.2,0.00887,0.6207,10.8,27.0,31.8,2022.0,58.99,43.31,0
BMW,Crossover,NMC,FWD,1040.0,361208.0,8.74,42.42,0.03792,0.7411,60.4,50.3,134.6,2017.0,73.5,48.68,1
Volvo,SUV,LFP,AWD,511.0,241941.0,6.86,8.62,0.01511,0.6694,32.4,45.1,124.1,2019.0,98.41,46.85,0
Mercedes,SUV,NMC,FWD,319.0,167988.0,10.02,13.98,0.02161,0.465,50.7,20.0,51.5,2016.0,94.84,50.04,0
Ford,Van,NMC,AWD,435.0,175410.0,9.07,24.33,0.02427,0.6698,78.6,43.0,66.5,2017.0,90.78,40.04,1
Hyundai,Sedan,NMC,FWD,518.0,227018.0,9.21,29.39,,0.6573,61.4,58.5,81.0,2017.0,75.71,34.56,1
Nissan,SUV,LMO,FWD,192.0,84851.0,2.1,28.63,0.02028,0.7329,63.5,74.8,101.6,,82.97,38.99,1
Volkswagen,Van,NMC,AWD,552.0,178754.0,11.1,30.77,0.03916,0.7025,83.7,23.2,55.9,,63.7,40.69,1
Tesla,Sedan,NMC,AWD,404.0,126681.0,3.93,32.04,0.02372,0.7887,65.0,100.0,107.4,2022.0,61.99,43.72,1
Mercedes,Hatchback,NMC,RWD,59.0,500.0,1.72,0.2,0.00539,0.3838,39.8,28.5,13.0,2024.0,49.24,41.64,0
Ford,Sedan,LFP,AWD,,199875.0,8.91,20.27,0.01853,0.9007,37.8,100.0,73.8,2017.0,71.47,71.14,1
Mahindra,Van,NMC,RWD,476.0,168367.0,,21.69,0.02561,0.5816,60.4,16.7,58.8,2017.0,75.04,28.53,0
Mahindra,Crossover,NMC,FWD,468.0,185342.0,5.15,28.43,0.03077,0.6872,62.5,46.6,128.6,2021.0,87.09,22.44,1
Kia,Hatchback,LFP,RWD,148.0,63684.0,5.25,0.49,0.01447,0.5891,19.0,16.4,40.6,2021.0,38.09,42.56,0
Nissan,Hatchback,NMC,AWD,229.0,80323.0,6.86,11.59,0.01649,0.4605,56.2,26.6,40.4,2019.0,50.03,29.54,0
Kia,Van,NMC,RWD,28.0,4468.0,4.97,0.2,0.01178,0.4198,51.1,26.0,4.7,2021.0,81.62,44.65,0
BMW,Crossover,NMC,FWD,838.0,322383.0,7.84,37.14,0.02794,0.6868,83.3,66.5,137.7,2018.0,73.14,37.93,1
Volkswagen,SUV,NMC,RWD,554.0,222590.0,7.2,35.0,0.02746,0.7802,78.3,58.7,111.1,2019.0,87.59,19.23,1
Nissan,SUV,NMC,RWD,108.0,41922.0,5.19,6.47,,0.4154,50.7,26.0,,2021.0,89.87,38.29,0
Lucid,Hatchback,NCA,RWD,678.0,175338.0,4.08,50.85,0.03172,0.8426,94.5,100.0,143.4,2022.0,49.66,45.64,1
Tesla,Hatchback,NCA,FWD,623.0,161689.0,11.03,44.27,0.03307,0.7099,90.8,75.9,47.0,2015.0,48.41,33.13,1
BYD,Sedan,,AWD,503.0,193681.0,8.09,15.2,,,,63.8,85.2,2018.0,61.0,43.77,0
Nissan,Hatchback,NMC,FWD,1493.0,450000.0,11.12,53.85,0.03112,0.8862,,52.3,191.6,2015.0,61.42,42.3,1
Tesla,,NMC,FWD,386.0,187085.0,,15.17,0.02003,0.4861,39.0,0.0,56.5,2015.0,93.08,13.21,0
BYD,Crossover,LFP,FWD,1320.0,401927.0,11.04,17.88,0.03464,0.7688,39.7,52.4,119.9,2015.0,,,1
Tesla,Hatchback,NCA,FWD,930.0,166657.0,5.11,49.29,0.03308,0.111735,92.9,49.4,100.9,2021.0,36.28,30.3,1
Mercedes,Sedan,NMC,FWD,321.0,95751.0,8.15,15.29,0.01901,,56.6,0.0,42.5,,62.18,7.44,0
Kia,Sedan,LFP,AWD,694.0,196426.0,11.04,13.89,0.0192,0.7494,28.8,47.6,60.5,2015.0,69.96,30.94,0
Renault,SUV,LMO,FWD,404.0,191545.0,9.98,37.91,0.0304,0.8108,59.6,33.5,63.4,2016.0,94.88,43.19,1
MG,Hatchback,LFP,AWD,574.0,148654.0,7.02,12.84,0.02219,0.8054,41.1,13.2,69.2,2019.0,54.5,10.88,0
Nissan,Sedan,NMC,RWD,1073.0,298320.0,11.11,41.38,0.04036,0.7104,67.9,38.7,87.0,2015.0,61.01,45.78,1
Volkswagen,Hatchback,NMC,FWD,705.0,222168.0,10.88,36.01,0.03958,0.6998,70.7,53.6,65.9,2015.0,54.8,52.12,1
Tata,Van,LFP,AWD,180.0,81824.0,4.08,0.24,0.00445,0.546,20.5,41.0,73.5,2022.0,102.4,51.56,0
Ford,Sedan,LFP,RWD,154.0,,9.05,,0.01036,0.6025,31.7,53.2,32.0,2017.0,70.48,41.85,0
Tata,,LFP,FWD,230.0,160793.0,7.03,6.75,0.01624,0.5882,21.6,27.8,68.7,2019.0,94.15,40.74,0
Toyota,Sedan,,FWD,555.0,164315.0,6.65,27.71,0.03277,,59.0,36.0,83.1,2019.0,55.66,42.63,1
Renault,Crossover,NMC,RWD,552.0,180710.0,10.8,,0.03349,,60.9,53.4,53.6,2015.0,69.51,45.08,1
Rivian,SUV,NMC,AWD,357.0,210557.0,7.94,17.68,0.02104,0.5008,54.5,19.3,87.7,2018.0,107.28,30.5,0
Ford,Van,,AWD,520.0,215683.0,8.93,30.42,0.02553,0.658,68.5,53.5,83.1,2017.0,75.4,40.97,1
Hyundai,Sedan,NMC,FWD,616.0,243945.0,8.03,37.93,,0.7546,81.9,87.3,104.1,2018.0,76.15,37.57,1
Ford,SUV,LFP,FWD,55.0,62459.0,,0.2,0.001,0.5913,16.2,11.7,75.7,2023.0,89.09,18.08,0
Tesla,Sedan,NCA,FWD,765.0,221033.0,8.71,43.22,0.02455,0.7128,95.4,35.7,86.5,2017.0,60.92,45.67,1
Renault,Van,NMC,AWD,1010.0,420366.0,11.01,,0.03094,0.7768,,30.6,131.9,2015.0,81.67,16.26,1
Mercedes,Sedan,NMC,AWD,123.0,23031.0,3.02,3.25,,0.4488,59.1,37.8,,2023.0,67.81,47.79,0
Renault,SUV,LMO,FWD,799.0,338111.0,10.84,54.84,0.04574,0.8843,63.2,54.0,102.7,2015.0,85.84,58.94,1
BMW,SUV,NMC,AWD,203.0,93957.0,2.9,,0.01653,0.6793,78.5,100.0,113.1,2023.0,84.5,33.53,1
Tata,Van,LFP,FWD,167.0,39411.0,2.92,6.15,0.01577,0.6015,30.2,49.0,21.1,2023.0,90.53,45.83,0
Tata,Hatchback,LTO,AWD,768.0,128301.0,5.63,0.2,0.01656,0.2274,4.9,17.0,76.4,2020.0,59.79,33.67,0
Tesla,SUV,NMC,RWD,89.0,46358.0,6.98,5.04,,0.4642,50.8,25.9,18.3,2019.0,91.23,31.76,0
Volkswagen,SUV,NMC,FWD,134.0,38337.0,3.14,4.62,,0.4237,53.5,39.2,35.4,2023.0,82.26,68.51,0
BMW,Sedan,NMC,RWD,555.0,202222.0,6.89,29.48,0.03325,0.6766,67.2,84.9,100.7,2019.0,64.59,54.99,0
Lucid,Sedan,NMC,AWD,1.0,992.0,2.73,0.2,0.0104,0.3803,37.7,0.0,10.7,2023.0,64.49,19.57,0
Volkswagen,SUV,NMC,FWD,351.0,108375.0,7.83,19.91,0.02251,,61.3,77.1,46.0,2018.0,96.91,55.32,1
Renault,Sedan,LMO,FWD,555.0,168359.0,6.01,51.12,0.03645,0.9361,77.2,50.9,97.2,2020.0,62.56,22.61,1
Audi,SUV,NCA,FWD,,18170.0,1.93,1.48,0.00945,0.3426,54.6,23.5,39.8,2024.0,69.36,36.62,0
Tesla,Sedan,NMC,AWD,883.0,353039.0,10.04,42.19,0.0384,0.7493,61.3,62.4,118.4,2016.0,76.9,43.44,1
BMW,Crossover,NMC,FWD,717.0,253239.0,6.89,37.43,0.02891,0.7216,73.1,70.8,120.8,2019.0,74.45,63.87,1
Mahindra,Hatchback,NMC,,1474.0,333259.0,8.89,49.03,0.03749,0.8005,65.7,33.1,123.2,2017.0,44.03,30.22,1
BYD,Van,LFP,RWD,1082.0,450000.0,10.71,21.95,0.02832,0.8584,40.2,60.3,150.2,2015.0,81.77,34.88,1
GM,SUV,NMC,RWD,764.0,220482.0,11.09,37.04,0.0311,0.7235,72.1,39.2,68.4,2015.0,67.56,36.6,1
BYD,SUV,NMC,FWD,551.0,199679.0,10.05,32.08,0.03063,0.7023,68.2,45.3,65.2,2016.0,81.31,23.97,1
BYD,Sedan,LFP,FWD,253.0,55589.0,7.03,,0.01551,0.6667,33.9,36.1,23.9,2019.0,65.12,30.51,0
BYD,Crossover,LFP,FWD,1.0,6715.0,9.11,7.19,0.02753,0.766,41.0,100.0,3.0,2017.0,80.05,59.64,0
BMW,Sedan,NMC,FWD,1244.0,348019.0,10.8,51.25,0.03816,0.8994,83.1,92.1,104.9,2015.0,56.57,48.37,1
Tesla,SUV,NCA,FWD,820.0,352102.0,10.1,44.08,0.0419,0.7163,,66.0,115.9,2016.0,87.82,59.43,1
,Sedan,NMC,RWD,803.0,288569.0,9.21,39.66,0.03049,0.7187,63.7,89.0,105.5,2017.0,67.32,67.74,1
Renault,Sedan,NMC,AWD,491.0,177034.0,,21.11,0.02765,0.5567,69.3,10.4,61.2,2016.0,74.73,43.26,1
Hyundai,Crossover,NMC,FWD,632.0,213833.0,10.83,31.24,0.03627,0.7401,80.0,47.5,65.9,2015.0,69.36,,1
Tesla,Sedan,NCA,AWD,932.0,352353.0,10.99,50.92,0.04,0.7725,96.0,69.8,106.3,2015.0,73.93,37.58,1
Toyota,Crossover,LFP,FWD,840.0,388589.0,11.07,13.38,0.03005,0.7039,32.0,42.6,122.9,2015.0,88.11,36.04,1
Volvo,Hatchback,,FWD,845.0,,9.11,40.39,0.03193,0.7324,66.9,25.4,68.1,2017.0,41.58,30.23,1
BYD,Truck,LFP,RWD,582.0,246092.0,10.1,20.77,0.02382,,43.3,100.0,81.2,2016.0,107.61,54.89,1
Volvo,Hatchback,NMC,FWD,570.0,106200.0,8.03,25.35,0.02306,0.6344,54.2,30.4,43.4,2018.0,41.47,41.91,0
GM,Crossover,NMC,RWD,1002.0,347199.0,9.01,45.31,0.03019,0.7455,65.9,66.4,132.9,2017.0,,45.21,1
Volkswagen,SUV,NMC,FWD,267.0,95792.0,10.09,18.01,0.02159,0.5542,60.6,46.6,30.2,2016.0,90.34,43.06,0
Kia,Hatchback,NMC,FWD,1378.0,305561.0,10.85,53.42,0.04686,0.8061,67.8,64.1,91.7,2015.0,44.98,49.29,1
GM,Crossover,NMC,FWD,411.0,111076.0,10.18,18.04,0.02072,0.5383,63.2,24.6,38.1,2016.0,65.42,47.7,1
Mahindra,Sedan,LFP,FWD,575.0,269628.0,11.1,8.19,0.02191,0.6685,26.5,22.6,81.3,2015.0,82.78,,0
Honda,Sedan,NMC,FWD,848.0,351581.0,8.84,40.81,0.03719,0.7511,66.8,41.6,133.4,,78.95,58.99,1
,Crossover,LFP,AWD,790.0,294290.0,7.05,27.41,0.03073,1.1255,53.0,100.0,136.9,2019.0,70.07,51.82,1
Ford,,,AWD,,292712.0,10.89,48.84,0.03737,0.812,62.9,47.4,89.1,2015.0,49.27,49.8,1
Lucid,Hatchback,NCA,RWD,812.0,207428.0,10.77,44.62,0.03646,0.6457,75.8,36.3,64.0,2015.0,52.3,28.02,1
Renault,Hatchback,NMC,FWD,1251.0,355758.0,9.2,,0.03903,0.8215,68.0,42.1,130.5,2017.0,53.94,31.02,1
Volkswagen,Sedan,NMC,,1289.0,366759.0,9.01,50.96,0.03902,0.8012,69.2,58.0,135.6,2017.0,57.06,,1
Renault,Sedan,NMC,AWD,993.0,227302.0,8.89,40.47,0.03478,0.829,75.5,65.9,84.7,2017.0,49.31,39.79,1
Toyota,Truck,LFP,RWD,170.0,51543.0,6.1,1.25,,0.5556,21.2,19.3,22.6,2020.0,124.54,35.92,0
Lucid,Hatchback,NMC,RWD,238.0,58056.0,3.71,,0.01799,0.4318,57.3,39.9,50.8,2022.0,58.55,38.77,0
BYD,SUV,LFP,FWD,1102.0,450000.0,10.7,18.1,0.0212,0.7378,27.8,49.7,147.8,2015.0,86.1,,0
,Truck,NMC,RWD,,194904.0,10.82,23.65,0.02954,0.5645,67.3,53.2,60.4,2015.0,111.18,26.22,1
Nissan,Crossover,NMC,RWD,708.0,244315.0,7.0,40.54,0.03882,0.7277,74.5,50.9,112.5,2019.0,72.49,36.26,1
Tata,Crossover,LTO,FWD,529.0,111313.0,2.94,2.96,0.01306,0.2348,8.4,26.5,126.8,2023.0,63.3,32.1,0
GM,Sedan,NMC,FWD,883.0,248495.0,8.97,49.69,0.03148,0.9801,85.4,61.2,89.1,2017.0,59.4,21.17,1
,SUV,LMO,RWD,433.0,212067.0,5.96,44.81,0.03386,0.8337,,41.7,126.7,2020.0,97.79,32.29,1
Kia,Truck,NMC,RWD,508.0,320837.0,10.89,,0.02959,0.6311,58.2,49.2,97.5,2015.0,125.43,27.69,0
Mercedes,Sedan,NMC,RWD,1185.0,283452.0,10.77,50.87,0.03721,0.7368,,29.7,92.3,2015.0,49.4,31.63,1
Volkswagen,Hatchback,NMC,FWD,22.0,500.0,4.24,0.2,0.01176,,48.3,25.9,3.1,2022.0,55.08,37.24,0
Volkswagen,Sedan,NMC,AWD,734.0,209618.0,,31.55,0.03398,0.636,61.9,53.5,86.7,2018.0,61.53,43.75,1
Tesla,Sedan,NMC,FWD,1098.0,286480.0,8.04,44.57,0.03444,0.7985,81.2,47.7,119.1,2018.0,52.29,44.33,1
Kia,Crossover,NMC,RWD,484.0,167538.0,5.95,27.24,0.02444,0.6194,62.6,66.5,87.2,2020.0,70.65,49.53,1
BMW,Hatchback,NCA,RWD,970.0,264698.0,11.09,46.31,0.03352,0.6662,80.3,38.2,82.0,2015.0,53.27,42.37,1
Tesla,Crossover,NMC,FWD,214.0,60152.0,11.05,24.7,0.0281,0.7026,80.3,100.0,19.3,2015.0,64.39,42.33,1
Volkswagen,Crossover,,AWD,455.0,153757.0,5.38,27.09,0.02597,0.6262,71.1,73.4,105.4,2021.0,67.99,50.97,0
Tesla,SUV,NMC,FWD,52.0,500.0,6.91,2.07,0.01228,0.3661,49.5,20.6,3.0,2019.0,,28.0,0
Tesla,Crossover,NCA,FWD,760.0,274606.0,7.0,50.03,0.03474,0.6673,80.5,41.4,132.5,2019.0,68.75,23.61,1
Honda,Hatchback,NMC,AWD,1184.0,215453.0,,44.69,0.03255,0.7905,77.1,36.0,75.9,2017.0,35.51,34.29,1
GM,Sedan,NMC,FWD,444.0,133213.0,6.14,25.04,0.02542,,64.3,31.4,69.8,2020.0,67.04,25.15,0
Volkswagen,SUV,LFP,AWD,199.0,106412.0,6.2,3.47,0.01237,0.5556,19.0,63.4,57.8,,84.67,57.19,0
Toyota,Crossover,NMC,FWD,173.0,35485.0,8.99,16.74,0.02236,0.5501,65.6,45.3,17.3,2017.0,53.03,37.24,0
Volvo,Hatchback,NMC,FWD,658.0,164948.0,7.93,32.73,0.03129,0.7067,78.9,32.6,71.2,2018.0,47.92,38.82,1
Tata,SUV,LFP,RWD,82.0,76921.0,10.99,0.2,0.00693,0.5446,25.7,3.2,25.0,2015.0,81.76,45.43,0
Tata,Hatchback,LFP,FWD,1710.0,450000.0,9.87,24.08,0.01907,0.8255,28.6,61.6,,2016.0,50.99,48.78,1
Tesla,Crossover,NMC,AWD,490.0,168311.0,9.12,27.22,0.02715,0.6414,73.6,62.3,57.3,2017.0,69.09,51.9,1
Volkswagen,,NMC,AWD,133.0,55724.0,6.11,7.36,0.01549,0.4521,48.6,13.5,35.4,2020.0,91.52,25.75,0
Hyundai,SUV,NMC,AWD,367.0,219659.0,8.94,26.51,0.02185,0.7226,66.7,91.1,80.0,2017.0,112.33,42.9,1
MG,SUV,LFP,RWD,730.0,324713.0,9.68,10.84,0.01431,0.7634,33.7,52.0,109.7,2016.0,86.11,46.58,0
Nissan,SUV,NMC,FWD,40.0,34431.0,2.2,1.54,0.00778,0.3963,45.4,8.3,61.5,2024.0,92.41,25.32,0
Hyundai,Crossover,LFP,AWD,837.0,259234.0,9.1,14.44,0.02483,0.6839,31.7,40.9,96.8,2017.0,69.89,38.22,0
Renault,Crossover,LMO,RWD,760.0,246739.0,8.92,56.53,0.03758,0.9807,63.0,,94.2,2017.0,66.93,41.44,1
Renault,SUV,NMC,FWD,266.0,93090.0,7.14,14.23,0.01974,0.5031,55.0,17.1,44.6,2019.0,87.65,36.76,0
Toyota,Sedan,LFP,RWD,274.0,86052.0,10.04,5.12,0.01705,,27.8,42.3,26.5,2016.0,50.1,49.57,0
Rivian,SUV,NCA,FWD,584.0,,9.84,36.17,0.03193,0.6283,79.0,68.3,95.1,2016.0,87.96,50.37,1
Tesla,SUV,NMC,RWD,470.0,270384.0,10.32,28.33,0.0321,0.6682,59.7,34.7,89.0,2016.0,104.46,39.43,0
Toyota,SUV,NMC,AWD,68.0,64922.0,5.15,1.5,0.00487,0.4204,45.8,0.2,41.9,2021.0,84.33,32.55,0
Tesla,SUV,,FWD,318.0,138072.0,6.7,32.21,0.0287,0.6438,79.2,72.8,71.5,2019.0,94.56,14.99,1
BMW,Hatchback,NMC,AWD,758.0,137348.0,7.98,,0.03166,0.7525,80.6,48.7,57.9,2018.0,35.56,39.33,1
Hyundai,Van,NMC,AWD,182.0,87025.0,2.94,10.96,0.01726,0.4089,49.6,37.0,106.7,2023.0,74.4,36.42,0
Kia,Crossover,NMC,FWD,1015.0,331232.0,8.07,53.93,0.03934,0.9424,84.3,100.0,138.0,2018.0,65.66,50.15,1
Mercedes,Sedan,NMC,FWD,165.0,37603.0,3.03,8.17,0.00988,0.4223,49.6,27.9,34.0,2023.0,66.53,41.97,0
MG,Crossover,NMC,FWD,636.0,328206.0,10.93,28.79,0.02123,0.6018,60.9,47.4,99.0,2015.0,,39.73,1
Hyundai,Hatchback,NMC,RWD,736.0,194896.0,5.99,40.86,0.03154,0.7832,75.8,51.8,102.4,2020.0,51.37,49.14,1
Nissan,Crossover,NMC,RWD,659.0,306179.0,10.95,30.43,0.02485,0.6604,67.8,64.0,92.9,2015.0,90.54,,1
Tata,Truck,LFP,FWD,100.0,66939.0,4.28,0.2,0.00391,0.5687,,0.0,50.6,2022.0,123.48,27.76,0
Kia,Crossover,NMC,AWD,189.0,70639.0,10.93,13.58,0.01701,0.5332,52.5,13.8,25.7,2015.0,75.21,29.94,0
Kia,Sedan,NMC,FWD,1566.0,398750.0,10.16,58.92,0.03799,0.859,79.1,56.4,134.9,2016.0,52.76,48.13,1
Mercedes,Hatchback,NCA,AWD,943.0,261143.0,8.93,43.79,0.03711,0.6224,71.7,9.0,98.6,,54.9,21.57,0
Tata,Crossover,LFP,FWD,640.0,251955.0,7.97,11.88,0.02827,0.6881,26.8,86.7,103.5,2018.0,81.57,57.66,1
,Truck,NMC,RWD,556.0,300368.0,9.07,35.2,0.02672,0.7701,60.6,66.4,109.6,2017.0,118.72,18.57,1
Volvo,SUV,NMC,AWD,449.0,233463.0,11.16,23.06,0.0226,0.6218,65.0,42.4,68.5,2015.0,95.92,49.16,1
Nissan,SUV,NMC,FWD,215.0,72436.0,3.87,12.23,,0.5271,49.6,37.0,65.3,2022.0,89.03,25.33,0
Ford,Hatchback,NMC,RWD,396.0,73082.0,5.16,21.89,0.02312,0.5692,73.4,59.6,44.1,2021.0,45.63,63.97,1
Lucid,Crossover,NMC,FWD,642.0,251626.0,10.88,33.24,0.02842,0.7666,78.7,93.4,78.6,2015.0,72.95,48.27,1
Volvo,Sedan,NMC,FWD,108.0,22138.0,7.05,1.09,0.00724,0.4122,,28.5,9.5,2019.0,68.46,38.67,0
Lucid,Van,NMC,AWD,952.0,450000.0,10.01,37.45,0.02522,0.7109,63.0,42.9,192.6,2016.0,94.43,38.36,1
BMW,SUV,NMC,RWD,924.0,343223.0,10.05,43.21,0.02695,0.8189,79.2,47.5,114.9,2016.0,77.99,29.42,1
Tesla,Sedan,NMC,FWD,857.0,269436.0,8.88,38.43,0.036,0.769,72.2,46.1,103.0,2017.0,63.17,28.67,1
Nissan,Hatchback,NMC,FWD,1262.0,295615.0,11.0,51.72,0.04162,0.8793,71.1,33.0,86.3,2015.0,46.89,47.26,1
MG,Crossover,NMC,AWD,341.0,96692.0,5.09,21.0,0.01738,0.5938,51.1,47.1,64.1,2021.0,67.98,61.66,0
Hyundai,SUV,NMC,AWD,316.0,111137.0,4.0,20.11,0.01602,0.5938,51.4,63.0,87.7,2022.0,88.06,43.07,0
Hyundai,Sedan,NMC,FWD,1443.0,410617.0,9.87,50.8,0.03723,0.8657,68.4,55.9,137.9,2016.0,58.46,41.74,1
Hyundai,Crossover,NMC,FWD,58.0,23991.0,7.84,1.77,0.01429,0.3322,43.3,38.8,13.9,2018.0,74.2,59.97,0
Honda,Sedan,NMC,RWD,168.0,,8.79,13.02,0.02441,0.5011,60.5,65.8,25.5,2017.0,69.0,46.52,1
Renault,Sedan,LMO,RWD,427.0,158733.0,8.1,43.74,0.03094,0.79,,,60.7,2018.0,72.53,29.53,1
Volkswagen,Hatchback,NMC,AWD,1137.0,258587.0,9.94,40.43,0.03209,0.727,57.5,0.0,84.4,2016.0,46.29,12.55,0
Audi,Hatchback,NMC,FWD,823.0,212670.0,7.02,38.09,0.02785,0.7204,61.5,45.8,98.6,2019.0,49.16,43.08,0
Nissan,Crossover,LMO,AWD,646.0,234482.0,11.38,51.84,0.0395,0.8914,64.5,50.8,68.7,2015.0,76.3,41.9,1
,Hatchback,NMC,FWD,611.0,193824.0,6.96,33.41,0.03161,0.6925,67.1,53.2,92.0,2019.0,,47.72,1
Volkswagen,SUV,NMC,AWD,920.0,411759.0,10.96,38.03,0.03418,0.6995,68.7,8.8,124.6,2015.0,90.9,20.09,1
Hyundai,Crossover,NMC,AWD,627.0,212404.0,4.83,30.9,0.02589,0.6346,60.9,41.9,153.0,2021.0,65.46,28.4,1
Volkswagen,Sedan,NMC,AWD,1292.0,425105.0,8.92,,0.03979,0.8022,75.3,55.6,158.6,2017.0,69.07,37.62,1
Mahindra,Hatchback,LFP,FWD,302.0,83003.0,3.18,2.61,0.01341,0.538,22.5,32.7,92.5,2023.0,49.32,47.96,0
Tesla,Hatchback,NCA,AWD,149.0,19676.0,1.92,10.39,0.01491,0.4153,62.9,49.2,31.1,,,60.19,0
GM,SUV,,AWD,595.0,239517.0,11.11,8.86,0.00951,0.6869,24.2,40.0,75.0,2015.0,92.3,28.39,0
,Hatchback,LFP,RWD,1792.0,236932.0,10.87,30.34,0.02785,0.9219,46.3,100.0,74.3,2015.0,27.9,50.96,1
Volkswagen,Sedan,NMC,RWD,130.0,57378.0,2.28,7.6,0.01093,0.43,52.2,37.2,,2024.0,83.49,31.13,0
BMW,Hatchback,NMC,AWD,820.0,216390.0,7.15,36.18,,,56.5,17.2,95.3,2019.0,50.94,32.96,0
GM,SUV,NMC,FWD,210.0,67607.0,1.92,10.71,0.00789,0.4886,63.7,64.6,122.0,2024.0,95.68,30.88,0
Hyundai,Hatchback,NMC,AWD,1875.0,380696.0,9.09,58.37,0.03784,0.9007,80.4,,137.4,2017.0,39.28,27.99,1
Ford,Hatchback,NMC,FWD,206.0,42950.0,4.12,9.1,0.012,0.5069,46.9,47.1,33.1,2022.0,42.8,59.97,0
Nissan,Sedan,NMC,FWD,1052.0,321222.0,10.01,41.91,0.0326,0.6843,68.5,34.5,105.3,2016.0,59.88,47.82,1
Tesla,Crossover,NMC,AWD,328.0,101300.0,6.94,21.4,0.02041,0.596,61.2,69.5,58.4,2019.0,65.26,61.17,1
GM,Hatchback,NMC,FWD,166.0,53718.0,2.18,8.69,0.01509,,47.4,53.7,88.1,2024.0,46.32,33.77,0
Mercedes,Crossover,NMC,FWD,199.0,50558.0,8.06,19.67,0.02228,0.7191,71.0,94.0,20.4,2018.0,63.04,31.39,1
Lucid,Hatchback,NMC,RWD,845.0,184839.0,6.9,37.94,0.0362,0.7375,72.7,54.4,89.6,2019.0,45.41,47.61,1
Tata,Sedan,NMC,FWD,565.0,162069.0,6.16,,0.02908,0.6633,66.8,35.7,89.1,2020.0,55.49,51.99,1
Honda,SUV,NMC,AWD,73.0,25163.0,5.16,3.25,0.01698,0.3734,57.2,38.3,14.8,2021.0,83.8,55.64,0
,Sedan,NCA,RWD,288.0,108352.0,4.97,17.24,0.01557,0.467,62.5,13.0,78.0,2021.0,70.1,43.16,0
Tesla,SUV,NMC,FWD,852.0,343925.0,9.9,45.73,0.0326,0.7984,76.1,99.6,113.8,2016.0,78.84,55.75,1
BYD,Truck,NMC,FWD,116.0,57694.0,2.79,6.94,0.0151,0.4779,50.6,42.7,63.7,2023.0,111.76,52.01,0
Honda,Crossover,NMC,FWD,236.0,91378.0,5.25,11.09,0.02241,0.4949,49.0,38.9,57.0,2021.0,74.52,49.81,0
BYD,SUV,LFP,FWD,137.0,49870.0,5.92,0.75,0.00644,0.5739,25.2,38.8,,2020.0,88.6,46.7,0
Volkswagen,SUV,LFP,RWD,559.0,318899.0,11.13,9.49,0.01786,0.6313,26.4,17.9,91.8,2015.0,99.42,31.58,0
Volkswagen,Sedan,NMC,RWD,306.0,80180.0,7.93,26.5,0.02595,0.7777,82.4,96.6,28.9,2018.0,63.18,37.87,1
Volkswagen,Crossover,NMC,FWD,20.0,29752.0,1.87,10.41,0.00782,0.082245,64.8,100.0,49.0,2024.0,69.27,50.08,0
Kia,Crossover,NMC,FWD,352.0,,6.96,24.75,0.02441,0.6707,64.6,87.2,68.9,2019.0,,54.14,1
Hyundai,Sedan,NMC,FWD,462.0,175798.0,5.85,24.39,0.02271,0.6028,52.9,32.8,102.5,2020.0,77.56,38.87,0
Volkswagen,Crossover,NMC,AWD,34.0,3627.0,3.09,1.15,0.008,0.3496,44.0,7.7,3.0,2023.0,72.13,22.95,0
BYD,Van,LFP,AWD,186.0,67725.0,5.96,8.16,0.01722,0.7723,27.0,86.2,35.7,2020.0,79.43,46.78,0
Audi,SUV,NMC,AWD,90.0,34166.0,1.66,7.92,0.01175,0.4452,54.9,,69.9,2024.0,99.72,38.47,0
Rivian,Hatchback,NCA,AWD,725.0,167252.0,10.82,40.06,0.03072,0.583,77.1,25.3,51.9,2015.0,44.77,37.36,1
Rivian,SUV,NCA,AWD,333.0,151939.0,9.1,25.67,0.03126,0.5448,68.9,53.1,,2017.0,102.55,43.87,1
Volkswagen,SUV,,AWD,122.0,31459.0,4.95,2.58,0.0116,0.3959,43.4,22.6,26.4,2021.0,87.15,31.75,0
Tesla,Sedan,NCA,FWD,721.0,,5.08,41.04,0.03221,0.6373,76.9,65.0,147.0,2021.0,57.34,63.12,1
Volvo,Hatchback,NMC,AWD,270.0,78235.0,3.68,11.06,0.01376,0.5045,53.0,3.4,69.0,2022.0,45.19,25.37,0
GM,Hatchback,LFP,RWD,84.0,17852.0,1.76,0.2,0.00514,0.5889,11.7,8.7,17.6,,,32.43,0
Renault,SUV,LMO,RWD,623.0,280134.0,8.28,51.05,0.03537,0.9093,64.2,47.9,106.6,2018.0,92.61,39.3,1
BYD,Crossover,NMC,FWD,454.0,154493.0,10.79,35.32,0.03009,0.7838,78.8,94.8,50.3,2015.0,60.49,44.91,1
Honda,Hatchback,LFP,FWD,1155.0,323872.0,10.12,,0.02202,0.8006,30.6,57.6,,2016.0,58.62,36.4,1
Audi,Crossover,NMC,AWD,1016.0,325163.0,10.99,40.6,0.03605,0.6875,68.6,48.9,,2015.0,64.12,34.69,1
Honda,Sedan,NMC,AWD,1103.0,343618.0,10.24,49.2,0.03876,0.8235,84.7,75.8,109.9,2016.0,64.5,43.34,1
Hyundai,SUV,NMC,FWD,38.0,33123.0,8.0,,0.02766,0.5591,63.6,76.6,23.8,2018.0,84.02,35.38,1
Tata,Sedan,NMC,AWD,1.0,10865.0,10.21,1.39,0.01525,0.3862,43.9,28.4,3.0,2016.0,58.11,38.49,0
Hyundai,SUV,NMC,RWD,304.0,106998.0,10.79,9.93,0.01911,0.4318,59.2,11.3,34.3,2015.0,88.39,41.42,0
Nissan,Hatchback,LMO,FWD,747.0,219383.0,8.95,55.36,0.04221,0.9466,68.6,60.9,84.4,2017.0,56.16,53.63,1
Volvo,SUV,LFP,FWD,240.0,106012.0,3.99,2.86,0.01339,0.655,25.9,57.1,95.1,2022.0,95.22,45.69,0
Kia,Sedan,NMC,FWD,,64748.0,2.89,7.52,0.01036,0.4647,50.4,21.9,76.4,2023.0,63.31,25.7,0
Hyundai,Crossover,NMC,RWD,674.0,263269.0,9.08,36.77,0.02844,,74.3,63.9,91.9,2017.0,77.62,33.32,1
BMW,Hatchback,NMC,RWD,1205.0,328340.0,11.17,46.42,0.039,0.8027,78.7,17.5,95.9,,51.8,14.0,1
Audi,SUV,NMC,FWD,343.0,155792.0,9.15,19.75,,0.5101,60.4,14.7,57.3,2017.0,96.65,19.72,1
Rivian,Sedan,NMC,AWD,392.0,110305.0,9.99,22.51,0.02649,0.5489,57.8,24.6,34.1,2016.0,56.97,45.33,1
BMW,Hatchback,NMC,RWD,672.0,168177.0,8.84,31.93,0.02432,0.6743,64.2,26.8,67.3,2017.0,47.77,21.02,0
Renault,Hatchback,NMC,FWD,967.0,243023.0,10.96,39.17,0.03495,0.7644,75.9,28.0,75.7,2015.0,48.63,39.5,1
Volvo,Sedan,NMC,FWD,1428.0,345117.0,8.06,57.25,0.04717,0.8327,80.0,65.1,140.3,2018.0,51.03,51.6,1
Volkswagen,SUV,NMC,RWD,,76746.0,11.08,7.18,0.01147,0.4943,,62.2,22.4,2015.0,89.3,59.28,0
MG,Hatchback,,AWD,1404.0,320927.0,8.88,53.04,0.0356,0.8448,68.5,73.7,115.3,2017.0,47.66,51.85,1
GM,Sedan,NMC,,355.0,117133.0,5.05,24.48,0.02085,0.5481,73.2,78.3,81.7,2021.0,68.02,58.4,1
Toyota,Truck,NMC,RWD,418.0,267889.0,8.09,28.83,0.02729,0.5903,58.4,,106.0,2018.0,119.91,38.59,1
Tesla,Hatchback,NMC,FWD,1169.0,231197.0,4.97,46.85,0.03215,0.8007,,45.4,154.9,2021.0,42.64,26.94,1
Volkswagen,,NMC,RWD,684.0,195808.0,8.39,31.45,0.032,0.6754,63.9,42.1,87.0,2018.0,53.37,30.07,1
Mahindra,Truck,NMC,FWD,45.0,45932.0,2.14,4.35,0.01042,0.4596,33.1,43.9,57.8,2024.0,,40.49,0
MG,SUV,LFP,FWD,93.0,67716.0,5.04,0.2,0.01665,0.5401,21.1,11.1,46.7,2021.0,87.77,33.37,0
Renault,Sedan,NMC,RWD,193.0,64797.0,9.03,11.74,0.01738,0.4842,61.5,53.9,20.1,2017.0,70.52,46.67,0
Tesla,SUV,NMC,FWD,,388615.0,8.99,40.95,0.03235,0.7019,68.1,53.4,138.5,2017.0,86.16,44.63,1
BMW,Sedan,NMC,RWD,,5284.0,4.93,0.2,0.00294,0.3584,41.2,16.0,5.8,2021.0,56.3,34.93,0
GM,Crossover,NMC,FWD,82.0,18365.0,5.01,2.99,0.00632,0.4304,46.4,0.0,14.0,2021.0,,15.9,0
BMW,Hatchback,NMC,RWD,927.0,,5.68,39.97,,0.745,64.7,58.1,118.0,2020.0,42.98,47.56,1
BYD,Van,LFP,FWD,357.0,156644.0,8.17,1.34,0.00922,0.5946,16.3,17.5,62.0,2018.0,82.93,31.24,0
Audi,SUV,NMC,FWD,216.0,82821.0,5.18,11.43,0.00951,0.496,54.8,43.6,51.2,2021.0,,62.87,0
BYD,Sedan,NMC,RWD,1355.0,390402.0,10.79,53.53,0.04291,0.929,85.9,62.5,119.8,2015.0,62.43,24.95,1
Volkswagen,SUV,NMC,RWD,328.0,168645.0,7.15,23.65,0.02602,0.5522,54.2,42.5,77.0,2019.0,92.68,33.65,1
Tesla,Crossover,NCA,AWD,341.0,170289.0,9.22,25.23,0.02442,0.5865,84.9,,61.8,2017.0,87.59,38.02,1
Mercedes,Hatchback,NMC,FWD,1147.0,193072.0,6.02,46.26,0.04069,0.7581,70.3,57.1,102.6,2020.0,34.41,53.24,1
Tesla,Sedan,NMC,AWD,658.0,209610.0,4.89,32.16,0.02248,0.656,65.5,75.3,143.4,2021.0,68.05,49.53,1
Rivian,Hatchback,NMC,FWD,538.0,192139.0,8.98,25.85,0.03389,0.5596,55.5,35.6,66.7,2017.0,70.43,6.59,1
Tesla,Crossover,,RWD,166.0,71718.0,2.99,8.03,0.00746,0.3757,67.5,26.1,72.0,2023.0,90.65,33.5,0
Volkswagen,Hatchback,NMC,,109.0,52480.0,1.97,10.42,0.00958,0.4701,50.1,52.2,79.4,2024.0,66.86,36.69,0
Tesla,SUV,NCA,AWD,104.0,36425.0,2.24,5.78,0.01055,0.3743,61.9,27.9,64.6,2024.0,80.47,37.07,0
Ford,SUV,NMC,AWD,194.0,78336.0,8.17,9.71,0.00753,0.4052,51.3,0.0,37.0,2018.0,85.59,21.85,0
Kia,SUV,LFP,FWD,370.0,99970.0,5.9,8.87,0.01934,0.6856,18.9,23.4,54.3,2020.0,93.52,42.74,0
Audi,Hatchback,NMC,FWD,,95685.0,,20.99,0.02602,0.6174,62.4,42.7,25.9,2015.0,53.87,34.61,1
BYD,Van,LFP,FWD,209.0,,,1.33,0.0134,0.5369,11.6,,26.4,2015.0,83.54,31.27,0
BYD,Hatchback,LFP,FWD,153.0,27958.0,,1.34,0.01041,0.5407,20.5,56.6,10.9,2017.0,52.71,57.15,0
Volkswagen,Crossover,LFP,AWD,1.0,500.0,2.04,0.2,0.00486,0.5829,13.0,41.6,19.0,2024.0,75.73,47.07,0
Tesla,Crossover,NMC,AWD,301.0,114888.0,5.0,,0.01463,0.5542,55.6,30.1,76.3,2021.0,71.47,45.02,0
Kia,Hatchback,LFP,FWD,971.0,272693.0,10.09,18.78,0.01888,0.8238,36.3,53.5,92.4,2016.0,56.18,37.65,1
Volkswagen,SUV,NMC,AWD,697.0,328939.0,8.13,37.51,0.03666,0.734,64.0,81.9,138.1,2018.0,100.62,53.89,1
Toyota,SUV,NMC,RWD,709.0,272752.0,11.07,33.59,0.034,0.65,58.4,55.6,80.6,2015.0,75.91,52.94,1
Tata,SUV,NMC,AWD,165.0,50441.0,5.05,19.1,0.01912,,72.5,93.6,33.8,2021.0,73.1,46.4,1
GM,Truck,LTO,FWD,1.0,25845.0,1.7,1.9,0.00808,0.2852,20.1,83.2,45.8,2024.0,116.56,75.45,0
Tesla,Crossover,NMC,FWD,266.0,64861.0,6.6,13.33,,0.4683,47.9,12.7,33.7,2019.0,64.03,39.74,0
Tesla,SUV,NCA,RWD,606.0,265849.0,9.67,36.64,,0.5756,67.5,44.5,90.5,2016.0,90.73,43.73,1
BMW,Sedan,NMC,FWD,567.0,194865.0,8.95,24.66,0.02433,,58.0,,71.7,2017.0,69.34,37.63,1
BYD,Hatchback,LFP,RWD,1097.0,264618.0,9.34,17.8,0.02109,0.7478,31.3,42.1,97.2,2017.0,48.97,39.39,0
Rivian,Crossover,,FWD,1081.0,438321.0,11.28,44.32,0.03662,0.7442,63.6,64.2,128.6,2015.0,77.95,51.6,1
Rivian,Hatchback,NCA,FWD,791.0,189519.0,9.24,42.51,0.03802,0.6686,73.6,67.6,72.6,2017.0,51.58,49.36,1
Volkswagen,Sedan,NMC,FWD,374.0,,5.14,28.13,0.02009,0.6908,78.4,88.6,87.3,2021.0,58.23,43.78,1
Tesla,Truck,NCA,AWD,14.0,24982.0,11.08,4.1,0.02614,0.3797,62.8,42.5,9.0,2015.0,125.83,41.31,1
BYD,Crossover,LFP,FWD,,64728.0,2.91,7.85,0.01026,0.704,31.9,32.3,79.7,2023.0,63.75,42.19,0
Kia,Sedan,NMC,AWD,513.0,130552.0,,28.38,0.02523,0.7299,72.4,60.5,58.0,2018.0,54.66,48.46,1
Lucid,Hatchback,NMC,AWD,1377.0,335695.0,10.94,52.31,0.03752,0.8006,67.3,61.4,101.5,2015.0,46.1,50.69,1
Volkswagen,SUV,NMC,RWD,667.0,322010.0,11.09,33.37,0.02799,0.6344,56.3,45.8,97.4,2015.0,90.51,48.66,1
Tesla,Hatchback,NMC,FWD,951.0,168752.0,11.01,43.53,0.02972,,72.3,50.2,50.2,2015.0,37.45,29.81,1
Kia,Truck,LFP,RWD,321.0,129287.0,5.19,0.2,0.01199,0.5853,22.7,45.9,83.8,2021.0,117.51,48.08,0
Tesla,Sedan,NCA,RWD,240.0,41829.0,9.12,21.66,0.02498,0.5513,72.2,68.0,19.7,2017.0,54.33,43.07,1
GM,Sedan,LFP,AWD,368.0,135937.0,5.07,,0.01826,0.672,21.9,34.3,80.2,2021.0,66.27,27.93,0
BMW,SUV,NMC,FWD,527.0,206902.0,5.06,25.85,0.02218,0.5806,53.1,68.6,135.1,2021.0,86.53,51.01,0
Tesla,Sedan,NMC,AWD,167.0,28605.0,2.88,9.77,0.01109,0.4421,,18.6,34.7,2023.0,49.6,35.34,0
Audi,Sedan,NMC,AWD,,80465.0,3.11,15.53,0.01584,0.5315,51.6,36.6,84.2,2023.0,72.4,38.82,0
Kia,Crossover,NMC,RWD,11.0,13250.0,10.09,4.28,0.01935,0.4258,56.3,31.7,3.0,2016.0,79.06,29.84,0
Toyota,Sedan,,FWD,481.0,152632.0,6.89,25.29,0.02116,,,26.5,69.5,2019.0,75.76,32.5,0
Tesla,Sedan,NCA,,22.0,11393.0,9.01,4.4,0.00853,0.4162,61.3,49.1,3.0,2017.0,56.33,43.99,0
Nissan,Sedan,LMO,RWD,123.0,57019.0,3.86,15.58,0.02125,0.6397,47.8,26.0,51.6,2022.0,78.59,38.92,0
Kia,Sedan,NMC,AWD,985.0,325391.0,,38.51,0.03802,0.6724,61.9,32.4,110.1,2016.0,64.22,36.71,1
Volkswagen,Hatchback,NMC,RWD,1324.0,294967.0,9.76,45.67,0.03368,,74.9,34.4,98.5,2016.0,46.4,30.21,1
GM,Sedan,NMC,FWD,,177770.0,11.23,27.72,0.03079,0.7087,80.0,74.6,55.4,2015.0,79.56,58.62,1
Tesla,SUV,NMC,RWD,120.0,44128.0,9.97,9.04,,0.4439,51.9,31.0,13.7,2016.0,80.64,44.42,0
Volkswagen,Sedan,NMC,FWD,201.0,45609.0,7.01,13.89,0.02308,0.5949,65.3,15.0,19.7,2019.0,65.66,19.3,0
BYD,Hatchback,NMC,RWD,578.0,172748.0,5.93,30.08,0.02886,0.6503,66.4,58.0,96.7,,61.55,63.72,1
Volkswagen,Hatchback,NMC,RWD,285.0,63051.0,11.01,24.83,0.02965,0.6789,72.4,82.3,20.1,2015.0,45.71,53.63,1
Toyota,Sedan,NMC,FWD,811.0,268960.0,9.27,40.44,0.03617,0.815,73.8,45.7,95.0,2017.0,67.58,30.81,1
Ford,Van,NMC,RWD,359.0,192154.0,,18.88,0.01493,0.514,58.4,37.7,61.0,2016.0,92.46,34.89,1
Tesla,Crossover,NMC,RWD,529.0,231107.0,9.07,35.82,0.03185,0.7451,89.3,82.4,78.3,2017.0,91.18,41.93,1
Tesla,Hatchback,,FWD,734.0,167866.0,10.2,43.5,0.03706,0.5897,75.0,71.7,54.3,2016.0,44.45,54.97,1
Tata,Hatchback,,AWD,64.0,7712.0,5.96,6.03,,0.4976,51.2,37.0,3.0,2020.0,55.63,,0
Volkswagen,Sedan,NMC,AWD,846.0,271452.0,8.26,40.61,0.03167,0.6715,59.2,41.5,105.8,2018.0,67.21,40.76,1
GM,Hatchback,NMC,FWD,546.0,142382.0,,27.56,0.02654,0.6136,64.3,28.8,54.8,2016.0,50.08,35.26,1
BMW,Sedan,NMC,RWD,515.0,182041.0,11.33,37.46,0.03121,0.7508,65.9,71.0,53.5,2015.0,68.67,40.73,1
BMW,SUV,NMC,FWD,20.0,14456.0,2.27,0.2,0.00723,0.3576,50.4,26.7,17.8,,92.42,47.73,0
Tesla,Hatchback,NCA,FWD,814.0,196000.0,6.87,45.52,0.03978,0.6553,84.0,78.5,94.0,2019.0,49.8,51.75,1
Nissan,Hatchback,,AWD,603.0,147559.0,8.89,29.08,0.04046,0.7003,75.2,24.0,54.0,2017.0,49.55,30.8,1
Rivian,Sedan,NCA,FWD,403.0,118890.0,6.1,21.55,0.01797,0.4758,65.8,11.0,74.6,2020.0,61.96,33.18,0
Renault,Hatchback,LMO,RWD,1174.0,280981.0,8.09,60.04,0.05269,0.9958,66.7,17.9,114.3,2018.0,47.26,13.34,1
Rivian,Sedan,NMC,RWD,1072.0,340487.0,8.17,47.34,0.03114,0.8164,73.2,29.4,139.6,2018.0,63.41,24.56,1
Mahindra,SUV,LFP,AWD,539.0,223556.0,7.2,7.87,0.02138,0.6431,23.0,51.8,99.7,2019.0,97.54,38.81,0
Volvo,Crossover,NMC,FWD,991.0,376999.0,10.99,40.56,0.02695,0.7088,73.3,30.3,115.2,2015.0,77.12,45.97,0
Renault,Van,NMC,FWD,621.0,301596.0,8.88,33.4,0.02952,0.6908,65.7,,114.3,2017.0,97.68,41.35,1
Kia,Van,NMC,AWD,,112770.0,6.0,18.04,0.02177,0.6376,66.2,88.0,64.1,2020.0,85.89,46.48,0
Tata,SUV,LFP,FWD,20.0,18462.0,7.84,0.2,0.00321,0.6747,31.8,27.5,7.2,2018.0,100.07,29.21,0
Audi,SUV,NMC,RWD,564.0,284220.0,7.82,,0.03234,0.8119,86.1,90.0,118.5,2018.0,89.46,52.4,1
Kia,,NMC,RWD,565.0,102667.0,3.16,33.99,0.02353,0.7157,80.3,69.3,108.9,2023.0,33.6,35.18,1
Honda,Sedan,NMC,FWD,664.0,261665.0,9.93,32.46,0.02211,0.6921,68.2,40.2,89.9,2016.0,79.75,26.01,1
Tesla,SUV,NCA,FWD,170.0,94425.0,3.86,11.65,0.01225,0.4021,,18.5,73.7,2022.0,93.01,26.61,0
BYD,Truck,LFP,FWD,138.0,85607.0,7.85,0.2,0.01022,0.5312,21.6,0.0,,2018.0,121.48,23.73,0
Honda,Van,NMC,FWD,108.0,50632.0,4.84,0.2,0.00909,0.375,48.2,0.0,28.3,2021.0,78.08,38.81,0
Mahindra,SUV,LFP,AWD,48.0,19555.0,9.8,0.27,0.00693,0.5664,26.8,6.1,12.1,2016.0,86.24,32.95,0
Tesla,,NCA,AWD,563.0,195563.0,7.07,34.32,0.02977,0.6056,81.1,21.5,86.9,2019.0,,28.38,1
Tesla,Sedan,NMC,AWD,,403461.0,9.84,50.11,0.03532,0.8931,81.6,66.0,134.2,2016.0,70.55,51.81,1
Tata,Hatchback,LFP,FWD,1141.0,263414.0,9.87,19.16,0.03095,0.8663,32.0,58.5,87.8,2016.0,49.56,53.64,1
BYD,Hatchback,LFP,FWD,250.0,33583.0,3.68,,0.00831,0.6088,27.8,38.5,20.5,2022.0,47.09,44.1,0
Tesla,SUV,NMC,FWD,41.0,45475.0,6.05,4.15,0.01046,0.4257,54.9,51.1,26.3,2020.0,98.99,43.42,0
Ford,Crossover,NMC,AWD,109.0,36002.0,2.98,5.17,0.0119,0.3582,51.6,23.7,38.0,2023.0,69.96,34.87,0
Hyundai,Hatchback,NMC,AWD,298.0,73780.0,3.07,17.74,0.01781,0.5155,51.3,37.8,91.4,2023.0,43.75,35.65,0
Kia,SUV,NMC,RWD,95.0,45929.0,2.22,2.99,0.01251,0.4106,,23.8,72.0,2024.0,73.74,49.77,0
Lucid,SUV,NCA,FWD,119.0,37257.0,4.97,6.67,0.01788,0.347,56.8,12.0,29.6,2021.0,70.3,37.52,0
GM,SUV,LFP,FWD,255.0,170817.0,4.81,1.59,0.01084,0.6183,24.4,50.3,124.0,2021.0,81.48,46.46,0
Tesla,Sedan,NMC,FWD,1.0,3509.0,2.0,0.34,0.00386,0.3221,53.6,23.9,3.0,2024.0,68.25,28.61,0
BYD,SUV,,FWD,,164227.0,7.96,0.2,0.00933,0.537,14.4,10.3,69.9,2018.0,100.14,34.49,0
BYD,Sedan,LFP,,993.0,253852.0,8.92,17.07,0.01693,0.7773,27.3,23.0,97.0,2017.0,54.84,30.52,0
Kia,SUV,NMC,FWD,761.0,366425.0,11.11,36.52,0.02647,0.714,59.4,36.3,113.9,2015.0,91.15,11.58,1
Renault,SUV,NMC,AWD,204.0,93608.0,7.97,19.47,0.02574,0.6253,56.1,17.3,41.0,2018.0,101.15,6.32,0
Ford,Sedan,NMC,FWD,448.0,142449.0,10.65,21.65,0.03759,0.5617,60.3,28.5,41.2,2015.0,67.05,34.31,1
MG,SUV,NMC,RWD,84.0,32959.0,4.11,2.17,0.01638,0.4618,50.4,70.3,31.1,2022.0,99.05,51.51,0
Renault,SUV,NMC,AWD,1.0,14186.0,9.05,0.45,0.01589,0.3596,52.5,52.4,4.4,2017.0,99.59,49.55,0
Tata,SUV,LFP,FWD,,25843.0,10.0,5.51,0.0193,0.6236,20.6,30.9,11.1,2016.0,73.89,32.18,0
Kia,Crossover,NMC,FWD,143.0,82950.0,10.94,,0.01559,0.4275,49.5,14.7,23.9,2015.0,74.46,41.03,0
,Hatchback,LMO,RWD,374.0,70332.0,8.83,42.06,0.03351,0.8798,55.6,26.7,24.1,2017.0,35.82,21.36,1
Renault,SUV,NMC,,,301480.0,10.9,35.69,0.03114,0.6892,62.9,28.8,96.0,2015.0,85.39,28.43,0
BMW,SUV,NMC,AWD,5.0,500.0,10.93,0.2,0.01265,0.345,37.5,0.0,3.0,2015.0,77.89,19.68,0
Volkswagen,Sedan,NMC,RWD,1417.0,391930.0,9.97,47.66,0.04444,0.8358,66.7,23.2,128.6,2016.0,54.78,24.0,1
Volkswagen,Van,NMC,FWD,361.0,130625.0,11.01,14.53,0.02038,0.5189,55.1,36.5,37.0,2015.0,76.31,56.72,0
Tesla,Crossover,NMC,RWD,906.0,301474.0,9.9,37.86,0.03506,0.6975,63.1,12.3,101.8,2016.0,,18.53,0
Audi,Crossover,NMC,FWD,322.0,110408.0,3.78,21.53,0.0223,0.5893,52.5,,93.1,2022.0,79.85,34.88,0
Rivian,Sedan,,RWD,539.0,206590.0,7.88,33.07,0.02424,,75.4,59.0,84.1,2018.0,78.7,37.65,1
Nissan,Hatchback,LMO,FWD,912.0,214375.0,9.15,53.12,0.04311,0.9077,68.0,12.9,79.0,2017.0,45.8,19.24,1
Audi,Truck,NMC,FWD,,174327.0,9.13,11.76,0.02941,0.5294,66.1,57.8,,2017.0,131.49,41.59,1
Ford,Van,LFP,FWD,27.0,45028.0,9.08,0.2,0.01828,0.6161,34.1,25.1,20.0,2017.0,74.05,24.38,0
Toyota,Hatchback,LFP,FWD,288.0,94969.0,7.89,5.22,0.01929,0.6066,23.2,19.4,35.2,2018.0,61.28,,0
Audi,Sedan,NMC,AWD,939.0,237705.0,8.8,36.55,0.03648,0.6674,66.4,47.9,86.8,2017.0,50.65,40.99,1
Volvo,Van,,AWD,518.0,235888.0,11.02,27.13,0.0242,0.6307,57.7,31.3,71.9,2015.0,,31.23,0
Tesla,Sedan,NMC,RWD,1274.0,328675.0,,53.3,0.03914,0.8494,74.3,73.9,121.4,2017.0,51.5,53.81,1
Mercedes,SUV,NCA,AWD,63.0,12080.0,7.81,9.35,0.01012,,60.3,14.3,3.0,2018.0,78.89,25.33,0
Rivian,Hatchback,NCA,FWD,661.0,136841.0,8.95,36.44,0.03284,0.5584,70.2,,54.2,2017.0,40.41,36.4,1
,Hatchback,LFP,FWD,439.0,105753.0,6.03,5.89,0.01344,0.6269,17.6,19.0,54.7,2020.0,44.78,39.64,0
BMW,SUV,NCA,RWD,593.0,332101.0,9.11,38.08,0.02831,0.6281,70.2,33.4,121.4,2017.0,102.52,34.25,1
,Sedan,NMC,FWD,,301854.0,10.87,40.67,0.03211,0.7042,70.2,8.0,88.2,2015.0,60.36,30.6,1
Volkswagen,SUV,NMC,RWD,823.0,349499.0,11.14,47.35,0.04464,0.8947,80.7,95.8,100.4,2015.0,86.44,39.68,1
Tesla,SUV,NMC,AWD,,266409.0,10.06,28.99,0.03119,0.6454,65.5,47.8,85.0,2016.0,98.03,50.5,1
Tesla,Sedan,NMC,FWD,591.0,194944.0,6.83,33.71,0.03113,0.7973,81.4,96.7,93.1,2019.0,57.7,59.75,1
Mercedes,Sedan,NMC,RWD,925.0,306367.0,7.59,41.15,0.03567,0.7591,72.9,40.7,132.6,2018.0,63.06,18.95,1
Mahindra,Van,LFP,FWD,436.0,215533.0,11.06,9.3,0.01866,0.625,25.0,59.5,66.3,2015.0,102.53,46.76,0
Nissan,Sedan,LMO,RWD,1012.0,341110.0,9.65,62.85,0.03814,1.0018,55.0,63.1,115.9,2016.0,,39.3,1
MG,Van,LFP,RWD,235.0,62970.0,5.66,1.47,,0.5778,17.9,22.5,38.7,2020.0,91.9,47.81,0
Tesla,Sedan,NCA,AWD,708.0,170553.0,6.89,39.26,0.0297,0.6163,73.7,56.1,82.5,2019.0,50.67,42.89,1
Volkswagen,Crossover,NMC,FWD,209.0,72629.0,1.9,24.14,0.02281,0.7388,70.8,100.0,112.8,2024.0,71.79,47.38,1
Tata,SUV,NMC,FWD,173.0,102176.0,8.15,8.85,0.01625,0.5095,47.7,23.9,45.6,2018.0,85.97,49.03,0
Tesla,SUV,NCA,FWD,357.0,,9.95,26.05,0.02598,0.4818,78.9,24.1,50.8,2016.0,88.45,38.36,1
Hyundai,,LFP,FWD,652.0,,8.91,15.32,,0.7419,39.5,67.8,110.8,2017.0,102.35,45.76,1
Tata,Van,NMC,AWD,111.0,26816.0,3.05,11.61,0.01671,0.5544,66.9,56.1,27.5,2023.0,93.73,39.51,0
Tesla,Sedan,NCA,RWD,208.0,78525.0,2.92,14.12,0.0122,0.3806,70.8,40.0,85.3,2023.0,65.75,46.09,0
Mercedes,Hatchback,NCA,AWD,267.0,,5.12,19.84,0.0166,0.4882,73.8,0.0,,2021.0,58.81,15.58,0
BYD,Crossover,LFP,RWD,54.0,49722.0,3.84,0.2,0.01953,0.585,24.4,11.4,,2022.0,76.59,33.09,0
BMW,Hatchback,,AWD,541.0,137123.0,7.18,34.64,0.03216,0.5938,78.6,37.6,70.5,2019.0,48.8,38.04,1
Ford,Crossover,LFP,FWD,1131.0,422941.0,11.0,17.16,,0.7621,36.1,49.3,127.4,2015.0,78.36,48.55,1
BMW,Crossover,NCA,FWD,884.0,312105.0,8.92,45.72,0.03973,0.7342,79.4,63.6,117.4,2017.0,77.73,41.53,1
Audi,SUV,NMC,RWD,157.0,122906.0,5.11,9.22,0.01767,0.4071,44.6,44.8,79.1,2021.0,99.96,38.04,0
Volkswagen,SUV,NMC,RWD,194.0,48650.0,1.89,12.68,0.01208,0.5102,55.8,44.8,,2024.0,89.98,50.09,0
Renault,Van,NMC,FWD,341.0,153746.0,8.04,26.86,0.03066,0.5954,74.5,56.4,64.1,2018.0,86.98,25.3,1
Kia,Hatchback,NMC,FWD,720.0,252504.0,8.09,35.66,0.03112,0.7459,78.5,39.4,101.2,2018.0,66.78,39.43,1
Rivian,Hatchback,NCA,AWD,406.0,87943.0,,25.23,0.02377,0.549,71.0,37.9,24.4,2015.0,46.44,29.98,1
GM,Sedan,LFP,AWD,389.0,92406.0,7.82,3.74,0.01474,0.5581,15.9,18.3,32.5,2018.0,55.67,50.75,0
Kia,Crossover,NMC,RWD,52.0,39672.0,3.9,0.2,0.0078,0.4255,49.8,0.0,35.8,2022.0,77.0,5.0,0
Kia,Sedan,NMC,AWD,234.0,52837.0,7.12,,0.01717,0.5155,57.1,55.7,13.7,2019.0,50.94,40.9,1
Tesla,Van,NMC,FWD,1.0,7806.0,2.76,,0.00624,0.3221,50.9,31.0,9.7,2023.0,94.12,50.34,0
BYD,Sedan,LFP,FWD,169.0,68497.0,,2.92,0.00912,0.5734,12.7,41.4,34.7,,63.24,43.8,0
Audi,SUV,NMC,AWD,392.0,178857.0,11.19,25.39,0.03798,0.5811,60.6,42.2,49.3,2015.0,86.63,27.36,1
GM,Hatchback,NMC,FWD,260.0,29200.0,5.92,22.32,0.0237,0.638,77.3,73.9,18.5,2020.0,45.85,44.6,1
Ford,Sedan,LFP,FWD,67.0,30487.0,2.02,1.83,0.00588,0.6616,29.3,48.2,41.4,2024.0,70.51,34.31,0
Tesla,SUV,LFP,RWD,151.0,46247.0,10.9,3.72,0.00704,0.6508,19.4,24.3,17.3,2015.0,82.51,42.2,0
Mercedes,SUV,NMC,FWD,641.0,300968.0,9.95,38.35,0.03292,0.8415,76.5,64.5,99.4,2016.0,91.2,18.0,1
Renault,Hatchback,NMC,AWD,766.0,169611.0,5.05,37.3,0.0228,0.6792,66.2,63.0,117.3,2021.0,45.96,,1
Mahindra,Sedan,NMC,RWD,1362.0,330240.0,11.24,50.13,0.03669,0.7929,,53.7,94.6,2015.0,48.21,62.73,1
Mercedes,Sedan,NMC,FWD,318.0,107520.0,6.9,23.61,0.02211,0.6948,63.5,67.4,43.6,2019.0,69.16,24.25,0
BYD,Hatchback,LFP,RWD,130.0,70588.0,5.28,6.42,0.00788,0.6228,19.7,54.1,49.6,2021.0,58.54,43.23,0
Tesla,Crossover,NCA,AWD,961.0,360545.0,9.9,,0.04474,0.7291,88.1,37.6,124.9,2016.0,73.99,,1
BMW,,NCA,AWD,64.0,29883.0,4.89,0.2,0.00844,0.3044,54.4,29.1,26.0,2021.0,85.75,45.14,0
Volkswagen,Crossover,NMC,RWD,309.0,162298.0,9.96,30.62,0.03321,0.7844,77.0,100.0,58.0,2016.0,88.39,53.05,1
Toyota,Crossover,NMC,RWD,725.0,257539.0,8.89,34.42,0.02477,0.704,66.3,30.4,99.9,2017.0,69.62,35.55,1
Lucid,Crossover,NMC,FWD,318.0,203622.0,7.83,18.77,0.01602,0.5802,55.1,33.5,90.0,2018.0,101.28,34.68,0
Lucid,Crossover,NCA,FWD,1115.0,378020.0,10.71,52.14,0.0371,0.7057,81.0,74.0,117.9,2015.0,67.62,43.67,1
BMW,Sedan,NMC,AWD,1625.0,450000.0,11.05,55.72,0.03808,,66.8,59.2,149.2,2015.0,57.33,51.35,1
BMW,Crossover,NCA,FWD,59.0,17532.0,3.88,5.71,0.0103,0.3719,61.4,53.2,23.7,2022.0,,51.66,0
MG,Crossover,,AWD,41.0,28335.0,7.1,,0.00715,0.4087,40.3,16.7,14.2,2019.0,76.98,36.65,0
Volkswagen,SUV,NMC,FWD,32.0,11515.0,1.93,5.49,0.00809,0.4999,59.7,50.1,19.1,2024.0,106.46,24.7,0
Tesla,,NMC,AWD,1179.0,343591.0,10.82,44.83,0.02942,0.7326,71.7,36.1,107.4,2015.0,59.48,38.34,1
Renault,Sedan,NMC,RWD,893.0,258375.0,8.93,47.73,0.04137,0.8814,80.0,100.0,90.8,2017.0,58.48,,1
Audi,Sedan,NMC,FWD,808.0,,8.92,,0.03651,0.7024,67.5,50.9,100.7,2017.0,70.93,40.53,1
,Hatchback,NMC,RWD,854.0,232983.0,11.05,41.42,0.03671,0.7528,63.7,44.4,66.7,2015.0,53.24,34.99,1
Toyota,Sedan,NMC,FWD,1035.0,332172.0,9.01,44.14,0.03774,0.7445,68.2,36.7,122.6,2017.0,67.96,28.45,1
Hyundai,Van,NMC,FWD,749.0,291688.0,9.16,38.82,0.02482,0.7057,57.8,69.9,108.3,2017.0,83.01,42.68,1
GM,Sedan,NMC,FWD,,,9.74,23.23,0.02346,0.4839,63.2,22.6,52.6,2016.0,74.31,26.47,0
GM,SUV,LFP,FWD,158.0,70452.0,5.91,0.2,0.01509,,23.7,22.1,39.7,2020.0,97.66,45.74,0
Audi,SUV,NMC,FWD,115.0,77143.0,6.09,6.31,0.00799,0.421,44.1,36.1,41.1,2020.0,92.19,,0
Hyundai,Truck,NMC,AWD,251.0,162163.0,9.05,,0.01646,0.5156,64.1,30.2,58.2,2017.0,122.81,36.49,0
Tata,SUV,LFP,RWD,155.0,62371.0,11.02,3.66,0.01639,0.6546,19.5,26.7,,2015.0,85.87,27.47,0
Tesla,,NCA,RWD,458.0,134746.0,6.14,32.08,0.01976,0.6645,86.8,20.0,70.7,2020.0,65.42,22.41,0
Audi,Van,NMC,AWD,131.0,65140.0,4.05,15.4,0.02002,0.6466,70.0,84.0,49.9,2022.0,74.76,51.39,1
BYD,Hatchback,LFP,FWD,266.0,60340.0,4.13,1.67,0.01059,0.6206,16.5,14.3,55.4,2022.0,58.61,48.12,0
Tesla,Hatchback,NCA,FWD,1039.0,241336.0,6.81,51.09,0.0395,0.7341,81.1,21.3,115.9,2019.0,47.52,29.87,1
GM,Sedan,LFP,FWD,232.0,69262.0,4.06,0.2,0.00647,0.5723,16.1,34.1,53.5,2022.0,69.34,32.1,0
Kia,Sedan,NMC,FWD,439.0,110653.0,10.96,33.17,0.02737,0.7888,79.2,93.6,31.3,2015.0,56.56,39.1,1
Volvo,Truck,NMC,FWD,136.0,68350.0,6.89,9.63,0.01726,0.493,62.4,36.9,39.9,2019.0,,37.17,0
Nissan,SUV,LMO,AWD,579.0,273054.0,9.61,56.18,0.04024,1.0938,73.2,34.7,100.8,2016.0,91.74,29.54,1
Audi,Van,NMC,RWD,518.0,228857.0,10.96,28.86,0.02288,0.6151,69.0,51.2,66.9,2015.0,89.15,51.3,1
Toyota,Crossover,NMC,RWD,364.0,147651.0,6.1,26.82,0.01993,0.7009,81.9,53.8,84.2,2020.0,73.71,16.56,1
Audi,Hatchback,NMC,RWD,460.0,111733.0,8.13,25.45,0.02495,0.5641,59.6,29.0,39.5,2018.0,53.57,32.7,1
,Hatchback,LFP,FWD,288.0,66358.0,6.12,9.83,0.02253,0.6917,17.3,32.4,33.3,2020.0,47.37,47.33,0
BMW,Hatchback,NMC,FWD,1119.0,364051.0,9.97,45.35,0.03883,0.7746,,32.8,123.3,2016.0,65.97,17.95,1
Mercedes,Crossover,NCA,FWD,429.0,,9.0,31.26,0.02473,0.5823,81.5,47.1,58.5,2017.0,69.42,41.04,1
Volvo,Crossover,NMC,FWD,211.0,83368.0,5.81,10.82,0.01487,0.4831,49.2,21.2,47.4,2020.0,67.72,24.62,0
Tesla,SUV,NMC,FWD,789.0,345248.0,11.03,38.18,0.03491,0.7078,,72.8,103.9,2015.0,82.52,49.37,1
BMW,Hatchback,NCA,AWD,1165.0,330735.0,10.9,52.69,0.03882,0.6969,82.8,50.1,106.6,2015.0,57.06,40.51,1
Mercedes,SUV,NMC,RWD,99.0,38335.0,3.14,4.7,0.01145,0.4141,50.9,51.7,59.1,2023.0,92.83,54.65,0
Hyundai,Hatchback,NMC,AWD,382.0,80421.0,6.15,20.1,0.02622,0.6202,61.7,22.8,45.1,2020.0,44.09,27.99,0
BMW,Hatchback,NMC,AWD,310.0,76544.0,9.33,15.85,0.01807,0.4995,47.8,28.8,27.7,2017.0,44.58,23.5,0
GM,Sedan,NMC,AWD,518.0,160431.0,11.02,32.98,0.03122,0.7221,71.3,89.1,48.0,2015.0,63.1,49.89,1
Kia,SUV,NMC,FWD,387.0,226080.0,8.24,28.26,0.02853,,69.0,65.8,91.1,2018.0,102.93,29.27,1
Rivian,Crossover,NCA,,349.0,125587.0,11.08,25.19,0.02917,0.5215,74.7,43.1,41.4,2015.0,81.02,44.13,1
Toyota,Hatchback,LFP,AWD,127.0,10958.0,11.14,2.63,0.01043,0.6005,18.2,46.7,3.0,2015.0,43.05,38.41,0
Renault,SUV,LMO,FWD,499.0,207618.0,10.11,41.92,,0.7974,63.4,48.8,71.6,2016.0,85.15,62.4,1
Renault,Hatchback,LMO,FWD,364.0,61834.0,2.05,36.95,0.02938,0.7814,54.6,27.6,86.5,2024.0,39.36,27.93,0
Tesla,Hatchback,NMC,FWD,1606.0,280282.0,10.03,56.24,0.03933,0.8977,93.5,59.1,97.2,2016.0,34.32,44.2,1
Mercedes,SUV,NMC,FWD,425.0,170442.0,4.98,30.86,0.02413,0.7105,71.8,,109.9,2021.0,79.75,49.36,0
Tesla,Crossover,NCA,RWD,422.0,128167.0,6.22,,0.03629,0.5921,91.1,77.9,69.4,2020.0,68.8,56.09,1
Tata,Truck,NMC,AWD,272.0,115747.0,8.84,19.61,,0.6456,73.6,79.5,45.5,,106.33,64.85,0
Renault,Sedan,NMC,RWD,470.0,169642.0,4.78,24.91,0.02472,0.5996,50.1,39.2,122.6,2021.0,76.2,29.3,0
Volkswagen,SUV,NMC,FWD,146.0,58992.0,2.19,10.3,0.00974,0.4473,55.2,43.4,86.7,,81.38,45.1,0
Audi,SUV,NMC,FWD,37.0,46257.0,8.07,0.2,0.00734,0.3425,48.4,31.3,24.5,2018.0,93.01,54.94,0
Tesla,Truck,NCA,RWD,142.0,104061.0,4.93,7.82,,0.3286,61.1,27.8,71.9,2021.0,108.38,40.26,0
Kia,SUV,,AWD,290.0,154739.0,5.22,,0.02182,0.5768,58.0,64.7,103.2,2021.0,93.18,45.47,0
Audi,Hatchback,,FWD,399.0,125022.0,4.13,18.48,0.02233,0.5124,64.1,42.1,97.8,2022.0,57.43,46.1,0
Volkswagen,Sedan,NMC,RWD,,139273.0,11.03,26.99,0.02858,0.6075,55.5,48.8,39.3,2015.0,62.58,49.61,1
Mercedes,Crossover,NMC,FWD,103.0,35307.0,8.05,6.49,0.00999,0.466,37.5,35.8,13.0,2018.0,82.61,44.07,0
Kia,Hatchback,NMC,FWD,404.0,130859.0,8.0,15.45,0.01688,0.5316,50.2,38.8,52.2,2018.0,52.21,46.44,0
Tesla,Crossover,NCA,FWD,809.0,228675.0,11.03,44.42,0.03248,0.7127,70.0,41.1,68.9,2015.0,,52.75,1
Volvo,SUV,LFP,FWD,584.0,228765.0,9.03,21.32,0.0273,,38.1,100.0,86.7,2017.0,83.83,51.59,1
Nissan,Truck,LMO,AWD,470.0,290711.0,11.08,44.86,0.03464,0.8191,63.0,24.2,83.9,2015.0,125.05,,1
Renault,Crossover,NMC,,758.0,258008.0,6.29,33.62,0.02583,0.615,60.1,58.3,125.4,2020.0,70.08,48.64,1
Mahindra,Sedan,NMC,AWD,966.0,249340.0,10.9,,0.03306,0.7244,71.5,36.2,77.2,2015.0,49.78,47.7,1
Ford,SUV,NMC,FWD,299.0,133711.0,5.95,17.57,0.01838,0.4954,56.5,63.9,77.7,,93.38,,0
GM,Hatchback,NMC,AWD,850.0,263986.0,8.07,40.01,0.039,0.7064,64.4,54.6,104.7,2018.0,60.77,48.52,1
Renault,SUV,NMC,FWD,382.0,171625.0,6.9,32.36,0.03185,0.7734,72.9,100.0,85.9,2019.0,83.1,38.35,1
Volkswagen,Hatchback,NMC,AWD,607.0,156318.0,,33.4,0.02933,0.6834,65.9,45.9,58.0,2018.0,52.1,,1
BYD,,LFP,FWD,342.0,105642.0,6.31,6.77,0.01338,0.6881,22.8,24.2,50.5,2020.0,60.61,32.92,0
Volkswagen,SUV,NMC,AWD,534.0,251624.0,6.98,26.17,0.02533,0.6025,61.3,53.1,115.6,2019.0,100.12,49.61,1
Audi,SUV,NMC,AWD,273.0,93220.0,11.07,16.43,0.02576,0.5165,63.6,34.8,28.8,2015.0,91.44,42.27,0
BYD,Hatchback,LFP,,1.0,6075.0,3.01,0.2,0.0127,0.5303,21.4,42.2,5.3,2023.0,54.6,50.63,0
Nissan,SUV,NMC,AWD,450.0,225204.0,10.15,23.21,0.02632,0.5763,61.2,49.7,72.8,2016.0,94.57,47.12,1
MG,Truck,LFP,RWD,65.0,166593.0,4.15,1.86,0.01227,0.5644,21.1,31.1,125.5,2022.0,130.91,24.73,0
Rivian,Hatchback,NMC,FWD,1008.0,381171.0,10.7,43.61,,0.764,61.7,,119.7,2015.0,73.06,28.29,1
GM,SUV,NMC,FWD,495.0,220949.0,7.05,27.31,0.03308,0.6055,,24.4,101.6,2019.0,83.6,29.53,1
Volkswagen,SUV,NMC,FWD,198.0,109509.0,4.91,12.01,0.01436,0.492,70.5,42.9,78.6,,91.65,39.78,0
Tesla,SUV,NMC,FWD,1.0,977.0,8.0,,0.00594,0.3805,52.8,0.0,3.0,2018.0,71.03,30.55,0
BMW,Sedan,NCA,AWD,1080.0,349483.0,11.02,54.45,0.03821,0.7694,83.2,65.7,105.4,2015.0,66.62,49.62,1
Kia,SUV,LFP,AWD,1.0,37027.0,5.85,0.2,0.011,0.5429,24.2,45.2,23.2,2020.0,85.13,37.38,0
Audi,SUV,NMC,FWD,162.0,94546.0,5.01,11.2,0.02476,0.5225,58.9,62.3,58.1,2021.0,98.05,54.52,1
Kia,SUV,LFP,FWD,128.0,72840.0,6.19,10.72,0.02968,0.8107,,70.9,29.7,2020.0,110.49,23.42,1
Hyundai,Van,NMC,AWD,486.0,240872.0,8.25,27.62,0.03978,0.6191,64.6,72.7,,2018.0,84.82,46.82,1
Tesla,SUV,NCA,FWD,252.0,94516.0,10.96,19.35,0.02274,0.5021,75.7,71.1,26.5,2015.0,87.85,48.05,1
Volkswagen,Crossover,NMC,AWD,671.0,269276.0,11.03,36.35,0.0365,0.6848,72.8,26.4,76.8,2015.0,76.92,19.54,1
Tesla,SUV,NCA,RWD,1025.0,283684.0,11.29,47.6,0.0318,0.6993,84.6,43.8,85.9,2015.0,58.07,43.43,1
Kia,SUV,NMC,AWD,691.0,333075.0,9.96,33.11,0.02674,0.7056,63.1,47.9,,2016.0,100.44,41.57,1
Tesla,Van,NCA,FWD,519.0,235210.0,8.03,35.87,0.02824,0.5491,76.4,60.1,95.9,2018.0,88.49,52.32,1
Tata,Hatchback,NMC,RWD,1092.0,283644.0,6.85,41.49,0.03077,0.7087,67.4,56.4,128.2,2019.0,53.8,61.51,1
Kia,Sedan,NMC,AWD,288.0,82463.0,9.97,28.48,0.02187,0.7331,71.1,94.7,28.9,2016.0,61.47,36.85,1
Audi,Sedan,NCA,RWD,448.0,135665.0,4.97,27.13,0.0252,0.5032,78.0,20.2,93.0,2021.0,55.01,32.15,0
BMW,Hatchback,,FWD,152.0,43988.0,10.9,11.54,,,62.9,61.0,14.9,2015.0,51.13,60.59,1
Honda,Crossover,NMC,RWD,793.0,261608.0,10.93,,0.0387,0.6934,78.7,49.5,77.5,2015.0,68.18,34.87,1
Volvo,Crossover,NMC,,132.0,20255.0,4.91,5.95,0.01219,0.4612,37.0,22.2,14.1,2021.0,70.05,33.24,0
Hyundai,Truck,NMC,AWD,359.0,240926.0,7.87,18.4,0.02564,0.5165,61.9,17.7,99.1,2018.0,126.01,23.99,0
BYD,SUV,NMC,,326.0,141567.0,3.99,17.6,0.01508,0.5088,60.3,35.9,100.7,2022.0,90.34,24.57,0
MG,Sedan,LFP,FWD,610.0,185343.0,7.1,10.13,0.01725,0.6682,26.3,20.5,85.5,2019.0,60.46,22.51,0
Mercedes,Sedan,,FWD,414.0,122466.0,9.95,32.28,0.03196,0.7569,76.6,55.7,38.9,2016.0,59.93,27.8,1
Tesla,SUV,NMC,AWD,115.0,71177.0,6.84,4.55,0.01569,0.4337,50.1,53.6,35.0,2019.0,94.08,46.81,0
Toyota,Hatchback,NMC,AWD,1171.0,290164.0,,44.1,0.03771,0.7428,68.2,26.7,96.8,2016.0,50.39,34.67,1
BMW,Sedan,NCA,FWD,1.0,34078.0,6.18,3.98,0.01123,0.4017,80.1,29.1,15.9,2020.0,60.6,27.62,0
Ford,Hatchback,NMC,FWD,121.0,24454.0,2.94,8.95,0.01664,0.4684,53.0,37.4,37.4,2023.0,,45.1,0
Lucid,SUV,NMC,RWD,186.0,43542.0,8.92,8.86,0.01245,0.4533,57.4,18.7,16.7,2017.0,78.17,40.09,0
Ford,SUV,NMC,FWD,325.0,111860.0,6.75,22.99,,0.5495,68.7,27.8,58.7,2019.0,86.16,33.06,0
BMW,Sedan,NCA,AWD,84.0,25784.0,2.12,1.54,0.00813,0.3425,64.8,27.6,39.9,2024.0,63.76,48.63,0
Toyota,,NMC,RWD,857.0,364622.0,11.03,40.1,0.02867,0.7469,63.9,54.6,111.3,2015.0,89.65,49.71,1
Hyundai,Crossover,NMC,RWD,245.0,,3.88,16.49,0.0193,0.5339,62.0,42.0,84.7,2022.0,65.66,28.17,1
Ford,Sedan,NMC,FWD,137.0,51304.0,2.22,5.36,0.01341,0.4255,50.5,35.8,88.8,2024.0,64.83,41.68,0
Audi,SUV,NMC,FWD,672.0,303504.0,10.8,35.5,0.03149,0.6909,59.7,58.7,93.3,2015.0,97.82,45.26,1
Audi,Hatchback,NMC,RWD,1105.0,343115.0,11.0,46.34,0.03752,0.7407,54.5,46.0,103.7,,58.65,37.72,1
BYD,Hatchback,LFP,FWD,1490.0,336742.0,8.08,20.88,0.02378,0.8316,29.6,61.2,140.3,2018.0,42.42,53.96,0
GM,Sedan,,RWD,1580.0,450000.0,10.94,23.86,0.02705,0.872,32.1,57.8,148.7,2015.0,,44.66,1
GM,,LFP,FWD,51.0,30893.0,8.98,0.2,0.00849,0.5649,22.3,9.7,10.7,2017.0,125.13,23.25,0
GM,Sedan,NMC,AWD,1010.0,,7.93,44.07,0.03515,0.7625,,36.5,129.0,2018.0,59.12,39.39,1
Mercedes,SUV,NMC,AWD,281.0,175901.0,7.9,17.93,0.01611,0.4963,62.6,24.8,79.4,2018.0,102.04,23.58,0
Audi,Crossover,NMC,RWD,350.0,99862.0,4.09,17.48,,0.5196,61.0,32.9,83.1,2022.0,64.82,51.51,0
Tesla,SUV,NCA,AWD,373.0,147735.0,11.12,36.4,0.03593,0.7122,89.5,80.9,46.4,2015.0,80.96,35.67,1
Volvo,Hatchback,NMC,AWD,922.0,248802.0,7.01,39.33,0.0381,0.7546,62.7,43.1,121.9,2019.0,54.4,53.49,1
Audi,Sedan,NMC,RWD,693.0,238217.0,8.06,35.48,0.03138,0.6615,70.2,41.8,98.4,2018.0,66.99,39.78,0
BYD,Sedan,LFP,FWD,1.0,12489.0,7.04,0.27,0.01107,0.5872,17.4,46.6,3.3,2019.0,,39.17,0
Tata,Crossover,LFP,RWD,517.0,164568.0,5.25,11.64,0.01766,0.7175,,78.1,113.4,2021.0,80.26,64.07,0
Nissan,Hatchback,NMC,AWD,1155.0,163297.0,8.91,44.0,0.03894,0.7766,71.8,51.2,61.5,2017.0,28.62,55.56,1
Audi,SUV,NMC,AWD,276.0,133621.0,9.06,15.33,0.01742,0.5233,52.9,11.4,46.1,2017.0,87.09,,0
Rivian,SUV,NMC,FWD,462.0,,,26.16,0.02053,0.6205,52.9,39.5,64.0,2018.0,99.01,30.73,1
BMW,SUV,NMC,AWD,545.0,224520.0,8.75,26.42,0.02768,0.6025,59.9,53.0,81.6,2017.0,88.93,71.35,1
Audi,Hatchback,NMC,FWD,773.0,258221.0,11.29,41.21,0.0353,0.8271,76.9,55.2,75.8,2015.0,66.37,,1
Mercedes,Crossover,NMC,FWD,153.0,57011.0,3.0,8.72,0.01384,,56.6,57.5,58.9,2023.0,74.63,53.51,0
Renault,Hatchback,NMC,FWD,302.0,79395.0,2.91,22.89,0.02645,0.6233,54.2,50.0,92.3,,55.39,46.57,0
Audi,Sedan,NMC,FWD,191.0,98601.0,5.01,8.57,0.01544,0.4557,42.1,35.3,62.5,2021.0,75.26,42.32,0
Rivian,Sedan,,RWD,138.0,,2.02,11.32,0.01311,0.4554,44.5,70.8,122.2,2024.0,60.14,46.92,0
Mahindra,SUV,NMC,FWD,528.0,215759.0,11.11,,0.032,,79.8,71.7,61.6,2015.0,83.23,43.89,1
Ford,SUV,NMC,AWD,36.0,43749.0,2.05,1.17,0.0077,0.4407,50.1,55.9,68.6,2024.0,94.99,54.85,0
,Sedan,NMC,FWD,623.0,230288.0,9.12,32.55,0.03861,0.674,73.8,28.8,79.2,2017.0,71.94,23.47,1
Tesla,Van,NMC,FWD,754.0,308879.0,10.86,36.66,0.03468,0.712,57.4,42.8,95.8,2015.0,82.19,37.02,1
Mahindra,Hatchback,,FWD,270.0,51172.0,1.78,11.0,0.01917,0.4855,60.0,37.2,,2024.0,43.44,51.53,0
Audi,Hatchback,NMC,AWD,659.0,206870.0,6.93,33.48,0.0273,0.6486,66.4,44.2,104.5,2019.0,61.93,,1
Kia,Hatchback,NMC,AWD,363.0,62886.0,3.14,16.79,0.01886,,52.0,0.4,69.9,2023.0,,32.29,0
Renault,Sedan,LMO,FWD,689.0,233843.0,9.15,55.95,0.03936,0.8652,66.1,21.2,82.4,2017.0,64.67,39.51,1
Nissan,Sedan,LMO,AWD,323.0,111760.0,10.03,38.52,0.03325,0.931,63.8,68.0,37.5,2016.0,73.84,38.96,1
BYD,Sedan,NMC,AWD,459.0,150488.0,4.75,28.41,0.02452,0.6174,62.7,63.8,101.4,2021.0,68.83,48.63,1
Nissan,SUV,NMC,RWD,337.0,138959.0,6.92,16.71,0.01843,0.5763,62.2,,75.2,2019.0,83.74,24.93,0
BYD,SUV,LFP,RWD,249.0,,9.18,0.2,0.0121,0.5618,22.9,9.0,43.4,2017.0,93.42,29.3,0
BYD,Hatchback,LFP,FWD,814.0,193146.0,9.17,10.37,0.0206,0.6771,31.2,42.4,72.7,2017.0,48.47,33.89,0
BYD,Crossover,LFP,RWD,112.0,55746.0,6.07,10.18,0.00992,0.7343,24.0,100.0,30.8,2020.0,70.5,,0
Hyundai,Hatchback,NMC,AWD,243.0,30628.0,8.77,8.82,0.01323,0.4407,54.6,31.2,11.1,2017.0,39.12,53.3,0
Tesla,Sedan,NCA,RWD,132.0,41265.0,10.66,14.44,0.02732,0.4446,93.5,50.5,13.5,2015.0,55.28,42.79,1
BYD,Hatchback,LFP,FWD,686.0,179628.0,4.79,13.4,0.01617,0.8069,18.2,49.9,121.4,2021.0,53.03,34.8,0
Hyundai,Sedan,NMC,FWD,678.0,185835.0,9.99,34.99,0.03281,0.7411,64.0,35.2,63.1,2016.0,55.02,22.31,1
GM,Sedan,LFP,AWD,,73566.0,3.14,7.45,0.0194,0.6042,34.5,45.6,65.0,2023.0,64.16,35.33,0
Lucid,,NMC,FWD,998.0,218917.0,11.13,,0.02914,0.813,62.1,46.7,66.5,2015.0,48.01,41.11,1
Tesla,Hatchback,NCA,,64.0,18201.0,,3.07,,0.372,62.8,32.0,3.0,2018.0,45.69,49.77,0
Volvo,SUV,NMC,FWD,483.0,215497.0,10.13,24.2,0.01607,0.6393,58.9,48.1,69.0,2016.0,87.73,35.79,1
Nissan,Hatchback,NMC,FWD,142.0,,3.12,7.72,0.01981,0.4518,53.0,43.3,18.5,2023.0,37.79,54.67,0
Tata,Sedan,NMC,FWD,56.0,29944.0,5.97,1.06,0.0138,0.3525,40.8,74.6,19.2,2020.0,66.77,55.53,0
Hyundai,Sedan,NMC,,951.0,315752.0,10.17,46.93,,0.848,81.6,80.9,101.7,2016.0,66.89,50.05,1
BYD,SUV,LFP,FWD,35.0,49618.0,2.11,0.2,0.01037,0.567,24.5,22.3,71.8,2024.0,104.0,36.88,0
Lucid,SUV,NMC,AWD,1039.0,338908.0,10.0,46.03,0.03113,0.7473,75.9,55.2,108.1,2016.0,66.82,52.73,1
MG,,LFP,AWD,468.0,,7.8,15.51,0.01979,0.8531,,,65.7,2018.0,72.35,30.19,0
Volvo,SUV,NMC,AWD,737.0,336971.0,11.1,35.8,0.02665,,65.8,39.4,101.8,2015.0,94.01,45.89,1
Kia,SUV,NMC,AWD,21.0,41235.0,3.1,0.2,0.00627,0.4267,57.6,39.3,44.9,2023.0,87.8,39.41,0
Volvo,SUV,LFP,FWD,,85782.0,11.07,0.67,0.01072,0.5525,19.8,32.9,23.7,2015.0,95.73,36.29,0
GM,Sedan,LFP,RWD,479.0,153333.0,6.92,6.26,0.01397,0.6409,25.2,21.7,77.8,2019.0,56.53,28.44,0
Tata,Crossover,NMC,FWD,1.0,2087.0,5.85,2.71,0.01586,0.441,49.1,52.8,5.1,2020.0,77.64,45.38,0
Honda,SUV,NMC,RWD,598.0,254308.0,10.93,36.53,0.03008,0.6574,62.8,34.1,72.7,2015.0,85.19,27.41,1
Hyundai,Sedan,NMC,RWD,1208.0,318311.0,11.15,53.14,0.03563,3.8829,87.6,64.3,94.7,2015.0,53.39,22.28,1
,,NMC,AWD,368.0,209186.0,5.99,20.9,0.02265,0.5586,56.8,50.5,114.0,2020.0,102.43,40.59,1
MG,,LFP,AWD,832.0,328188.0,11.03,10.29,0.02089,0.684,27.1,23.3,104.7,2015.0,,18.48,0
Ford,Sedan,NMC,AWD,1448.0,389519.0,10.73,54.11,0.04371,0.8218,81.7,45.5,119.4,2015.0,57.13,31.99,1
BYD,SUV,LFP,,79.0,9827.0,,3.41,0.0082,0.5923,24.6,,27.1,2024.0,79.69,31.72,0
Hyundai,Sedan,NMC,RWD,372.0,109978.0,,25.16,0.03746,0.6356,76.7,61.9,38.2,2018.0,77.0,51.07,1
Volvo,Hatchback,NMC,FWD,942.0,208378.0,7.06,42.37,0.02974,0.7515,65.9,18.4,,2019.0,43.01,26.8,1
Nissan,Crossover,LMO,AWD,636.0,187915.0,9.04,51.34,0.03893,0.8313,64.7,,73.4,2017.0,57.84,58.19,1
Hyundai,Hatchback,NMC,RWD,453.0,120742.0,6.92,26.56,0.02431,0.6308,59.3,26.0,55.0,,50.5,40.02,0
Volkswagen,SUV,LFP,AWD,389.0,177353.0,7.17,6.25,0.01307,0.6932,18.6,48.2,82.1,2019.0,92.83,34.71,0
Hyundai,Van,NMC,AWD,538.0,239114.0,7.85,33.37,,0.7206,63.2,64.4,96.1,2018.0,77.86,37.66,1
BMW,SUV,NMC,AWD,822.0,327792.0,11.15,39.57,0.0363,0.6971,76.4,59.3,96.5,2015.0,84.27,,1
BYD,Sedan,LFP,RWD,510.0,146425.0,8.85,3.91,0.01476,0.6414,22.8,18.2,51.1,2017.0,68.83,40.6,0
Nissan,Hatchback,LMO,FWD,645.0,122134.0,7.83,57.33,0.04136,1.0779,81.1,65.1,48.2,2018.0,36.65,40.92,1
Ford,Sedan,NMC,FWD,623.0,192297.0,8.81,37.54,0.03061,0.8391,75.9,77.4,74.0,2017.0,67.08,46.55,1
Tesla,Crossover,NMC,RWD,547.0,168280.0,5.11,27.43,0.02422,0.7111,70.4,92.0,103.4,2021.0,67.07,53.3,1
Hyundai,SUV,NMC,FWD,499.0,196908.0,5.06,30.13,0.02312,0.6452,53.9,63.6,119.0,2021.0,88.39,47.68,1
Audi,Sedan,NMC,RWD,897.0,283752.0,10.94,40.03,0.02872,0.7273,65.8,32.8,84.6,2015.0,61.11,35.38,1
Volvo,SUV,NMC,FWD,412.0,214701.0,9.93,27.38,0.02177,0.6501,69.0,57.2,76.9,2016.0,95.12,30.82,1
Rivian,Van,NMC,FWD,115.0,53856.0,3.0,7.59,0.01684,0.4582,53.0,32.9,69.0,2023.0,77.31,51.22,0
Nissan,Sedan,LMO,RWD,,96773.0,9.82,28.86,0.02386,0.6596,51.5,58.9,34.9,2016.0,70.47,48.34,1
Ford,Hatchback,LFP,FWD,1228.0,272739.0,7.8,21.27,0.02711,0.7829,31.1,81.4,112.6,2018.0,45.35,71.24,1
Rivian,Sedan,NMC,FWD,1042.0,259228.0,10.77,39.38,0.0354,0.703,72.5,20.1,81.8,2015.0,48.92,29.13,1
Tesla,Sedan,NCA,AWD,299.0,88403.0,7.13,20.09,0.02059,0.462,67.7,29.1,39.9,2019.0,69.25,48.03,0
Rivian,Hatchback,NMC,,2056.0,294697.0,7.26,59.07,0.04193,0.8562,67.2,,133.9,2019.0,29.29,56.88,1
Volvo,Sedan,NMC,FWD,83.0,48820.0,6.19,0.2,0.00975,0.4126,60.1,4.1,20.9,2020.0,87.43,22.18,0
Kia,Van,NMC,RWD,348.0,137873.0,3.72,24.54,0.02341,0.6577,69.8,62.3,110.0,2022.0,92.68,44.46,1
Ford,SUV,NMC,FWD,620.0,239207.0,11.03,31.03,0.02856,0.6822,56.0,42.2,68.1,2015.0,75.62,48.48,1
BYD,SUV,LFP,RWD,98.0,52607.0,5.11,0.2,0.00486,0.5956,8.0,28.7,42.0,2021.0,100.82,25.24,0
Hyundai,Truck,NMC,AWD,549.0,335890.0,9.93,26.41,0.02721,0.5594,53.1,55.0,112.9,2016.0,109.07,41.45,1
Mercedes,Truck,NMC,FWD,1.0,10568.0,5.29,2.47,0.01443,0.4167,49.4,53.4,7.6,2021.0,118.2,49.2,0
Tesla,Crossover,NCA,FWD,45.0,51623.0,,0.99,0.00747,0.3315,60.6,31.7,41.1,2021.0,87.92,41.48,0
Hyundai,SUV,NMC,AWD,365.0,137135.0,9.02,21.79,0.03685,0.6624,75.3,52.2,45.5,2017.0,83.75,36.64,1
Volkswagen,Sedan,NMC,FWD,394.0,94709.0,8.89,28.11,0.02665,0.7325,68.9,87.9,34.8,,46.9,47.32,1
Audi,SUV,NCA,FWD,612.0,300347.0,10.21,41.07,0.03561,0.6425,90.7,,93.9,2016.0,98.19,39.09,1
Renault,SUV,NMC,RWD,314.0,117322.0,,27.13,0.03513,0.6732,86.8,91.8,96.4,2022.0,76.01,39.3,1
Audi,Sedan,NMC,RWD,1441.0,416701.0,8.87,49.01,0.03302,0.7698,71.2,54.9,160.4,2017.0,59.26,55.53,1
Ford,Hatchback,NMC,FWD,1421.0,283161.0,11.11,52.72,0.0412,0.9349,78.1,78.8,85.2,2015.0,40.17,44.92,1
Mercedes,SUV,NMC,FWD,447.0,183032.0,9.2,20.33,0.02567,0.5005,66.1,,62.5,2017.0,73.76,42.73,0
Toyota,Sedan,LFP,AWD,571.0,,11.06,4.55,0.01747,0.5955,22.2,30.1,71.8,2015.0,75.04,23.8,0
BYD,SUV,LFP,FWD,195.0,28991.0,4.21,3.63,0.01584,0.5727,24.7,54.3,28.7,2022.0,91.07,49.11,0
Volkswagen,Van,LFP,FWD,1.0,16560.0,6.97,,0.01253,0.5579,20.9,8.5,3.0,2019.0,97.36,28.79,0
Nissan,Sedan,NMC,RWD,225.0,62184.0,6.23,10.49,0.00873,,57.1,23.1,27.9,2020.0,41.45,35.75,0
Toyota,Hatchback,NMC,AWD,550.0,154254.0,4.11,28.29,0.02316,0.6188,50.5,41.4,130.1,2022.0,55.86,26.79,0
,Hatchback,NMC,AWD,1952.0,,11.05,57.5,0.04724,,79.3,76.9,129.1,2015.0,45.01,51.02,1
Mercedes,Sedan,NMC,RWD,,254090.0,10.95,37.84,0.03597,0.7122,75.3,36.4,71.3,2015.0,62.4,46.26,1
Tesla,Sedan,NCA,AWD,173.0,,2.89,12.49,0.0218,0.4873,,0.0,80.3,2023.0,78.18,17.84,0
Mercedes,SUV,NMC,AWD,484.0,176661.0,9.81,27.08,0.02276,0.5854,51.8,47.5,62.4,2016.0,72.42,46.04,0
BYD,Sedan,NMC,RWD,838.0,246136.0,7.08,37.96,0.03107,0.7275,67.0,,113.6,2019.0,61.47,46.06,1
Nissan,Crossover,NMC,FWD,488.0,199644.0,8.08,26.07,0.02517,0.6454,57.5,84.7,78.5,2018.0,70.28,58.43,1
Tesla,Hatchback,NCA,FWD,681.0,185260.0,8.18,41.42,0.03136,0.7025,90.6,53.9,73.5,2018.0,56.78,34.09,1
Renault,Van,LMO,FWD,478.0,211833.0,6.89,40.02,0.03275,0.8085,61.9,44.6,98.6,2019.0,92.27,40.23,1
Honda,Van,NMC,RWD,465.0,193034.0,9.06,24.45,0.02345,0.5449,59.6,38.2,71.1,2017.0,89.0,46.12,1
Mahindra,SUV,NMC,FWD,366.0,188456.0,5.88,35.82,0.02118,0.8319,76.6,100.0,111.6,2020.0,90.59,41.6,1
Tesla,Sedan,NMC,FWD,932.0,305094.0,10.98,48.5,0.04502,0.9977,94.3,81.2,91.8,2015.0,63.44,22.76,1
Volkswagen,SUV,NMC,,374.0,175453.0,7.84,20.83,0.02214,0.5872,59.6,44.1,77.4,2018.0,85.84,46.4,0
BYD,Sedan,LFP,FWD,719.0,244574.0,10.06,16.71,0.02459,0.9074,37.2,100.0,81.8,2016.0,63.16,50.82,1
Lucid,SUV,NMC,FWD,469.0,205271.0,5.91,28.22,0.01983,0.597,68.8,91.9,,2020.0,81.66,74.91,1
Toyota,Sedan,NMC,RWD,1.0,13854.0,9.07,0.2,0.00665,0.4312,48.6,12.1,7.1,2017.0,75.52,,0
Mercedes,Sedan,NMC,FWD,1029.0,341352.0,8.11,43.2,0.02976,0.7748,61.2,46.9,140.9,2018.0,64.69,43.02,1
Toyota,SUV,LFP,RWD,460.0,191615.0,5.92,8.07,0.01748,0.6359,19.7,28.1,108.1,2020.0,96.83,37.34,0
Volvo,SUV,NMC,FWD,327.0,183157.0,10.97,18.08,0.01799,0.5032,47.7,0.0,54.8,,93.4,10.54,0
Hyundai,Truck,NMC,FWD,445.0,259566.0,7.73,22.71,0.02111,0.5616,55.7,41.7,114.9,2018.0,115.74,38.35,0
Honda,SUV,NMC,AWD,9.0,36197.0,2.01,0.2,0.00556,0.3542,49.4,22.3,56.8,2024.0,94.1,24.09,0
Volkswagen,SUV,NMC,AWD,709.0,332501.0,10.24,,0.03322,0.7981,66.9,71.6,110.8,2016.0,,43.86,1
Volvo,SUV,NMC,AWD,123.0,28360.0,6.96,5.44,0.0238,0.4553,52.0,53.2,6.5,2019.0,86.67,54.85,0
Mercedes,Hatchback,NCA,RWD,1020.0,235644.0,8.24,48.23,0.03129,0.7466,76.5,66.0,97.3,2018.0,47.04,41.17,1
Volvo,Crossover,NMC,RWD,846.0,308325.0,9.23,40.19,0.03214,0.7272,60.9,74.0,109.0,2017.0,72.54,,1
Renault,Van,NMC,AWD,188.0,65224.0,3.1,8.11,0.01812,0.4489,65.5,,59.6,2023.0,98.98,22.25,0
Volkswagen,Crossover,NMC,AWD,207.0,63690.0,8.41,9.79,0.01665,,49.6,22.5,22.2,2018.0,74.64,42.59,0
Honda,Van,NMC,RWD,382.0,157141.0,9.88,14.7,0.01647,0.5187,54.3,13.2,52.8,2016.0,82.84,45.52,0
Rivian,SUV,NMC,RWD,34.0,21694.0,11.27,2.61,0.02025,0.3811,48.5,32.4,5.5,2015.0,82.83,38.71,0
,SUV,LFP,AWD,141.0,84866.0,6.12,0.48,0.01021,0.5293,22.1,21.0,50.0,2020.0,89.27,31.15,0
Toyota,SUV,NMC,FWD,228.0,68647.0,10.96,18.4,0.02675,0.6334,73.2,82.0,20.6,2015.0,85.4,47.07,1
BMW,SUV,NMC,AWD,21.0,8153.0,11.01,11.63,,0.6326,68.5,87.2,3.0,2015.0,80.12,53.94,1
Tesla,,NMC,FWD,490.0,177836.0,10.1,26.13,0.0309,0.6823,79.6,60.9,58.8,2016.0,62.53,49.67,1
Volkswagen,SUV,NMC,FWD,1.0,4171.0,2.97,0.2,0.00845,0.374,40.9,19.2,3.0,2023.0,87.77,31.77,0
BYD,SUV,LFP,RWD,97.0,61745.0,10.97,0.2,0.00668,0.5858,21.4,19.0,20.3,2015.0,91.75,48.82,0
BMW,Hatchback,NCA,AWD,748.0,201244.0,9.92,,0.0383,0.5898,78.4,32.2,64.0,2016.0,,45.72,1
Mercedes,Truck,NMC,FWD,274.0,188833.0,,24.84,0.03694,0.6081,64.4,66.5,61.3,2015.0,128.91,32.63,1
Tesla,Crossover,NCA,FWD,838.0,258226.0,9.14,38.72,0.02886,0.6029,73.7,33.2,99.2,2017.0,63.98,45.94,1
Tesla,SUV,NMC,RWD,413.0,,10.84,19.53,0.01829,0.562,52.1,31.0,57.4,2015.0,88.59,49.59,0
BYD,Truck,LFP,RWD,253.0,108307.0,4.03,2.95,0.00919,0.5624,22.0,58.9,82.9,2022.0,133.6,57.6,0
Kia,SUV,NMC,FWD,143.0,89022.0,10.13,5.73,0.01615,0.4206,55.5,13.2,28.2,2016.0,92.31,54.24,0
Audi,SUV,NMC,FWD,1002.0,450000.0,10.84,42.09,0.03436,0.7383,66.7,23.3,169.2,2015.0,87.4,20.26,1
Nissan,Hatchback,LMO,FWD,1506.0,301809.0,7.05,67.07,0.04215,1.0619,62.4,34.0,142.2,2019.0,40.08,19.05,1
GM,,LFP,AWD,1464.0,231454.0,9.04,21.17,0.0203,0.8574,31.2,38.9,86.8,2017.0,33.86,35.87,0
Tesla,Hatchback,NCA,AWD,540.0,94792.0,8.88,32.31,0.03709,0.5483,87.2,39.8,33.8,2017.0,38.7,33.06,1
Ford,,LFP,FWD,689.0,238336.0,10.98,11.03,0.02264,0.707,15.8,35.9,71.6,2015.0,64.59,43.64,0
Tesla,Sedan,NCA,FWD,1122.0,330071.0,9.19,51.03,0.03483,2.84886,76.2,20.3,118.1,2017.0,61.18,43.19,1
Ford,SUV,LFP,FWD,606.0,242431.0,6.25,12.04,0.01186,0.6804,15.7,41.0,132.3,2020.0,90.12,42.1,0
Volkswagen,Hatchback,NMC,AWD,526.0,97258.0,5.73,31.32,0.02278,0.7444,87.4,82.2,57.3,2020.0,43.14,44.42,1
Mercedes,Truck,NMC,FWD,66.0,45869.0,3.09,0.96,0.01358,0.3598,54.9,,41.8,2023.0,135.95,30.16,0
BYD,Truck,LFP,RWD,66.0,9691.0,4.14,0.2,,0.5456,6.0,15.0,3.0,2022.0,126.86,33.92,0
Mahindra,Crossover,NMC,,1.0,500.0,8.23,2.85,0.01313,0.3972,49.6,75.9,,2018.0,63.33,50.16,0
Toyota,Hatchback,NMC,FWD,1.0,12865.0,1.94,0.31,0.01243,0.3862,40.1,43.1,17.6,2024.0,63.05,49.7,0
GM,Sedan,LFP,RWD,65.0,27813.0,5.91,0.64,0.00502,0.5611,17.9,52.0,12.2,2020.0,75.0,37.13,0
,Truck,NMC,FWD,278.0,154098.0,7.98,17.59,0.01744,0.5262,46.9,48.9,62.4,2018.0,138.13,42.9,0
Lucid,SUV,NCA,FWD,1.0,500.0,2.01,0.2,0.00936,0.3059,66.0,2.5,3.0,2024.0,99.52,19.84,0
Rivian,SUV,NMC,AWD,1.0,3841.0,5.97,0.5,0.0089,0.434,57.9,17.9,3.0,2020.0,75.82,25.82,0
Volkswagen,Crossover,NMC,FWD,779.0,310068.0,8.97,35.78,0.03163,0.6673,58.3,22.2,117.2,2017.0,83.49,35.34,1
Ford,Hatchback,NMC,RWD,774.0,145716.0,10.1,28.86,0.02527,0.6413,59.6,19.2,49.9,,38.89,33.07,0
Mercedes,SUV,NMC,AWD,1.0,500.0,9.87,0.2,0.01973,0.3507,31.7,33.4,3.0,2016.0,91.07,30.8,0
BYD,Hatchback,,FWD,1131.0,228472.0,,46.78,0.04128,0.7695,70.8,14.4,89.3,2017.0,39.85,21.28,1
Hyundai,Sedan,NMC,AWD,448.0,162287.0,9.07,27.24,0.01962,0.5564,59.1,45.9,61.7,2017.0,66.68,30.85,1
Renault,Sedan,NMC,FWD,364.0,138954.0,4.06,31.31,0.0246,0.6679,71.4,99.6,112.9,2022.0,74.33,53.03,1
BMW,SUV,NMC,FWD,,116554.0,11.07,8.6,0.0197,0.4877,50.7,17.1,35.8,,97.2,33.79,0
Tata,Crossover,LFP,FWD,142.0,36733.0,8.43,0.2,0.01371,0.5119,21.8,15.0,10.5,2018.0,74.28,44.43,0
BYD,Crossover,NMC,FWD,685.0,317349.0,9.29,,0.02672,0.6205,61.0,32.2,120.5,2017.0,83.53,29.26,1
Audi,SUV,NCA,RWD,608.0,262531.0,9.06,38.2,0.03244,0.6365,71.5,43.7,94.2,2017.0,91.66,40.64,1
Ford,Crossover,NMC,AWD,703.0,294544.0,7.02,35.9,0.02566,0.6996,66.6,50.7,140.2,2019.0,79.33,34.11,1
Renault,SUV,LMO,RWD,295.0,147090.0,9.02,36.95,0.03781,0.7839,65.6,49.7,54.5,2017.0,99.67,32.73,1
Lucid,Hatchback,NCA,FWD,857.0,253244.0,7.76,44.05,0.04485,0.5945,82.1,54.5,115.4,2018.0,58.96,32.73,1
,Crossover,NMC,AWD,434.0,184061.0,,,0.02135,0.5832,58.3,54.2,77.4,2018.0,76.38,44.39,1
Volkswagen,Hatchback,NMC,FWD,,315871.0,9.82,41.68,0.03358,0.7369,67.4,25.8,106.6,2016.0,58.99,32.54,1
BYD,Sedan,LFP,FWD,149.0,89661.0,2.25,0.2,0.01204,0.5659,18.8,54.2,133.7,2024.0,83.57,50.36,0
GM,SUV,LFP,FWD,212.0,,3.0,2.57,0.01014,0.708,7.2,8.4,95.7,2023.0,88.19,25.98,0
Mahindra,Hatchback,LFP,RWD,1.0,500.0,,0.2,0.0107,0.5138,25.1,19.3,3.0,2018.0,53.04,46.25,0
Volkswagen,Sedan,NMC,FWD,240.0,73920.0,2.32,14.14,0.01642,0.5187,44.9,23.8,99.9,2024.0,64.09,21.36,0
Nissan,SUV,NMC,AWD,892.0,345313.0,11.03,36.34,0.02487,0.6818,72.2,35.3,102.8,2015.0,79.21,33.82,1
Kia,Hatchback,NMC,RWD,427.0,83766.0,7.17,19.28,0.01853,0.5089,56.7,28.8,36.3,2019.0,37.77,22.94,0
Tesla,Crossover,NCA,AWD,1119.0,425201.0,10.86,56.41,0.0406,0.7844,80.8,39.2,130.8,2015.0,72.94,27.22,1
Tesla,Truck,NCA,AWD,665.0,429428.0,11.25,36.72,0.02854,0.6285,93.0,54.7,130.7,2015.0,119.03,40.98,1
Lucid,Hatchback,NMC,RWD,1303.0,,8.02,51.15,0.03693,0.8742,,94.2,104.7,2018.0,39.94,66.08,1
Toyota,SUV,LFP,AWD,384.0,137411.0,8.92,6.34,0.01345,0.6364,26.7,33.2,,2017.0,91.49,18.87,0
Nissan,Truck,LMO,RWD,532.0,,10.05,56.52,,1.0914,76.2,59.8,95.9,2016.0,108.99,6.26,1
Lucid,SUV,NMC,AWD,858.0,411661.0,10.83,43.52,0.03704,0.7573,68.7,44.1,127.9,2015.0,,44.51,1
Tesla,Sedan,NCA,FWD,262.0,59089.0,6.18,18.69,0.02096,0.488,62.1,17.2,32.4,2020.0,57.71,28.93,0
Ford,SUV,LFP,FWD,155.0,,4.03,0.2,0.0112,0.5182,14.4,12.9,52.2,2022.0,90.22,43.65,0
Tesla,Sedan,NCA,FWD,387.0,99898.0,6.0,23.19,0.02326,0.4783,71.6,27.0,54.4,2020.0,64.19,51.51,0
Mercedes,SUV,NMC,RWD,79.0,73221.0,2.21,16.72,0.01859,0.6377,65.5,100.0,121.9,2024.0,97.04,39.29,1
Nissan,Sedan,NMC,,1452.0,366077.0,10.08,51.28,0.03627,0.8483,65.3,65.7,119.9,2016.0,49.86,30.08,1
BMW,Hatchback,NMC,FWD,639.0,159884.0,9.85,30.13,,0.6129,69.0,25.1,52.6,2016.0,48.07,40.44,0
Ford,SUV,NMC,FWD,220.0,125581.0,5.07,15.97,0.0213,0.5242,49.5,59.4,93.4,2021.0,83.36,43.68,0
BYD,Hatchback,LFP,AWD,1152.0,242597.0,8.11,12.01,0.02424,0.6793,25.1,30.6,99.1,2018.0,44.32,48.89,0
Mercedes,Sedan,NCA,FWD,697.0,209583.0,7.01,42.3,0.02805,0.6622,73.6,55.5,93.8,,60.53,59.76,1
Honda,Crossover,NMC,FWD,,283625.0,10.26,40.6,0.03192,0.7171,74.1,43.6,94.6,2016.0,64.17,48.73,1
Nissan,Hatchback,NMC,RWD,10.0,15636.0,4.11,0.2,0.0186,0.3615,52.0,2.6,21.6,2022.0,52.1,21.86,0
GM,Sedan,NMC,AWD,297.0,92653.0,4.03,20.55,0.01611,0.6459,63.6,66.9,90.8,2022.0,58.15,53.01,1
Renault,SUV,NMC,RWD,380.0,128005.0,7.83,25.79,0.02648,0.7174,86.1,46.3,52.9,2018.0,,37.48,0
BMW,Sedan,NMC,RWD,851.0,340590.0,9.96,41.27,0.03628,0.7099,67.3,90.1,113.9,2016.0,75.81,68.39,1
BYD,Sedan,LFP,RWD,763.0,,6.78,8.9,0.01214,0.6545,26.1,24.6,102.0,2019.0,60.43,31.15,0
Lucid,Hatchback,NCA,,87.0,21135.0,2.86,8.91,0.00983,0.5003,62.7,36.5,16.9,2023.0,47.07,26.8,0
Audi,Hatchback,NMC,RWD,20.0,7821.0,3.91,0.2,0.00954,0.4159,51.3,44.4,14.2,2022.0,55.94,66.08,0
Tesla,SUV,NMC,AWD,496.0,215359.0,6.95,24.32,0.02206,0.568,52.5,72.1,102.8,,86.64,33.25,1
Nissan,Hatchback,NMC,FWD,808.0,264229.0,10.93,37.07,0.03937,0.6861,68.7,28.2,80.8,2015.0,62.37,31.04,1
Volkswagen,Hatchback,NMC,FWD,590.0,157086.0,,35.75,0.02957,0.7638,73.1,42.0,58.0,2018.0,57.79,37.1,1
GM,Crossover,,FWD,653.0,274467.0,10.23,36.08,0.03144,0.8039,72.7,69.4,89.4,2016.0,83.76,34.91,1
Rivian,SUV,NCA,RWD,769.0,347432.0,11.01,46.34,,0.6814,81.3,36.7,,2015.0,91.55,5.0,1
Tata,SUV,LFP,FWD,57.0,7363.0,7.13,3.89,0.0161,0.6754,,8.5,3.0,2019.0,94.37,31.91,0
Hyundai,Van,NMC,FWD,147.0,52220.0,3.0,6.22,0.01444,0.423,40.5,34.9,57.2,2023.0,91.82,38.96,0
BYD,Crossover,LFP,FWD,1418.0,450000.0,11.02,24.65,0.0195,0.8347,26.0,84.0,140.2,2015.0,,61.26,1
Tesla,Hatchback,NMC,FWD,168.0,29055.0,6.84,7.24,0.01087,,,29.8,13.9,2019.0,29.65,42.24,0
Volkswagen,Sedan,NMC,FWD,582.0,223685.0,10.35,37.15,0.0275,0.7368,77.8,70.9,71.7,,77.08,27.84,1
Hyundai,Hatchback,NMC,AWD,425.0,,7.17,24.82,0.02399,0.5789,61.3,,62.1,2019.0,54.98,22.7,1
Honda,Van,NMC,FWD,237.0,73931.0,4.03,12.73,0.01313,0.4666,50.0,26.2,68.4,2022.0,80.52,32.11,0
Nissan,Sedan,NMC,RWD,97.0,500.0,3.77,3.97,0.00929,0.402,50.2,9.2,3.0,2022.0,54.06,,0
Nissan,Hatchback,LMO,FWD,1478.0,322514.0,11.28,64.2,0.0431,1.0006,71.5,19.8,99.4,2015.0,43.7,29.94,1
Tesla,Sedan,NCA,RWD,711.0,276429.0,9.02,39.21,0.03326,0.582,76.2,41.2,99.7,2017.0,79.83,41.51,1
MG,SUV,NMC,RWD,351.0,167810.0,10.2,20.85,0.02336,0.614,70.9,33.3,52.3,2016.0,100.97,37.39,1
Renault,SUV,NMC,AWD,992.0,,11.01,44.08,0.03121,0.8176,66.9,53.9,,2015.0,73.36,45.26,1
Tesla,Truck,NCA,FWD,330.0,197355.0,8.16,21.4,0.0185,0.4759,64.0,43.8,80.4,2018.0,125.4,36.35,0
Nissan,Sedan,NMC,AWD,215.0,78276.0,3.84,12.16,0.01531,0.5056,54.6,,73.8,2022.0,64.42,29.1,0
Volkswagen,Crossover,NMC,FWD,141.0,,6.85,6.96,0.00946,0.4241,48.0,25.7,23.8,2019.0,68.14,42.14,0
,Hatchback,NMC,FWD,1165.0,305505.0,10.04,48.86,0.038,0.7814,67.1,39.1,97.0,,52.47,33.6,1
Ford,Crossover,LFP,FWD,116.0,38271.0,2.97,1.16,,0.5311,23.0,29.0,45.4,2023.0,67.75,29.74,0
Volkswagen,Sedan,NMC,RWD,717.0,251643.0,7.35,34.94,,0.7276,72.1,87.2,112.5,2019.0,69.72,60.04,1
,Sedan,NMC,RWD,127.0,67850.0,7.93,7.65,0.01232,0.4155,47.4,17.1,30.7,2018.0,72.09,38.07,0
Hyundai,Crossover,NMC,AWD,129.0,60797.0,3.71,4.1,0.01572,0.4198,53.4,38.8,43.1,2022.0,79.94,51.24,0
Rivian,,NMC,RWD,563.0,194910.0,11.03,23.05,0.01973,0.5536,55.8,18.5,59.1,2015.0,68.83,50.74,0
Volkswagen,Sedan,NMC,AWD,,243678.0,9.09,36.94,0.03509,0.8206,73.5,96.3,89.0,2017.0,67.34,56.19,1
Hyundai,Crossover,NMC,FWD,5.0,17040.0,1.98,3.39,0.0097,0.4146,44.7,37.9,31.6,2024.0,67.88,36.65,0
Tata,SUV,LFP,FWD,103.0,33778.0,5.03,2.99,0.01916,0.6071,21.4,57.2,28.0,2021.0,71.09,47.66,0
Tesla,Crossover,NCA,AWD,859.0,329392.0,6.86,,0.03641,,79.6,67.1,157.7,2019.0,73.01,37.93,1
Volkswagen,SUV,LFP,FWD,310.0,165130.0,,3.89,0.01717,0.6351,22.3,27.7,56.6,2016.0,98.32,36.55,0
Tesla,Sedan,NCA,AWD,637.0,255358.0,9.88,40.44,0.03858,0.636,73.1,28.9,88.8,2016.0,72.99,18.46,1
Kia,Hatchback,NMC,AWD,1182.0,169119.0,5.01,49.1,0.03156,0.7685,73.2,73.1,101.8,2021.0,32.08,57.19,1
Ford,Hatchback,NMC,AWD,1642.0,372631.0,9.73,61.59,0.04072,1.1095,82.4,95.0,124.2,2016.0,45.88,43.69,1
GM,Sedan,NMC,AWD,411.0,105406.0,3.78,24.09,0.02305,0.5707,50.9,79.6,89.1,2022.0,58.74,49.55,0
,SUV,NMC,AWD,430.0,205566.0,7.9,23.74,0.03447,0.6035,56.8,58.8,91.1,2018.0,87.91,40.63,1
Hyundai,SUV,LFP,RWD,615.0,278427.0,5.98,13.02,0.01734,0.7468,26.3,35.0,149.5,2020.0,83.13,,0
Volkswagen,Sedan,LFP,AWD,208.0,47313.0,2.02,1.98,0.01,0.6465,26.8,45.8,72.4,2024.0,68.29,36.52,0
Toyota,Truck,LFP,FWD,6.0,19282.0,4.11,,0.00773,0.5389,21.6,10.9,22.2,2022.0,112.49,23.14,0
Tata,SUV,LFP,AWD,205.0,126465.0,8.99,4.52,0.00929,,17.1,31.9,47.0,2017.0,93.33,48.45,0
Hyundai,Sedan,LFP,AWD,265.0,40692.0,2.93,0.67,0.01781,0.4487,14.3,34.0,48.8,2023.0,63.64,51.0,0
Audi,Crossover,NMC,RWD,750.0,283283.0,9.98,34.39,0.02609,,60.4,63.3,91.1,2016.0,71.79,55.77,1
Volvo,Truck,NMC,AWD,501.0,288606.0,11.38,24.62,0.0223,0.5541,61.7,0.0,83.7,2015.0,113.6,24.51,0
Volkswagen,,NMC,AWD,630.0,182351.0,10.15,33.04,,0.7242,73.4,31.1,61.3,2016.0,67.1,13.42,1
BMW,Hatchback,NMC,RWD,595.0,164404.0,7.05,30.46,0.02898,0.6609,66.6,64.4,77.6,,50.37,51.06,1
GM,SUV,NMC,FWD,285.0,83391.0,4.54,17.46,0.01748,0.6139,62.0,86.1,68.2,,89.69,64.38,1
Hyundai,SUV,NMC,FWD,153.0,68127.0,3.17,5.4,0.0141,0.4791,51.6,38.6,59.8,2023.0,88.03,57.22,0
Tesla,Sedan,NMC,FWD,163.0,47710.0,9.02,6.43,0.01355,,50.4,34.4,25.2,2017.0,58.85,35.09,0
Renault,Hatchback,LMO,AWD,663.0,99365.0,4.2,48.63,0.03885,0.9202,65.7,27.0,73.0,2022.0,29.43,,1
Hyundai,Sedan,NMC,AWD,1051.0,287409.0,8.02,,0.03656,0.7619,90.2,78.9,119.0,2018.0,56.18,46.8,1
Tesla,Crossover,NMC,FWD,658.0,169681.0,5.03,34.72,0.02863,0.7561,78.3,82.2,107.7,2021.0,56.78,36.74,1
Mahindra,Sedan,NMC,RWD,291.0,91415.0,6.99,16.04,0.0238,0.538,49.0,26.5,44.8,2019.0,58.66,42.11,0
Volkswagen,SUV,NMC,RWD,216.0,137081.0,5.27,11.65,0.01557,0.4625,55.3,9.7,87.7,2021.0,95.88,,0
Nissan,Crossover,LMO,,637.0,241301.0,11.12,49.87,0.04741,0.9507,69.8,57.6,73.1,2015.0,77.73,58.35,1
Hyundai,Truck,NMC,FWD,369.0,,8.6,25.25,0.03315,0.6744,78.3,61.6,95.2,2017.0,121.03,31.33,1
Audi,Hatchback,NMC,FWD,214.0,30756.0,9.06,9.8,0.02049,0.4302,61.2,53.5,,2017.0,37.53,61.28,0
BYD,Hatchback,LFP,FWD,1416.0,356194.0,,25.17,0.03189,,36.9,,144.8,2018.0,48.76,33.03,1
Kia,Crossover,NMC,RWD,801.0,311001.0,11.25,35.75,0.03513,0.6195,66.8,35.1,94.4,2015.0,78.46,33.71,1
Ford,Sedan,LFP,RWD,230.0,44111.0,1.86,10.72,0.0174,0.8025,36.0,82.9,97.7,2024.0,64.28,51.81,0
Tesla,Van,NMC,RWD,892.0,278069.0,6.97,39.92,0.03139,0.7674,79.3,41.6,139.0,2019.0,68.24,18.71,1
Ford,SUV,LFP,FWD,392.0,,9.19,5.49,0.0138,0.6711,25.0,4.0,41.5,2017.0,97.06,30.74,0
Rivian,Crossover,NMC,FWD,456.0,196327.0,5.32,27.62,0.02481,0.653,68.0,38.3,120.6,2021.0,72.42,25.72,0
Volkswagen,Van,NMC,AWD,382.0,120005.0,4.14,19.14,0.01985,0.5284,69.0,67.1,100.2,2022.0,68.72,61.14,1
Tata,Truck,LFP,FWD,68.0,23247.0,4.21,0.2,0.00612,0.6221,19.5,,17.1,2022.0,114.96,48.43,0
Volvo,Hatchback,NMC,RWD,479.0,87830.0,4.08,39.14,0.02671,0.8187,92.8,100.0,,2022.0,38.11,34.7,1
Renault,SUV,LMO,FWD,1.0,2203.0,5.87,16.23,0.02195,0.7031,66.8,100.0,3.0,2020.0,76.99,38.74,1
Mercedes,Hatchback,NMC,FWD,718.0,179138.0,8.17,37.25,0.03377,0.7245,72.0,84.6,63.9,,49.58,53.37,1
Tesla,Van,NMC,RWD,,95744.0,7.85,9.33,0.01257,0.4972,44.1,28.4,37.4,2018.0,76.96,50.53,0
Rivian,Van,NMC,AWD,1104.0,408380.0,10.94,44.37,0.03229,0.7784,71.7,28.6,125.3,2015.0,,42.57,1
Tata,SUV,NMC,AWD,653.0,289384.0,10.16,32.58,0.03568,0.687,67.8,35.8,95.1,2016.0,85.82,28.06,1
Volkswagen,SUV,LFP,AWD,66.0,16449.0,8.91,0.2,0.01079,0.553,20.0,0.0,3.0,2017.0,79.58,37.09,0
Mercedes,Sedan,NMC,AWD,742.0,263044.0,6.22,35.98,,0.6556,57.8,56.4,138.6,2020.0,63.22,51.04,1
Volkswagen,Truck,NMC,AWD,157.0,,6.1,14.5,0.01993,0.4806,53.7,41.2,38.3,2020.0,138.19,33.16,0
,Hatchback,NMC,AWD,1.0,9393.0,2.96,0.2,0.00851,0.4089,47.9,50.1,3.0,2023.0,34.96,55.66,0
BYD,Hatchback,LFP,RWD,1469.0,275596.0,8.06,27.41,0.02671,1.0027,40.0,96.7,112.6,2018.0,36.03,55.27,1
Honda,SUV,NMC,FWD,516.0,,9.04,30.46,0.02618,0.6302,57.0,74.9,98.5,,92.15,44.06,1
,Sedan,NMC,AWD,881.0,345643.0,9.15,37.97,0.03659,0.735,61.0,29.4,122.5,2017.0,76.39,33.35,1
Nissan,SUV,NMC,RWD,943.0,450000.0,10.01,38.88,0.03473,0.7021,59.5,26.2,150.7,2016.0,96.73,23.87,1
Nissan,SUV,LMO,AWD,172.0,,9.83,21.93,0.02287,0.6992,58.5,29.9,21.6,2016.0,,60.51,0
,SUV,NMC,AWD,,80647.0,11.15,4.69,0.01164,0.4046,45.5,20.7,27.1,2015.0,84.58,43.6,0
Kia,Hatchback,NMC,FWD,339.0,89307.0,6.09,19.5,0.0208,,60.9,30.5,39.6,2020.0,54.97,34.14,0
Volkswagen,Sedan,NMC,RWD,1294.0,276543.0,11.05,46.73,0.03722,,72.1,48.1,,2015.0,45.31,55.99,1
MG,Sedan,NMC,AWD,1487.0,383224.0,10.07,55.75,0.04333,0.8537,89.1,81.0,128.2,2016.0,,49.09,1
BMW,Hatchback,NMC,FWD,564.0,124114.0,8.97,27.04,0.02582,0.6098,64.3,27.7,45.3,2017.0,44.32,24.05,1
Nissan,Hatchback,NMC,FWD,,124242.0,7.9,26.76,0.02403,0.6414,60.1,62.5,60.3,2018.0,38.22,61.63,1
Tesla,Hatchback,NMC,RWD,1271.0,220475.0,9.01,50.54,,0.8623,87.2,69.8,84.4,2017.0,36.26,45.39,1
,Truck,LFP,FWD,1.0,27203.0,1.94,1.24,0.01344,0.5594,22.3,0.0,49.8,2024.0,133.03,23.24,0
BMW,Hatchback,NMC,FWD,2819.0,352890.0,10.23,64.3,0.04488,0.9311,80.6,51.8,115.2,2016.0,25.0,44.38,1
Toyota,Van,NMC,RWD,75.0,23496.0,5.98,,,0.4266,53.2,59.3,12.8,2020.0,,50.25,0
Audi,Hatchback,NMC,FWD,222.0,71700.0,7.71,7.91,0.01202,0.4684,48.5,24.7,34.1,2018.0,57.4,43.85,0
Nissan,SUV,LMO,RWD,345.0,142038.0,3.16,38.46,0.02328,0.8565,70.6,63.3,152.8,2023.0,85.04,38.39,1
Hyundai,Crossover,NMC,RWD,62.0,44900.0,7.1,5.1,0.02102,0.4717,57.3,35.3,20.5,2019.0,61.86,65.35,0
GM,Hatchback,NMC,AWD,607.0,121354.0,9.22,36.46,0.02829,0.7372,74.9,46.1,41.5,2017.0,41.18,30.85,1
Lucid,,NCA,FWD,657.0,267582.0,9.05,41.22,0.03211,0.6495,81.2,52.6,98.4,2017.0,88.41,50.09,1
GM,Van,NMC,RWD,847.0,321856.0,11.14,38.57,0.03272,0.7989,65.4,17.8,93.6,2015.0,85.11,21.39,1
GM,Sedan,NMC,FWD,1008.0,364878.0,9.94,47.41,0.04255,0.9093,,60.9,118.1,2016.0,68.69,28.52,1
Renault,Sedan,NMC,FWD,1148.0,342549.0,10.85,50.72,0.03225,0.8823,76.7,86.0,107.5,2015.0,58.78,56.16,1
Mercedes,Crossover,NMC,FWD,132.0,67876.0,7.0,6.34,0.0165,0.4914,52.6,51.0,,,74.47,52.34,0
Volvo,SUV,NMC,FWD,378.0,194735.0,5.83,,0.01396,0.4953,52.4,70.5,109.1,2020.0,92.4,47.98,0
Tata,SUV,NMC,FWD,207.0,82235.0,6.11,13.89,0.02225,0.5587,57.7,50.6,,2020.0,89.13,32.43,0
Tesla,Truck,NMC,RWD,105.0,111040.0,5.12,10.04,0.01748,0.5089,56.1,26.0,71.4,2021.0,119.27,18.87,0
Tesla,Hatchback,LFP,RWD,507.0,84909.0,8.84,4.38,0.02152,0.5956,12.9,27.2,32.1,2017.0,39.97,48.59,0
Rivian,Sedan,NMC,FWD,851.0,244523.0,7.91,38.85,0.03491,0.7502,65.2,31.6,107.1,2018.0,58.18,39.33,1
Honda,SUV,NMC,FWD,319.0,,5.06,15.9,0.01754,0.4979,54.7,67.7,99.7,2021.0,84.51,58.83,0
Rivian,Hatchback,NMC,,8.0,500.0,2.03,4.62,0.00874,,61.1,64.6,8.8,2024.0,31.23,18.6,0
MG,Crossover,NMC,AWD,180.0,68873.0,4.94,7.2,0.01553,0.4262,49.9,51.3,52.5,2021.0,75.87,51.16,0
Mahindra,Truck,LFP,AWD,1.0,49269.0,5.89,0.2,0.00146,0.5179,29.8,55.7,31.4,2020.0,121.91,53.27,0
Audi,Crossover,NMC,FWD,494.0,163048.0,11.13,23.17,0.02486,,53.6,47.6,49.8,2015.0,66.07,37.42,1
Mercedes,SUV,NMC,AWD,158.0,70342.0,2.98,4.68,0.00981,0.4065,49.1,27.9,61.2,2023.0,99.07,35.68,0
Renault,,NMC,FWD,769.0,214421.0,6.04,31.32,0.02824,0.6707,71.0,4.5,126.2,2020.0,60.67,8.78,0
GM,Van,NMC,FWD,106.0,43436.0,7.06,15.23,0.01573,0.5935,66.3,96.3,17.5,2019.0,77.22,39.4,1
BYD,SUV,LFP,AWD,612.0,197534.0,11.25,7.93,0.02616,0.6219,35.7,48.7,61.8,2015.0,64.15,52.96,0
Kia,SUV,NMC,AWD,263.0,144258.0,9.82,13.22,0.01188,0.4961,51.4,47.4,44.8,2016.0,94.09,29.65,0
MG,SUV,LFP,RWD,300.0,106057.0,8.98,4.39,0.01258,0.5958,16.0,23.2,37.9,2017.0,99.51,37.08,0
Toyota,Sedan,LFP,AWD,1.0,6652.0,3.96,0.2,0.01364,0.5262,13.5,23.9,,2022.0,57.83,39.82,0
Tesla,Hatchback,NMC,FWD,1002.0,193688.0,5.85,39.56,0.02955,0.7036,72.5,11.7,111.3,2020.0,37.5,32.63,1
BYD,SUV,NMC,,1.0,500.0,7.84,0.2,0.01379,0.3663,52.3,22.9,3.0,2018.0,94.64,46.33,0
Hyundai,Truck,NMC,AWD,799.0,450000.0,11.15,41.99,0.0284,0.8708,77.7,,133.2,2015.0,121.41,33.52,1
Rivian,SUV,NMC,,71.0,4706.0,2.02,17.19,,0.6125,73.6,100.0,3.0,2024.0,81.44,28.6,0
Audi,Hatchback,NMC,FWD,113.0,38764.0,8.29,2.51,0.01405,0.3765,37.8,25.4,12.7,2018.0,53.3,43.78,0
Hyundai,Hatchback,NMC,AWD,1526.0,370815.0,9.2,56.85,0.03603,0.8924,73.1,62.6,134.8,2017.0,45.96,47.97,1
Mercedes,SUV,,FWD,254.0,141784.0,10.98,20.65,0.01797,0.5652,72.6,52.3,39.5,2015.0,94.74,65.73,1
Audi,Sedan,NMC,FWD,1047.0,272981.0,9.8,41.0,0.03366,0.717,65.6,13.1,86.5,2016.0,54.66,7.93,1
Tesla,Van,NMC,AWD,69.0,16530.0,5.05,3.59,0.00863,0.4042,42.5,32.8,17.5,2021.0,87.07,29.02,0
Tesla,Sedan,NMC,FWD,928.0,222173.0,7.95,38.68,0.0313,0.6746,80.4,83.2,90.5,2018.0,48.63,61.13,1
Volkswagen,Sedan,NMC,AWD,241.0,72128.0,7.1,,0.02073,0.4792,54.1,18.0,31.7,2019.0,65.01,33.99,0
Mercedes,Hatchback,NMC,AWD,223.0,80848.0,6.8,12.78,0.02401,0.4806,61.9,25.1,39.6,2019.0,62.18,49.96,1
GM,SUV,NMC,RWD,140.0,20668.0,3.27,21.33,0.01947,,74.3,87.0,27.2,2023.0,97.96,33.08,1
Hyundai,Crossover,NMC,FWD,1057.0,322125.0,9.99,45.37,0.03706,0.8953,83.4,84.9,108.5,2016.0,68.6,57.04,1
BYD,SUV,LFP,FWD,290.0,126872.0,8.9,6.08,0.01349,0.6298,23.9,21.1,48.2,2017.0,75.21,36.54,0
GM,Crossover,,RWD,612.0,,6.94,29.15,0.02991,0.5869,60.3,57.6,118.1,2019.0,76.99,34.72,1
Lucid,,NMC,RWD,160.0,61196.0,3.22,15.38,0.02126,0.5016,55.0,75.9,77.2,2023.0,74.8,48.68,0
Nissan,Sedan,LMO,RWD,523.0,140700.0,,44.41,0.0332,0.7777,59.0,37.1,45.6,2016.0,52.11,43.25,1
Tesla,SUV,NCA,RWD,289.0,161705.0,9.79,20.54,0.03131,0.5098,66.1,26.3,60.8,2016.0,,26.01,0
Mahindra,SUV,LFP,FWD,1.0,18084.0,9.97,0.2,0.00565,0.4898,22.3,23.2,4.8,,87.97,26.08,0
GM,Crossover,NMC,AWD,73.0,7260.0,10.71,,0.00998,0.3899,52.6,21.0,3.0,2015.0,72.66,43.48,0
Toyota,SUV,LFP,FWD,1.0,19317.0,,0.2,0.00846,0.5487,18.2,19.3,3.0,2022.0,68.08,54.09,0
Renault,Sedan,LMO,FWD,843.0,281031.0,9.17,53.48,0.03822,0.8661,64.7,44.8,103.5,2017.0,65.79,47.23,1
Ford,Crossover,NMC,RWD,93.0,30976.0,4.02,3.57,0.0163,0.3849,54.0,34.7,16.3,2022.0,92.34,49.3,0
Mercedes,Crossover,NMC,RWD,124.0,41931.0,6.27,10.63,0.01684,0.4924,48.1,35.9,21.2,2020.0,,23.15,0
Ford,Crossover,NMC,FWD,566.0,175613.0,6.07,28.29,0.02741,0.6691,58.6,45.1,,2020.0,71.34,31.11,1
GM,Crossover,NMC,RWD,303.0,78234.0,11.01,20.74,,0.5555,68.1,,22.4,2015.0,73.76,38.33,0
Kia,Hatchback,NMC,AWD,13.0,6806.0,1.97,0.2,0.00929,0.35,45.3,,3.0,,63.54,29.31,0
MG,Hatchback,LFP,FWD,,313116.0,7.22,17.13,0.01736,0.7616,25.4,52.7,144.1,2019.0,44.81,43.09,0
Mercedes,Hatchback,NCA,FWD,1.0,2191.0,6.91,0.2,0.01277,0.3132,54.0,12.9,3.0,2019.0,50.34,32.89,0
BYD,Crossover,NMC,AWD,560.0,202597.0,9.05,26.03,0.02905,0.6241,67.4,25.0,73.0,2017.0,69.02,26.55,1
Volvo,SUV,NMC,AWD,57.0,53904.0,4.27,0.2,0.01119,0.4256,49.4,28.1,49.9,2022.0,94.21,39.53,0
Toyota,,LFP,RWD,,39250.0,9.0,0.2,0.01602,0.5578,18.9,40.8,13.9,2017.0,38.38,50.39,0
Toyota,SUV,NMC,AWD,1.0,,10.09,0.2,0.01101,0.3756,49.2,12.0,,2016.0,82.99,28.66,0
Rivian,Hatchback,NMC,FWD,1081.0,233804.0,11.07,40.14,0.04218,0.6536,69.4,43.3,72.8,2015.0,43.75,44.48,1
Renault,SUV,LMO,FWD,444.0,191713.0,6.73,47.0,0.03239,0.9595,79.1,70.5,90.3,2019.0,84.55,55.55,1
Ford,SUV,NMC,AWD,663.0,287330.0,10.2,33.71,0.03783,0.6324,67.5,35.4,98.1,2016.0,97.18,41.1,1
BMW,SUV,NMC,FWD,70.0,1863.0,2.11,2.87,0.0145,0.4064,40.6,19.4,38.9,2024.0,90.49,23.06,0
Nissan,Sedan,LMO,RWD,92.0,31145.0,10.81,10.22,0.01946,0.4606,47.1,,10.4,2015.0,51.67,39.07,0
BYD,SUV,LFP,RWD,38.0,45433.0,6.71,0.2,0.01099,0.582,11.3,10.5,18.3,2019.0,86.27,36.3,0
Renault,Sedan,NMC,FWD,176.0,80535.0,6.08,12.12,0.01667,0.5183,55.1,0.0,43.5,2020.0,70.5,7.64,0
Mercedes,SUV,NMC,FWD,356.0,153465.0,7.13,14.11,0.01998,0.5359,52.0,25.6,73.1,2019.0,,42.37,0
Honda,Crossover,NMC,FWD,899.0,388456.0,10.04,39.01,,0.6883,59.8,65.4,127.0,2016.0,88.94,71.98,1
Tesla,Van,LFP,RWD,402.0,,4.19,2.38,0.01165,0.5669,12.7,22.0,94.8,2022.0,,36.39,0
Kia,Sedan,NMC,RWD,734.0,221972.0,7.89,38.79,0.03017,0.7781,82.6,90.9,,2018.0,68.43,49.74,1
MG,,NMC,AWD,310.0,135676.0,7.74,19.62,0.02791,,55.4,30.4,47.6,2018.0,83.77,28.32,1
,SUV,LMO,RWD,351.0,162308.0,11.0,41.99,0.03635,0.8726,64.1,64.9,46.0,2015.0,94.86,64.97,1
Ford,Hatchback,LFP,FWD,255.0,83108.0,9.05,0.88,0.01222,0.5935,30.9,,32.7,,49.54,39.64,0
BYD,SUV,,RWD,646.0,275622.0,10.89,,0.00617,0.6479,21.9,61.0,87.1,2015.0,82.05,47.54,0
Kia,SUV,NMC,FWD,430.0,156792.0,10.99,18.73,,0.4995,50.1,14.6,44.6,2015.0,85.46,39.04,0
Ford,Hatchback,NMC,FWD,1171.0,325004.0,,50.04,0.03725,0.81,71.3,67.6,132.7,2018.0,54.84,58.1,1
Ford,Sedan,LFP,AWD,138.0,14279.0,10.08,2.58,0.01602,0.5523,26.4,12.0,3.0,2016.0,61.09,14.51,0
Nissan,SUV,NMC,FWD,352.0,175391.0,10.17,15.71,0.0152,0.5321,44.6,45.6,57.2,2016.0,87.61,70.0,0
Audi,Crossover,NMC,FWD,797.0,,10.09,36.91,0.0285,0.7059,60.7,57.9,103.9,2016.0,79.71,53.34,1
Volkswagen,SUV,NMC,FWD,12.0,28851.0,2.25,0.2,0.00817,0.4046,46.9,22.9,47.3,2024.0,87.83,23.45,0
Ford,SUV,LFP,RWD,139.0,11290.0,2.75,4.27,0.00938,0.6183,20.4,60.2,44.3,2023.0,96.49,39.33,0
Toyota,Hatchback,NMC,FWD,1348.0,290235.0,,45.42,0.03203,0.8235,71.3,56.2,139.3,2019.0,43.26,35.44,1
Tesla,Van,,FWD,152.0,61118.0,10.95,,0.02209,0.4022,68.4,47.0,16.0,,,51.6,1
GM,Crossover,NMC,AWD,980.0,295457.0,10.0,47.88,0.03915,0.9131,,91.8,96.3,2016.0,58.11,54.81,1
Nissan,Sedan,NMC,AWD,928.0,263948.0,11.03,40.54,0.03275,0.7199,61.4,26.4,79.6,2015.0,,27.12,1
Kia,Van,NMC,FWD,607.0,267498.0,10.99,32.96,0.03466,0.7523,65.4,56.0,82.6,2015.0,88.07,42.87,1
Volkswagen,Sedan,NMC,AWD,1078.0,333002.0,10.15,46.85,0.04107,0.7296,73.2,41.1,108.5,2016.0,61.33,31.4,1
Mercedes,Sedan,NMC,FWD,1008.0,385550.0,9.92,35.77,0.03217,0.7143,58.5,48.7,127.4,2016.0,79.22,35.87,1
Mercedes,Sedan,NMC,FWD,577.0,210753.0,9.91,30.35,0.02872,0.6185,60.8,49.3,75.7,2016.0,,54.15,1
Tesla,SUV,NCA,AWD,298.0,159173.0,4.96,24.59,0.0302,0.4841,75.7,52.8,109.0,2021.0,91.43,55.99,1
Volkswagen,Hatchback,,FWD,183.0,37911.0,2.99,9.67,0.01556,0.4136,52.6,29.3,61.5,2023.0,40.13,19.39,0
Volkswagen,Sedan,NMC,FWD,1056.0,416967.0,11.02,44.2,0.03382,0.7579,66.2,46.1,122.4,2015.0,80.13,47.75,1
Audi,Truck,NCA,RWD,457.0,254878.0,10.99,32.81,0.02904,0.556,72.8,46.7,79.5,2015.0,117.51,46.52,1
Toyota,SUV,NMC,AWD,65.0,22307.0,8.11,4.48,0.01195,0.3843,46.7,32.9,5.4,2018.0,91.66,39.06,0
Nissan,Hatchback,NMC,FWD,1151.0,286398.0,10.12,42.54,0.03417,0.7811,66.3,36.5,95.5,2016.0,47.31,41.09,1
Renault,Hatchback,NMC,FWD,145.0,38197.0,8.04,6.78,0.01384,0.4583,50.5,40.1,15.3,2018.0,58.23,49.68,0
Tesla,Crossover,NCA,FWD,90.0,19777.0,7.01,0.2,0.01487,,62.2,7.2,3.0,,76.25,28.82,0
Renault,Hatchback,NMC,FWD,155.0,57270.0,5.35,10.68,0.01909,0.4921,,46.3,34.3,2021.0,,40.51,0
Toyota,Crossover,NMC,RWD,,181137.0,10.09,31.34,0.02605,0.6152,57.7,61.9,54.9,,74.79,40.91,1
Tesla,Van,NMC,FWD,987.0,421094.0,11.23,43.39,0.03121,,59.4,38.0,125.6,2015.0,89.35,18.95,1
Rivian,Sedan,NMC,FWD,674.0,193216.0,10.23,33.78,0.03318,0.7037,61.5,16.4,57.4,2016.0,56.41,32.03,0
Kia,Hatchback,LFP,FWD,38.0,30331.0,3.81,5.35,0.00908,0.6783,32.8,33.5,25.3,2022.0,57.82,23.26,0
Nissan,,LMO,AWD,,230454.0,7.01,57.49,0.0333,1.0473,80.6,81.9,106.3,2019.0,66.38,50.66,1
Mahindra,SUV,LTO,FWD,1.0,85201.0,8.1,2.28,0.01589,0.2337,11.0,39.7,39.0,2018.0,91.55,33.89,0
Toyota,Hatchback,NMC,AWD,1163.0,181501.0,9.77,52.77,0.03673,0.9669,78.0,74.1,63.8,2016.0,30.9,44.47,1
BYD,Sedan,LFP,RWD,1217.0,362951.0,8.06,15.65,0.02202,0.7482,32.6,38.1,149.2,2018.0,61.12,39.65,0
Nissan,Hatchback,NMC,FWD,1356.0,216786.0,8.79,53.54,0.03758,0.8371,73.0,65.8,76.4,2017.0,32.76,58.95,1
Lucid,Crossover,NMC,FWD,783.0,315548.0,9.09,35.25,0.03411,0.6576,60.7,29.2,118.0,2017.0,80.83,37.21,1
Toyota,Crossover,NMC,FWD,790.0,295397.0,9.93,37.92,0.027,0.6992,57.4,44.3,105.5,,76.49,45.01,1
Tesla,Sedan,NCA,FWD,837.0,320038.0,,44.71,0.0375,0.7671,91.1,66.4,,2015.0,72.5,35.99,1
BYD,SUV,LFP,RWD,20.0,40995.0,9.16,2.5,0.01139,0.6407,15.7,32.2,15.6,,101.89,33.8,0
Tesla,Sedan,NMC,FWD,646.0,198445.0,,32.95,0.02227,0.6472,57.5,70.8,57.0,2015.0,64.83,65.13,1
BMW,Sedan,NMC,AWD,379.0,94191.0,8.01,13.7,0.01726,0.4656,46.0,15.5,37.2,2018.0,53.26,42.55,0
Nissan,Hatchback,NMC,RWD,1512.0,356941.0,10.06,55.76,0.04153,0.8637,75.8,,115.4,2016.0,45.47,37.2,1
Hyundai,SUV,NMC,AWD,752.0,330020.0,7.14,,0.03703,0.7285,80.8,77.5,148.1,2019.0,84.11,53.43,1
BYD,SUV,LFP,FWD,92.0,10369.0,2.93,0.2,0.0092,0.5706,15.4,21.6,11.6,2023.0,,43.3,0
BMW,Sedan,NMC,RWD,665.0,237700.0,9.0,32.86,,0.6299,71.7,37.0,90.4,2017.0,66.01,38.19,1
Audi,Hatchback,NMC,FWD,767.0,168766.0,5.89,36.8,0.03814,0.7482,76.4,53.3,,2020.0,40.08,31.17,1
BMW,Sedan,,AWD,802.0,279308.0,10.11,38.78,0.02393,0.6841,67.4,,90.8,2016.0,68.95,51.87,1
Volkswagen,Sedan,NMC,FWD,113.0,41860.0,7.96,12.66,0.01769,0.5004,63.3,49.2,13.4,2018.0,66.2,31.04,0
Rivian,Sedan,NCA,FWD,521.0,134948.0,9.89,38.33,0.02568,0.6116,77.4,32.4,48.1,2016.0,53.25,40.4,1
Tesla,Sedan,LFP,FWD,1474.0,450000.0,10.83,19.06,0.02004,0.778,27.7,66.3,135.2,2015.0,61.58,35.26,1
Ford,Sedan,NMC,AWD,898.0,307141.0,9.3,41.79,0.03531,0.7083,57.4,37.8,106.8,2017.0,70.8,30.06,1
Renault,SUV,NMC,FWD,843.0,404638.0,10.98,43.7,0.03498,0.678,68.1,88.0,122.8,2015.0,101.88,68.53,1
BYD,Hatchback,NMC,AWD,277.0,87449.0,7.71,16.54,0.01392,0.5171,47.2,26.8,29.7,2018.0,64.32,32.73,0
,Crossover,NMC,AWD,1158.0,450000.0,11.01,44.45,0.03421,0.7208,60.7,4.6,144.1,,75.76,6.74,1
Renault,Truck,LMO,RWD,374.0,252051.0,10.17,41.7,0.03779,0.8242,61.9,26.0,85.5,2016.0,138.36,35.21,1
BYD,Crossover,LFP,FWD,135.0,58654.0,6.07,0.2,0.01249,0.5732,20.5,33.3,31.7,2020.0,,44.74,0
,Crossover,LFP,AWD,21.0,,9.7,0.2,0.01662,0.6146,28.8,19.2,,2016.0,62.27,22.09,0
Tesla,Van,NCA,RWD,649.0,271168.0,10.08,34.75,0.03431,0.5962,75.5,15.5,87.9,2016.0,83.28,36.85,1
,Sedan,NMC,FWD,1103.0,404099.0,9.92,44.93,0.03005,0.7843,70.2,29.7,135.7,2016.0,73.05,36.8,1
Volvo,Crossover,NMC,RWD,77.0,48881.0,1.88,9.02,0.01473,0.4939,65.1,58.3,,2024.0,82.02,36.75,0
BYD,Hatchback,LFP,RWD,167.0,8314.0,4.27,0.2,0.00706,0.5343,24.1,40.9,18.7,2022.0,46.92,51.28,0
Toyota,Hatchback,NMC,FWD,811.0,181198.0,4.95,40.54,0.02752,0.6547,72.7,90.5,127.9,2021.0,46.71,40.26,1
BYD,SUV,LFP,FWD,578.0,242209.0,8.97,10.2,0.01154,0.7017,30.7,30.4,91.4,2017.0,96.7,34.66,0
Nissan,Truck,LMO,AWD,239.0,140898.0,7.75,30.54,0.02407,0.6908,57.1,12.4,63.7,2018.0,127.61,34.12,0
Renault,Crossover,NMC,FWD,308.0,80257.0,9.98,17.49,0.01964,0.5047,53.9,0.7,29.1,2016.0,59.86,26.34,0
Ford,Sedan,LFP,AWD,156.0,32593.0,2.14,1.48,0.00965,0.5638,12.2,26.4,,2024.0,65.47,44.09,0
BYD,SUV,NMC,FWD,76.0,36128.0,3.09,12.18,0.01617,0.5539,64.1,83.7,39.5,2023.0,95.33,38.76,0
Mahindra,Crossover,LTO,FWD,1.0,8648.0,5.98,0.2,0.00852,0.262,,0.2,3.0,2020.0,66.16,21.49,0
Honda,Crossover,NMC,FWD,,73262.0,,20.58,0.02384,0.6342,68.5,68.4,28.8,2018.0,60.67,26.65,1
Nissan,Hatchback,LMO,FWD,1327.0,248166.0,8.01,64.84,0.04675,1.0042,64.2,65.1,105.2,2018.0,37.42,53.64,1
GM,Sedan,NMC,FWD,182.0,65045.0,4.81,,0.01343,0.5548,55.3,57.9,51.0,2021.0,64.42,46.33,0
Renault,Hatchback,LMO,AWD,273.0,81752.0,10.02,27.94,0.02539,0.6409,50.6,23.3,26.2,2016.0,55.73,51.17,0
Ford,Hatchback,NMC,FWD,1412.0,299095.0,9.11,51.0,0.03823,0.8309,64.7,,110.9,2017.0,41.92,71.83,1
,Hatchback,LFP,RWD,20.0,18133.0,4.12,5.75,0.01088,0.6214,22.7,32.6,20.2,2022.0,38.25,17.02,0
Rivian,Truck,NMC,AWD,123.0,111107.0,6.8,9.15,0.01236,0.5614,43.4,62.6,54.1,2019.0,120.85,52.11,0
Toyota,Van,NMC,FWD,561.0,246351.0,9.28,32.51,0.03196,0.6292,65.6,48.3,88.3,2017.0,85.71,45.74,1
Audi,Van,NMC,RWD,274.0,106624.0,10.96,10.67,0.01624,0.4431,44.3,0.0,27.7,,88.02,22.02,0
Hyundai,SUV,NMC,RWD,75.0,17224.0,11.04,8.53,0.01697,0.5002,68.6,82.2,3.0,2015.0,63.67,83.06,0
Rivian,SUV,NCA,AWD,554.0,197089.0,5.87,36.79,,0.6358,85.4,79.0,113.5,2020.0,79.57,52.61,1
Ford,Sedan,LFP,AWD,287.0,134795.0,10.95,14.3,0.01464,0.8993,32.8,79.1,40.8,2015.0,69.54,26.64,1
Tesla,Hatchback,NCA,AWD,445.0,114649.0,3.28,29.53,0.02058,0.6572,79.5,50.6,109.4,2023.0,43.68,33.34,0
MG,SUV,LFP,AWD,30.0,16098.0,10.16,12.98,0.01958,0.8436,38.2,100.0,6.9,2016.0,85.42,43.1,1
Volvo,Hatchback,NMC,AWD,264.0,77008.0,10.79,11.26,0.01697,0.501,54.3,22.6,25.2,2015.0,43.24,,0
Nissan,Hatchback,LMO,FWD,1271.0,325888.0,11.17,68.91,0.04736,1.0988,88.7,80.4,100.2,2015.0,51.01,57.14,1
Volkswagen,Hatchback,NMC,FWD,450.0,116818.0,7.92,29.82,0.02519,0.7645,80.9,74.8,45.0,2018.0,,34.14,1
Volvo,Hatchback,NMC,FWD,76.0,8801.0,3.46,2.24,0.01286,0.3996,54.8,23.7,17.1,2023.0,52.0,46.19,0
Tesla,Crossover,NCA,FWD,479.0,164916.0,10.67,34.11,0.03185,0.6164,82.5,67.6,51.1,2015.0,77.44,40.22,1
Hyundai,Crossover,NMC,AWD,1074.0,346982.0,9.27,39.18,,0.7244,60.0,48.9,121.5,,68.61,,1
Tesla,Hatchback,NCA,FWD,225.0,81350.0,5.8,14.47,0.01301,0.4383,62.8,9.9,52.5,2020.0,64.82,32.53,0
Tesla,SUV,NCA,FWD,656.0,304908.0,7.87,39.12,0.02762,0.6004,79.3,49.6,,2018.0,100.9,45.4,1
Lucid,SUV,NMC,FWD,88.0,9397.0,1.9,2.61,0.00863,0.436,50.4,72.1,5.9,2024.0,94.08,51.43,0
Tesla,Hatchback,NCA,RWD,1155.0,218514.0,6.13,53.53,0.04026,0.7707,100.0,72.1,112.9,2020.0,37.96,61.56,1
GM,Van,LFP,RWD,419.0,214220.0,7.96,4.24,0.01525,0.6195,22.8,50.3,88.7,2018.0,89.57,43.83,0
Ford,Crossover,NMC,AWD,1100.0,385647.0,9.75,44.81,0.03548,0.7427,66.5,30.5,134.0,2016.0,68.55,,1
Ford,Hatchback,NMC,AWD,561.0,137097.0,4.87,31.25,0.02309,0.6688,51.2,48.0,95.0,2021.0,52.65,16.18,1
Ford,Sedan,,AWD,504.0,156641.0,10.07,5.92,0.02029,0.6704,13.5,35.4,55.7,2016.0,70.94,37.93,0
Nissan,Hatchback,NMC,FWD,233.0,75109.0,9.9,23.54,0.03106,0.6567,76.7,46.3,28.5,2016.0,,16.24,1
Mercedes,Sedan,NMC,FWD,2068.0,389983.0,10.77,,0.04208,0.8417,,50.0,122.2,2015.0,38.45,57.82,1
Mercedes,SUV,NMC,FWD,674.0,276190.0,6.87,31.03,0.0267,0.6364,65.0,49.1,134.7,2019.0,86.19,37.27,1
Nissan,SUV,LMO,AWD,655.0,280113.0,7.04,54.31,0.04237,0.9368,60.2,68.9,125.7,2019.0,86.4,63.17,1
BMW,Hatchback,,AWD,,143440.0,6.13,,0.01599,0.6064,70.6,8.0,75.4,2020.0,,38.41,0
,Sedan,NMC,AWD,662.0,256362.0,10.78,30.08,0.03026,0.6206,,46.5,82.1,2015.0,74.71,40.2,1
,Van,NMC,FWD,626.0,,7.09,34.57,0.03093,0.6897,66.3,60.4,132.4,2019.0,93.06,45.85,1
Kia,Crossover,LFP,FWD,76.0,34809.0,7.09,1.39,0.01556,0.6281,31.4,38.2,20.3,2019.0,81.33,52.75,0
Renault,Van,NMC,FWD,201.0,68219.0,6.86,10.49,0.02773,,60.6,0.0,38.1,2019.0,89.03,21.01,0
Tesla,Sedan,NMC,AWD,54.0,11446.0,3.9,7.24,0.01696,0.4103,60.0,26.6,17.6,2022.0,65.39,,0
Hyundai,SUV,NMC,FWD,377.0,176853.0,5.83,28.74,0.0367,0.6773,77.3,100.0,97.7,2020.0,92.03,65.7,1
BMW,Sedan,NMC,FWD,986.0,287866.0,8.87,41.44,0.04002,0.732,71.1,53.4,105.4,2017.0,63.15,65.31,1
Renault,SUV,LMO,FWD,484.0,258537.0,7.76,45.92,0.03269,0.8283,58.2,40.1,106.8,2018.0,107.18,36.52,0
GM,Crossover,NMC,RWD,1.0,16250.0,1.9,0.22,0.00699,0.3638,49.1,27.1,32.3,2024.0,,33.54,0
Ford,Sedan,NMC,FWD,554.0,216231.0,8.94,,0.02493,0.58,62.6,47.1,74.1,2017.0,72.1,49.33,1
Volvo,Hatchback,NMC,RWD,198.0,45600.0,2.0,6.0,0.01117,0.438,57.0,16.3,58.4,2024.0,52.31,45.11,0
Volkswagen,Sedan,NMC,AWD,631.0,207838.0,11.46,28.69,0.03262,0.5659,63.9,45.6,62.9,2015.0,73.05,,1
GM,SUV,NMC,AWD,192.0,80492.0,6.99,19.16,0.02514,0.6795,73.9,73.4,37.6,2019.0,98.16,19.01,1
Kia,Sedan,NMC,FWD,951.0,417588.0,10.88,41.46,0.04059,,69.5,64.2,130.2,2015.0,85.71,52.51,1
Tata,SUV,LFP,RWD,210.0,89785.0,9.74,0.2,0.01066,0.5399,22.7,29.1,35.1,2016.0,90.84,50.79,0
Tesla,Hatchback,NCA,RWD,397.0,121050.0,3.62,36.11,0.02841,0.6587,94.9,73.9,112.8,2022.0,53.88,18.08,1
Hyundai,SUV,NMC,RWD,430.0,200898.0,10.0,23.73,0.02241,0.5814,69.2,57.3,67.7,2016.0,95.42,38.27,1
Hyundai,SUV,NMC,FWD,752.0,311151.0,7.87,35.95,0.02932,0.6754,61.3,59.5,135.3,2018.0,89.9,41.46,0
Toyota,SUV,LFP,RWD,33.0,28692.0,2.28,0.2,0.01207,0.5067,22.8,14.1,23.9,2024.0,91.33,42.5,0
Renault,Hatchback,NMC,RWD,765.0,208139.0,7.22,35.44,0.02409,0.68,57.7,46.2,97.2,2019.0,54.3,44.43,0
Renault,Truck,NMC,AWD,345.0,211203.0,8.86,22.22,0.02521,0.5579,65.2,35.2,80.3,2017.0,120.58,28.33,1
Tata,SUV,LTO,RWD,304.0,182546.0,5.15,10.67,0.01721,0.3213,31.0,69.1,116.3,2021.0,93.01,37.56,0
BYD,Sedan,LFP,FWD,757.0,214306.0,9.86,12.93,0.01379,0.6448,42.8,37.0,73.5,2016.0,69.2,42.37,0
Volkswagen,Truck,NMC,FWD,146.0,58074.0,2.03,8.04,0.00704,0.4782,49.6,20.9,102.8,2024.0,112.42,25.06,0
BMW,Hatchback,,FWD,282.0,59261.0,5.93,20.34,0.02314,0.5014,64.9,34.2,40.3,2020.0,46.35,,0
Renault,SUV,LMO,FWD,450.0,167989.0,6.01,48.15,0.03583,0.838,65.2,42.8,96.8,2020.0,76.71,33.34,1
Renault,Crossover,LMO,AWD,258.0,104766.0,2.84,33.67,0.02444,0.7125,48.2,73.2,119.9,2023.0,74.25,61.27,1
Hyundai,Hatchback,NMC,,613.0,134409.0,5.95,28.73,0.02997,0.6408,64.7,21.2,71.9,2020.0,42.07,14.56,0
BYD,Sedan,NMC,FWD,190.0,52899.0,9.0,11.26,0.01532,0.4434,57.3,52.5,19.4,,53.64,42.02,0
Volkswagen,Crossover,NMC,FWD,28.0,7122.0,10.79,0.41,0.01693,0.4055,51.7,34.6,3.0,,62.14,39.18,0
Renault,SUV,NMC,RWD,831.0,324547.0,11.1,39.11,,0.687,74.3,44.5,98.2,2015.0,80.61,43.06,1
Toyota,SUV,NMC,FWD,724.0,310766.0,9.89,,0.02802,0.664,74.8,,104.8,2016.0,85.18,,1
GM,SUV,NMC,FWD,905.0,398028.0,9.93,,0.03913,0.7179,69.3,27.3,132.8,2016.0,92.6,22.33,1
Tesla,Crossover,NMC,AWD,610.0,185642.0,6.88,30.92,0.02998,0.7387,71.0,52.0,91.2,2019.0,69.5,46.13,1
BYD,Truck,NMC,FWD,322.0,156282.0,10.09,19.67,0.02453,0.5196,58.7,31.1,48.6,2016.0,126.62,35.58,1
Renault,Hatchback,NMC,FWD,813.0,189853.0,9.11,40.64,,0.7004,64.4,52.5,65.6,2017.0,47.53,39.43,1
Hyundai,SUV,NMC,FWD,311.0,117782.0,10.95,23.04,0.03511,0.6322,65.5,22.6,37.4,2015.0,81.46,24.08,1
Tesla,SUV,NCA,FWD,466.0,146868.0,10.93,28.12,0.02006,0.5338,66.9,55.4,43.2,2015.0,79.81,49.03,1
Volvo,Hatchback,NMC,FWD,427.0,80174.0,5.11,24.26,0.02116,0.6066,67.1,42.9,47.8,2021.0,46.13,50.15,0
BYD,Crossover,LFP,AWD,136.0,25625.0,3.16,,0.01278,0.6229,25.4,70.4,23.2,2023.0,68.92,72.66,0
Tesla,Sedan,NCA,AWD,173.0,78182.0,5.01,12.46,0.01972,0.3839,70.5,43.5,43.4,2021.0,83.55,46.24,0
Kia,Sedan,NMC,RWD,458.0,154170.0,7.89,29.08,0.02941,0.7152,76.8,71.8,58.7,2018.0,63.73,35.45,1
Audi,SUV,NMC,FWD,310.0,,8.17,23.95,0.02786,0.6903,77.5,82.6,73.6,2018.0,91.03,,1
Tesla,Crossover,NCA,FWD,158.0,55022.0,5.01,8.41,0.01268,0.4345,69.1,32.4,36.8,2021.0,75.14,37.66,0
BYD,Crossover,LFP,RWD,273.0,120504.0,6.07,1.16,0.00595,0.5694,15.0,0.4,68.3,,72.84,43.87,0
Hyundai,SUV,NMC,RWD,590.0,265908.0,6.91,28.0,0.02778,0.6103,64.4,17.5,129.2,2019.0,85.55,32.31,1
Kia,SUV,NMC,FWD,613.0,257997.0,11.12,31.92,0.03245,0.6669,64.7,35.8,78.6,2015.0,81.36,24.16,1
Ford,Sedan,LFP,FWD,341.0,81104.0,7.72,1.56,0.01671,0.5804,23.0,18.3,36.3,2018.0,73.66,35.38,0
BMW,Hatchback,NMC,RWD,937.0,236091.0,10.98,43.5,0.04119,0.7628,70.0,76.8,73.9,2015.0,50.32,55.76,1
Rivian,Hatchback,NMC,AWD,929.0,,9.84,40.86,0.03155,0.805,84.6,65.0,54.4,2016.0,38.74,40.2,1
Tata,Sedan,NMC,FWD,254.0,97192.0,4.88,22.4,0.02197,0.6068,65.4,79.3,76.3,,69.93,41.13,0
Hyundai,SUV,NMC,AWD,202.0,89548.0,1.98,15.32,0.02025,0.4806,52.6,45.3,135.8,2024.0,90.34,27.23,0
Kia,Sedan,NMC,FWD,437.0,190824.0,8.89,16.59,0.01939,0.5296,59.9,4.4,,2017.0,71.58,29.22,0
Tesla,Sedan,NCA,AWD,374.0,115922.0,4.95,26.96,0.02883,0.5904,79.0,29.5,,2021.0,60.9,46.05,1
Volkswagen,Crossover,NMC,FWD,633.0,264785.0,10.91,29.18,0.02764,0.5872,65.4,25.3,82.8,2015.0,74.59,23.9,1
Volkswagen,Crossover,NMC,AWD,424.0,140768.0,6.0,26.08,,0.6349,69.0,81.0,79.9,2020.0,74.27,48.18,0
Mercedes,Van,NCA,RWD,513.0,208681.0,6.24,32.65,,0.5262,75.4,58.4,113.3,2020.0,81.4,48.33,1
GM,Sedan,NMC,RWD,914.0,337093.0,10.21,44.79,0.03633,0.7585,82.4,71.5,107.8,2016.0,69.66,44.18,1
Tesla,Crossover,NMC,,893.0,296953.0,9.8,36.27,0.03555,0.7161,69.0,,101.7,2016.0,67.46,34.73,1
Rivian,Crossover,NMC,AWD,433.0,160327.0,8.81,22.71,0.02017,0.5634,52.9,54.2,58.9,2017.0,78.3,61.9,0
Volvo,,NMC,RWD,736.0,189178.0,9.01,31.4,0.03358,0.6467,63.4,60.2,72.0,2017.0,49.69,33.31,1
Rivian,SUV,NMC,AWD,944.0,292137.0,10.13,41.03,0.03304,0.7636,66.8,,95.4,2016.0,65.34,45.64,1
GM,Sedan,NMC,RWD,552.0,211601.0,9.79,29.73,0.02517,0.6129,57.0,0.0,69.2,2016.0,72.13,23.69,0
Toyota,Truck,NMC,RWD,164.0,73245.0,3.0,11.46,0.01519,0.4813,52.8,42.0,67.1,2023.0,124.17,,0
Tesla,Hatchback,NMC,RWD,1719.0,315685.0,10.11,55.04,0.03683,,74.1,27.0,99.1,2016.0,38.06,36.91,1
Mahindra,Sedan,NMC,AWD,223.0,74061.0,4.95,13.64,0.01473,0.5249,48.8,48.8,47.1,2021.0,70.18,46.15,0
Volkswagen,Hatchback,NMC,RWD,542.0,121239.0,11.11,31.44,0.0414,0.6809,65.7,44.6,33.2,2015.0,44.67,38.03,1
Tesla,Hatchback,NCA,RWD,1633.0,333282.0,9.06,59.61,0.03803,0.7615,86.2,51.5,123.1,2017.0,40.16,43.97,1
Hyundai,SUV,NMC,FWD,86.0,67871.0,1.86,2.42,0.00964,0.3972,43.1,62.8,113.4,2024.0,98.21,76.0,0
Hyundai,Van,NMC,FWD,383.0,174802.0,9.04,22.88,0.02397,0.5951,58.8,37.5,63.8,2017.0,86.92,28.82,0
Mercedes,Crossover,NMC,FWD,171.0,59181.0,3.65,3.75,0.01222,0.4401,56.8,28.5,59.4,2022.0,71.64,36.5,0
Volkswagen,Hatchback,NMC,FWD,1113.0,221744.0,8.94,44.69,0.02745,0.811,66.7,48.4,79.7,2017.0,39.8,49.77,0
Ford,Hatchback,NMC,RWD,461.0,82017.0,5.12,19.68,0.01753,0.5199,42.2,3.6,50.7,,35.47,36.63,0
Ford,Sedan,NMC,AWD,234.0,52041.0,4.03,9.04,0.00696,0.4767,55.9,15.7,51.4,2022.0,62.16,40.18,0
Mercedes,SUV,NMC,RWD,536.0,258176.0,7.83,25.61,0.02634,0.6216,62.4,59.6,107.9,2018.0,90.94,49.53,1
GM,Sedan,NMC,AWD,46.0,34091.0,8.12,3.16,0.00662,0.4256,50.7,33.6,17.8,2018.0,72.94,48.66,0
Hyundai,Crossover,NMC,RWD,879.0,260512.0,10.18,43.22,0.03546,0.7394,62.9,48.3,83.1,2016.0,61.15,32.25,1
Hyundai,Truck,NMC,FWD,93.0,65831.0,5.0,7.54,,0.5119,55.8,18.6,43.4,2021.0,108.19,26.52,0
Renault,Sedan,LMO,FWD,263.0,99133.0,6.93,,0.03089,0.9421,,76.9,45.8,2019.0,64.26,20.29,1
Tesla,Hatchback,NMC,FWD,789.0,159208.0,4.95,42.28,0.03965,0.8022,67.0,51.4,105.0,2021.0,42.95,31.83,1
Kia,Hatchback,NMC,,180.0,54018.0,3.85,12.36,0.01335,0.5198,49.2,62.9,49.8,2022.0,60.12,41.87,0
Tesla,Sedan,NMC,FWD,319.0,90328.0,4.02,16.41,0.02172,0.5446,61.0,35.6,75.1,2022.0,62.07,42.8,0
Rivian,Van,NMC,AWD,60.0,53298.0,4.88,,0.00731,0.4139,49.3,7.9,40.1,2021.0,77.61,17.75,0
GM,SUV,NMC,FWD,532.0,177635.0,10.63,29.69,0.02701,0.6892,82.6,37.6,,2015.0,81.05,28.2,1
BMW,Crossover,NMC,FWD,748.0,316109.0,10.95,36.04,0.02933,0.6401,60.9,45.1,95.3,2015.0,78.46,42.5,0
Tesla,Crossover,NCA,RWD,122.0,27837.0,6.79,8.1,0.02206,0.3777,51.8,14.3,13.7,2019.0,66.24,40.7,0
Rivian,SUV,NMC,RWD,453.0,187389.0,8.86,24.78,0.02229,,60.8,38.0,66.6,2017.0,82.15,39.33,0
MG,Truck,LFP,FWD,,34248.0,,0.2,0.01898,,17.9,46.9,6.7,2015.0,132.16,38.89,0
,Van,LFP,AWD,300.0,60734.0,7.09,0.2,0.00616,0.5487,16.6,13.6,26.5,2019.0,77.66,39.51,0
Volkswagen,SUV,NMC,AWD,66.0,19062.0,2.02,14.62,0.01754,0.6379,59.2,71.0,,2024.0,91.85,28.41,0
Mercedes,SUV,NMC,FWD,,54474.0,8.8,2.47,0.00411,0.3844,53.4,5.5,21.8,2017.0,93.27,20.85,0
GM,Crossover,NMC,AWD,775.0,291241.0,10.09,,0.03391,0.7002,,8.9,94.8,2016.0,72.51,,0
Mahindra,Truck,LFP,RWD,266.0,108196.0,9.83,7.97,0.01451,0.641,,43.9,42.7,2016.0,125.88,30.04,0
Nissan,SUV,NMC,AWD,371.0,184722.0,6.98,24.4,0.02528,0.5856,64.7,40.0,89.5,2019.0,86.78,17.69,1
BYD,SUV,LFP,FWD,45.0,14387.0,2.07,2.53,0.01169,0.6169,18.4,24.8,22.4,2024.0,,25.41,0
Honda,Hatchback,NMC,FWD,718.0,188215.0,8.1,35.16,0.03104,0.6706,61.1,,76.8,2018.0,55.86,31.89,0
BYD,SUV,NMC,FWD,374.0,224052.0,7.74,26.17,0.02996,0.6225,66.8,62.5,97.0,2018.0,105.81,46.5,1
Volkswagen,Hatchback,NMC,RWD,923.0,157540.0,4.82,42.73,0.03212,0.7284,59.8,71.6,111.5,2021.0,35.24,59.64,0
BMW,Crossover,NCA,FWD,641.0,232479.0,11.0,33.92,0.03461,0.5747,69.9,32.3,66.4,2015.0,76.78,39.84,1
Toyota,SUV,NMC,AWD,371.0,198038.0,8.72,22.7,0.02686,0.6386,66.4,93.3,74.8,2017.0,92.88,,1
GM,Hatchback,LFP,RWD,1863.0,323766.0,9.05,29.61,,0.8876,27.3,94.4,116.6,2017.0,36.44,62.23,1
Volvo,SUV,NMC,AWD,88.0,51569.0,10.28,2.54,0.01375,0.4249,44.5,18.3,16.9,2016.0,89.79,27.87,0
BYD,Hatchback,LFP,FWD,593.0,156895.0,6.85,6.85,0.01512,0.6405,25.4,48.1,71.4,2019.0,48.55,,0
,Sedan,,RWD,293.0,83640.0,2.99,17.01,0.01491,0.5134,55.8,35.6,86.6,2023.0,63.7,17.85,0
Ford,Hatchback,NMC,RWD,1537.0,371541.0,11.28,52.05,0.03373,0.8059,63.4,53.5,116.5,2015.0,46.83,52.53,1
Mahindra,Sedan,NMC,AWD,111.0,42690.0,3.98,1.67,0.01162,0.3599,48.7,9.8,41.1,,60.91,32.41,0
Tata,Hatchback,NMC,AWD,644.0,114399.0,7.94,28.83,0.01945,0.6809,60.3,28.8,43.7,2018.0,38.85,32.6,0
Tesla,Hatchback,NMC,RWD,852.0,212676.0,9.92,37.36,0.02895,0.7382,58.5,34.9,71.2,2016.0,46.95,53.88,1
Renault,Hatchback,NMC,AWD,615.0,110869.0,7.03,29.52,0.02743,0.626,65.8,38.8,52.6,2019.0,37.77,33.29,1
Audi,SUV,NCA,FWD,247.0,115193.0,11.26,15.32,0.02554,0.3978,63.3,16.7,31.7,2015.0,97.32,36.21,0
Audi,Sedan,NMC,RWD,1526.0,341278.0,9.09,56.12,0.04207,0.8679,77.6,64.7,124.4,,46.41,52.88,1
Tesla,Hatchback,NCA,AWD,574.0,161400.0,11.24,45.96,0.03203,0.8318,93.5,88.0,43.4,2015.0,55.17,27.42,1
,SUV,LFP,FWD,317.0,110832.0,6.88,1.52,0.0114,0.5687,33.3,28.7,56.8,2019.0,92.17,47.71,0
Tesla,SUV,NCA,FWD,738.0,308210.0,9.89,,0.03504,0.7323,70.7,58.3,101.9,,85.04,48.22,1
Tata,Crossover,NMC,RWD,146.0,39044.0,3.09,,0.02366,0.4682,59.7,17.5,31.6,2023.0,95.92,37.72,0
Volkswagen,SUV,NMC,FWD,507.0,231675.0,11.29,29.39,0.03416,0.6071,64.2,43.3,70.1,2015.0,90.55,,0
Tata,SUV,NMC,FWD,96.0,65866.0,4.11,,0.007,0.4518,44.5,48.1,52.5,2022.0,81.28,54.03,0
Ford,Sedan,NMC,FWD,,49673.0,3.32,27.05,0.03033,0.747,71.6,100.0,,2023.0,60.14,65.4,1
Tesla,Crossover,NCA,FWD,561.0,209540.0,10.84,37.71,0.0351,0.6203,79.3,51.5,64.2,2015.0,77.18,51.84,1
Mahindra,Hatchback,NMC,RWD,1091.0,248739.0,9.22,39.33,0.03528,0.7244,74.4,30.6,89.5,2017.0,47.77,30.85,1
MG,Crossover,LFP,AWD,579.0,151236.0,7.98,5.81,0.02254,0.574,29.0,16.0,63.9,2018.0,66.98,38.95,0
GM,Crossover,NMC,RWD,529.0,151849.0,10.78,31.21,0.02589,0.6662,68.0,49.1,44.6,2015.0,68.86,41.91,1
BMW,SUV,NMC,AWD,177.0,94026.0,6.26,7.0,0.01561,0.4245,59.9,14.0,47.6,2020.0,83.85,45.78,0
Volkswagen,Sedan,NMC,AWD,55.0,16515.0,2.13,3.31,0.01461,0.3852,52.3,49.3,67.8,2024.0,58.78,56.22,0
GM,Crossover,NMC,FWD,839.0,,9.16,36.51,0.03813,0.629,71.2,53.7,112.1,2017.0,71.35,41.47,1
Tesla,Sedan,NMC,RWD,,134772.0,9.27,25.73,0.02741,0.6697,69.8,62.2,44.2,2017.0,58.66,53.24,1
Nissan,SUV,LMO,AWD,493.0,257229.0,9.9,46.63,0.04114,0.8341,64.7,45.7,85.4,2016.0,97.76,37.28,1
Volvo,SUV,NMC,AWD,349.0,178350.0,11.17,19.74,0.02458,0.5663,54.3,19.0,,2015.0,,27.0,0
Honda,SUV,NMC,FWD,29.0,39756.0,3.02,0.2,0.01167,0.3806,38.5,49.1,33.4,2023.0,87.18,46.29,0
Honda,Hatchback,NMC,FWD,1730.0,331867.0,8.81,,0.03586,1.0847,87.7,100.0,126.0,2017.0,38.32,50.7,1
Nissan,Van,NMC,RWD,762.0,337698.0,8.73,35.57,0.03312,0.8048,74.9,80.1,128.8,2017.0,88.16,48.98,1
,SUV,NMC,AWD,98.0,56079.0,3.89,5.34,0.01283,0.3737,54.0,29.9,51.3,2022.0,84.49,33.17,0
,SUV,LFP,RWD,40.0,16281.0,9.07,0.2,0.0144,0.5575,24.9,,8.9,2017.0,90.78,32.79,0
Volkswagen,Crossover,NMC,RWD,626.0,238907.0,8.92,33.44,0.03791,0.6645,59.1,45.0,85.6,2017.0,74.45,,1
Audi,Sedan,NCA,RWD,1351.0,357642.0,10.97,54.68,0.03892,0.7524,84.2,34.0,109.2,2015.0,54.64,44.49,1
Volkswagen,SUV,NMC,FWD,749.0,283787.0,8.2,31.28,0.027,0.637,63.0,48.0,109.7,2018.0,79.01,42.31,1
Ford,SUV,NMC,AWD,590.0,235757.0,9.15,31.44,0.03096,0.7001,79.5,30.6,87.0,2017.0,84.37,16.0,1
Tesla,Crossover,NMC,FWD,677.0,286936.0,10.77,32.33,0.0335,0.6879,72.4,54.0,87.9,2015.0,76.37,52.41,1
Ford,Truck,NMC,RWD,156.0,106845.0,11.11,6.96,0.01179,0.4606,51.9,17.9,32.7,2015.0,99.25,34.68,0
Rivian,SUV,NCA,RWD,433.0,187622.0,8.15,,0.03117,,88.6,100.0,81.1,2018.0,83.79,29.24,1
Honda,Crossover,NMC,RWD,149.0,62059.0,5.7,5.92,0.01029,0.442,56.7,10.9,35.2,2020.0,,26.17,0
Tesla,Sedan,NMC,FWD,1062.0,283432.0,10.19,42.79,0.03534,0.7592,66.0,50.9,95.8,2016.0,54.07,39.46,0
Volkswagen,Crossover,LFP,AWD,362.0,101054.0,9.41,7.21,0.01409,0.5951,19.7,29.7,33.5,2017.0,61.33,45.92,0
Volvo,Hatchback,NMC,RWD,828.0,146649.0,10.04,42.19,0.03652,0.809,64.1,26.8,45.7,2016.0,33.43,21.59,1
BYD,SUV,LFP,AWD,583.0,205127.0,11.02,7.89,0.02673,0.6038,21.7,6.7,58.6,2015.0,67.81,19.81,0
BYD,SUV,LFP,FWD,94.0,65805.0,10.77,2.38,0.01244,0.5933,22.9,49.6,18.0,2015.0,92.63,33.09,0
Tesla,SUV,NCA,AWD,146.0,94215.0,9.43,9.16,0.02159,0.4349,63.7,46.8,36.7,2016.0,97.2,54.6,0
GM,Hatchback,LFP,RWD,127.0,36868.0,2.84,0.2,0.00968,0.612,21.5,0.0,34.3,2023.0,47.07,,0
Ford,Hatchback,NMC,FWD,557.0,159435.0,,26.79,0.02242,0.688,71.6,63.0,72.2,2019.0,62.89,44.17,1
Tesla,Hatchback,NCA,AWD,1488.0,,10.82,59.17,0.04464,0.7836,85.0,39.1,87.3,2015.0,39.89,30.45,1
,SUV,LFP,FWD,195.0,142194.0,4.08,6.43,0.00844,0.6871,27.6,46.0,119.8,2022.0,90.81,20.9,0
Volkswagen,SUV,NMC,RWD,141.0,62616.0,4.85,13.97,0.02251,0.4665,59.6,43.3,42.1,2021.0,104.39,45.26,0
Honda,SUV,NMC,FWD,313.0,119303.0,9.75,22.75,0.02207,0.5141,54.1,60.5,42.3,2016.0,87.99,31.13,1
Rivian,Crossover,NCA,AWD,720.0,222997.0,8.18,52.57,0.03638,0.8129,87.6,86.6,,2018.0,61.56,32.47,1
BMW,Crossover,NMC,AWD,158.0,77724.0,11.14,15.22,0.02732,2.0937,63.1,42.8,23.4,2015.0,94.36,45.36,0
Volkswagen,Van,LFP,FWD,1.0,13652.0,2.05,0.2,0.0072,0.5616,12.2,38.0,25.1,2024.0,88.8,43.75,0
Kia,Van,LFP,FWD,102.0,33215.0,2.39,0.2,0.00786,0.5186,19.0,31.7,60.4,2024.0,78.06,41.42,0
BMW,Sedan,NMC,RWD,1229.0,414522.0,9.78,48.31,0.04247,0.7957,70.9,60.5,143.2,,71.79,52.0,1
Mercedes,SUV,NMC,AWD,47.0,10575.0,2.88,8.74,0.01812,0.523,58.3,78.0,17.4,2023.0,75.08,54.93,0
Tesla,Hatchback,NMC,RWD,792.0,224138.0,9.08,35.93,0.03489,0.7181,81.3,54.5,79.4,2017.0,55.11,45.94,1
Tata,SUV,LTO,AWD,302.0,137295.0,9.08,2.12,0.01381,0.2492,11.8,52.6,47.4,2017.0,96.16,,0
Renault,Sedan,LMO,FWD,563.0,222970.0,10.0,49.9,0.04063,0.8287,74.8,79.2,73.3,2016.0,78.18,69.57,1
Volkswagen,Truck,NMC,FWD,828.0,374628.0,10.91,35.49,0.02943,0.6731,67.8,24.4,119.0,2015.0,95.43,25.69,1
Ford,SUV,NMC,FWD,149.0,49947.0,8.93,13.87,0.02902,0.4932,51.5,30.5,20.5,2017.0,77.16,24.98,0
Hyundai,Sedan,NMC,FWD,434.0,153735.0,11.16,26.58,0.02747,0.5723,80.4,43.0,50.1,2015.0,84.59,39.31,1
Mercedes,Sedan,NMC,FWD,1.0,11965.0,9.68,0.2,0.01681,,49.2,44.7,3.0,2016.0,76.45,36.78,0
Tesla,SUV,NMC,RWD,,77614.0,2.73,,0.01264,0.4337,52.8,26.1,101.8,2023.0,85.65,31.59,0
GM,SUV,NMC,FWD,390.0,204374.0,10.03,21.16,0.01365,0.6037,55.4,36.1,68.1,2016.0,93.27,41.08,0
Tata,SUV,,FWD,536.0,236868.0,6.15,34.6,0.03484,0.6608,60.5,95.5,128.9,2020.0,90.09,66.51,1
MG,SUV,LFP,FWD,289.0,81390.0,6.84,0.2,0.01739,0.5493,25.2,1.5,42.7,2019.0,82.66,36.22,0
Hyundai,Sedan,NMC,FWD,25.0,18251.0,2.09,2.98,0.0085,0.4259,,36.5,51.3,2024.0,74.2,38.08,0
Nissan,Crossover,NMC,RWD,1.0,1081.0,10.13,0.82,0.00848,0.3745,51.5,52.5,3.0,2016.0,76.14,56.24,0
Mercedes,SUV,NMC,AWD,358.0,156283.0,8.83,13.35,0.01691,0.5109,61.1,14.1,56.7,2017.0,94.68,33.69,0
Kia,Hatchback,NMC,AWD,997.0,235146.0,9.91,40.5,0.03204,0.7174,62.8,29.0,79.8,2016.0,49.5,,1
Tesla,Hatchback,NCA,FWD,652.0,173755.0,8.02,38.58,0.03482,0.609,85.1,24.0,71.5,2018.0,53.98,28.08,1
Mercedes,Crossover,NMC,FWD,654.0,246600.0,9.97,37.82,0.03309,0.7132,67.2,47.1,,2016.0,75.76,45.07,1
Tesla,SUV,NMC,FWD,154.0,106625.0,8.08,15.5,0.01808,0.5563,54.5,81.1,37.0,2018.0,97.51,48.02,0
Renault,Sedan,,AWD,171.0,67132.0,2.89,18.19,0.01521,0.5665,49.3,2.4,,2023.0,73.8,29.6,0
Tata,SUV,NMC,AWD,526.0,277886.0,10.13,27.47,0.02535,0.6189,,35.6,92.6,2016.0,104.05,26.0,1
BMW,Sedan,NMC,AWD,96.0,42888.0,9.96,4.92,0.01802,0.4256,49.7,33.7,15.1,2016.0,62.44,22.16,1
Mercedes,Crossover,NMC,FWD,214.0,60990.0,6.99,9.85,0.01304,0.3939,51.8,,29.8,2019.0,83.11,30.87,0
Volvo,Van,NMC,RWD,981.0,356847.0,10.87,45.64,0.04354,0.836,72.8,56.8,108.1,2015.0,77.63,51.75,1
Kia,SUV,NMC,AWD,286.0,135329.0,7.15,19.37,0.02494,0.5523,54.7,39.1,64.4,2019.0,94.2,,0
Toyota,Sedan,NMC,FWD,1147.0,353916.0,10.03,48.15,0.02867,0.7823,71.4,55.4,117.3,2016.0,59.49,47.04,1
BYD,Crossover,LFP,FWD,294.0,101158.0,7.24,2.22,,0.5648,31.4,0.0,49.0,2019.0,73.42,21.97,0
Mercedes,Sedan,NMC,FWD,126.0,32177.0,8.13,7.92,0.01271,0.4841,52.1,31.6,17.1,2018.0,67.85,46.67,0
,Crossover,NCA,FWD,822.0,217302.0,10.0,49.21,0.03653,0.686,82.8,90.3,71.6,2016.0,52.75,56.37,1
Tesla,Sedan,NMC,RWD,355.0,145295.0,8.99,,0.02263,0.7863,67.3,80.3,49.6,2017.0,67.52,31.64,1
Ford,Crossover,NMC,RWD,236.0,88502.0,11.09,8.36,0.01264,0.4301,54.7,0.0,26.5,2015.0,77.02,24.93,0
GM,Hatchback,NMC,AWD,1070.0,207679.0,,40.38,0.03291,0.6891,66.0,56.2,,2021.0,40.5,56.6,1
Tesla,Hatchback,NCA,,586.0,141585.0,4.26,32.47,0.0306,0.5351,79.1,48.2,113.4,2022.0,49.75,50.7,1
Rivian,SUV,NCA,RWD,783.0,297333.0,7.79,45.78,0.03606,0.6499,81.7,26.3,130.2,2018.0,75.48,18.56,1
Audi,Van,NMC,FWD,712.0,296807.0,11.18,34.28,0.02966,0.7139,63.3,61.2,90.1,2015.0,,59.39,1
Nissan,Crossover,NMC,FWD,868.0,323243.0,11.26,49.16,0.03633,0.9606,86.8,100.0,97.8,2015.0,71.12,54.28,1
Mahindra,,NMC,AWD,750.0,261295.0,10.78,35.89,0.04015,0.7082,61.8,1.2,78.2,2015.0,66.69,25.46,1
Hyundai,Sedan,NMC,AWD,161.0,51806.0,5.92,5.92,0.01291,0.4778,46.2,13.8,24.2,2020.0,72.0,39.8,0
Rivian,Hatchback,NCA,AWD,562.0,141232.0,5.2,38.23,0.03405,0.596,75.5,60.3,84.7,2021.0,50.06,59.29,1
Volkswagen,Sedan,NMC,,845.0,262114.0,9.02,38.59,0.02895,0.6916,60.7,31.1,102.5,,70.73,42.01,0
Lucid,Sedan,NCA,FWD,286.0,72466.0,2.93,17.41,0.01513,0.4543,72.3,13.3,71.6,,68.45,29.06,0
Tesla,SUV,NCA,FWD,313.0,124214.0,,27.8,0.02903,0.6089,90.5,48.4,82.3,2021.0,79.34,22.97,1
Hyundai,Crossover,NMC,AWD,139.0,59808.0,4.22,3.1,0.01247,0.4178,44.4,5.0,48.1,2022.0,69.87,28.22,0
Tesla,Crossover,NMC,FWD,576.0,185895.0,9.33,30.86,0.02598,0.627,60.1,30.8,73.1,2017.0,69.25,32.9,1
BMW,Sedan,NMC,,855.0,,9.86,43.12,0.04039,0.8097,66.1,55.4,91.0,2016.0,61.99,40.73,1
Volkswagen,Hatchback,NMC,RWD,462.0,83379.0,5.09,26.22,0.02903,0.5563,58.6,91.8,56.8,2021.0,39.1,66.89,0
Tata,SUV,LFP,AWD,41.0,36415.0,5.22,2.86,0.0106,0.6377,33.2,32.9,21.8,2021.0,80.52,41.74,0
Nissan,Hatchback,LMO,FWD,64.0,11349.0,2.17,8.99,0.00966,0.4979,48.4,48.4,29.7,2024.0,43.33,42.82,0
BMW,SUV,NMC,FWD,288.0,145215.0,11.19,15.49,0.02486,0.5542,64.0,25.7,45.3,2015.0,97.34,32.49,1
Hyundai,SUV,NMC,RWD,857.0,399225.0,10.11,38.08,0.03141,0.7521,71.7,29.8,134.1,2016.0,95.24,26.48,1
MG,Hatchback,NMC,FWD,598.0,,10.75,27.57,0.02561,0.5957,58.0,0.0,51.4,2015.0,54.93,,0
Volvo,Crossover,NMC,FWD,599.0,173095.0,4.0,36.16,0.03232,0.6923,52.8,43.6,131.4,2022.0,65.32,34.19,1
BYD,Van,LFP,AWD,566.0,190246.0,10.2,4.25,0.01681,0.6156,24.4,0.0,63.1,2016.0,97.01,13.64,0
BYD,Truck,LFP,FWD,1.0,19323.0,4.06,0.2,0.01277,0.5263,13.0,2.3,8.4,,114.03,19.58,0
BYD,Hatchback,LFP,AWD,314.0,82615.0,2.98,0.49,0.00643,0.5851,15.0,21.9,99.4,2023.0,49.91,39.78,0
BYD,SUV,LFP,FWD,622.0,252680.0,8.17,8.02,0.02072,,35.2,,101.2,2018.0,83.55,39.89,0
Tesla,Crossover,NCA,,86.0,37770.0,,15.42,0.01684,0.5325,80.3,100.0,20.9,2021.0,67.98,57.47,0
Audi,Truck,NMC,FWD,334.0,221487.0,10.03,16.9,0.02258,0.5731,,65.9,70.9,2016.0,126.5,53.13,0
Nissan,Hatchback,,FWD,1035.0,310992.0,6.94,53.27,0.03536,0.9084,83.5,,150.6,2019.0,59.79,64.97,1
Kia,Hatchback,,AWD,31.0,15609.0,7.82,13.22,0.01847,0.6025,74.9,82.4,,2018.0,53.7,30.81,0
Hyundai,SUV,NMC,RWD,149.0,63576.0,11.17,7.42,0.01714,0.4123,48.4,22.7,20.1,2015.0,96.98,27.01,0
Tesla,Hatchback,NCA,FWD,748.0,208068.0,7.93,40.6,0.0275,0.6026,80.3,31.5,92.4,2018.0,56.16,41.08,1
BMW,Sedan,NMC,FWD,703.0,258338.0,10.83,31.37,0.02459,0.633,67.1,47.2,77.4,2015.0,68.11,44.79,1
Nissan,Hatchback,LMO,FWD,721.0,155428.0,4.88,53.52,0.03741,0.9057,,17.2,112.6,,44.77,38.32,1
Nissan,Sedan,LMO,FWD,627.0,183575.0,11.06,61.87,0.03554,1.2428,83.6,100.0,55.9,2015.0,62.42,66.38,1
Nissan,Hatchback,LMO,AWD,774.0,187370.0,6.01,55.41,0.04046,0.9102,64.4,54.7,105.8,2020.0,47.24,30.75,1
Ford,SUV,NMC,RWD,679.0,281517.0,9.03,36.19,0.0365,0.6157,65.7,31.3,105.3,2017.0,83.57,,1
Honda,SUV,NMC,,754.0,,9.77,38.36,,0.7307,72.9,,118.1,2016.0,90.06,38.78,1
Nissan,Van,LMO,FWD,15.0,9167.0,3.07,0.2,0.0103,0.4587,40.0,37.8,3.0,2023.0,90.85,48.02,0
Tesla,Sedan,NCA,FWD,1.0,500.0,1.91,0.2,0.00769,0.2994,52.7,38.2,19.3,2024.0,66.64,,0
Renault,Hatchback,,RWD,1106.0,,10.98,43.16,0.03916,0.7774,72.0,4.5,73.0,2015.0,47.14,33.21,1
Mercedes,Hatchback,NMC,FWD,928.0,169439.0,9.95,38.83,0.03563,0.713,70.5,57.2,54.4,2016.0,36.96,42.41,1
Mercedes,Hatchback,NMC,AWD,1137.0,,6.05,57.88,0.03683,1.064,89.4,95.0,109.7,2020.0,33.77,39.09,1
Tata,SUV,NMC,AWD,344.0,158346.0,4.9,23.89,0.02021,0.6535,68.8,64.9,,2021.0,86.74,29.64,1
BMW,Hatchback,NCA,FWD,417.0,86023.0,8.77,26.72,0.02724,0.5331,72.7,30.5,27.2,2017.0,44.04,39.93,1
BYD,Truck,NMC,RWD,175.0,107475.0,7.76,11.63,0.01677,0.4936,50.8,78.3,45.8,2018.0,121.46,44.88,0
MG,Sedan,LFP,FWD,167.0,72539.0,3.1,0.48,0.00682,0.5742,14.2,0.0,68.4,2023.0,70.94,33.31,0
Volkswagen,Sedan,NMC,RWD,1014.0,251724.0,6.93,44.85,0.03763,0.7933,70.6,43.6,126.8,2019.0,50.5,24.68,1
Rivian,Van,,FWD,417.0,163163.0,7.01,23.14,0.02535,0.6364,55.6,68.6,75.1,2019.0,90.95,41.12,1
Toyota,,NMC,FWD,,168027.0,9.78,31.59,0.02826,0.6273,62.1,27.0,58.8,2016.0,47.45,31.91,0
Tesla,Sedan,NCA,RWD,506.0,143820.0,7.11,32.61,0.02468,0.5846,64.9,31.1,65.9,,58.65,38.35,0
,Sedan,NMC,RWD,157.0,55922.0,4.92,8.33,0.01485,0.4032,54.0,47.7,48.2,2021.0,64.27,39.45,0
Ford,SUV,NMC,AWD,513.0,256938.0,10.02,27.37,0.03271,0.649,64.8,24.6,85.7,2016.0,87.85,43.97,0
Ford,Van,NMC,FWD,263.0,106084.0,7.92,12.97,0.00818,0.4686,58.4,40.2,39.9,2018.0,72.17,49.52,0
Honda,Truck,NMC,,279.0,165472.0,5.27,20.38,0.02418,0.5073,61.5,63.2,107.4,2021.0,125.42,39.33,1
BYD,Truck,LFP,AWD,43.0,50701.0,8.88,0.2,0.02036,0.5823,19.9,12.9,17.0,2017.0,110.51,19.84,0
BYD,Truck,,RWD,89.0,52291.0,1.94,0.2,0.00623,0.54,15.9,26.0,93.7,2024.0,114.44,35.82,0
Volkswagen,,NMC,FWD,99.0,53833.0,2.89,8.34,0.01448,0.4845,61.2,72.2,77.7,2023.0,57.68,51.71,0
BYD,Sedan,LFP,AWD,795.0,215980.0,6.02,14.54,0.01349,0.7403,30.3,23.2,120.4,2020.0,64.27,30.4,0
Lucid,Van,NMC,AWD,700.0,222373.0,8.74,37.92,0.03132,0.8095,81.6,75.0,89.7,2017.0,78.09,30.33,1
Honda,Hatchback,NMC,AWD,889.0,211233.0,6.14,39.69,0.03273,0.7388,76.4,54.2,108.1,2020.0,48.31,47.92,1
Rivian,Sedan,NMC,AWD,1042.0,388582.0,11.02,,0.03615,0.8831,74.5,57.8,116.6,2015.0,76.63,47.08,1
Renault,Sedan,NMC,RWD,678.0,208473.0,10.75,35.67,0.02683,0.6973,70.7,26.3,64.9,2015.0,57.87,,1
Volkswagen,SUV,NMC,FWD,537.0,272270.0,7.63,27.85,0.02505,0.5982,67.3,47.7,121.2,2018.0,90.79,,1
Nissan,Truck,LMO,RWD,547.0,326529.0,6.91,48.82,0.03958,0.8755,67.4,53.9,151.9,2019.0,122.25,37.92,1
BYD,Van,NMC,FWD,145.0,56155.0,2.18,9.01,0.01157,0.5023,39.0,6.6,62.0,2024.0,107.21,15.38,0
Volkswagen,Crossover,LFP,FWD,324.0,79252.0,9.86,3.1,0.00491,2.4977400000000003,21.4,15.3,33.4,2016.0,79.74,40.19,0
Ford,Sedan,LFP,AWD,712.0,256181.0,9.02,10.69,0.01529,0.6705,21.0,46.2,93.0,2017.0,63.21,45.25,0
Volkswagen,SUV,NMC,RWD,687.0,350848.0,11.08,,0.03518,,64.6,49.0,105.2,2015.0,106.1,35.37,1
Volkswagen,Crossover,LFP,FWD,159.0,12714.0,2.98,0.2,0.0088,0.5725,13.9,0.0,17.8,2023.0,71.71,17.81,0
Rivian,Crossover,NMC,AWD,116.0,35362.0,9.94,2.23,0.01267,0.4163,44.2,31.0,9.3,2016.0,67.5,52.81,0
GM,Sedan,LFP,RWD,279.0,96354.0,6.93,,0.01089,0.582,14.6,0.0,42.7,2019.0,62.75,12.66,0
Mercedes,Sedan,NMC,RWD,214.0,57909.0,7.07,6.14,0.01722,0.4449,48.2,28.0,23.4,2019.0,60.52,38.61,0
Volvo,Hatchback,NMC,RWD,17.0,9848.0,2.13,,0.00398,0.3642,43.8,19.3,20.4,2024.0,46.92,40.49,0
Tesla,Sedan,NMC,RWD,1.0,24336.0,2.84,0.38,0.00827,0.4003,51.9,67.2,12.7,2023.0,75.5,68.0,0
Tesla,Crossover,NCA,AWD,325.0,97147.0,7.26,24.32,0.03715,0.5202,85.1,44.3,42.7,2019.0,,48.39,1
MG,Sedan,NMC,FWD,980.0,309648.0,10.8,38.7,0.035,0.7246,71.4,7.1,95.7,2015.0,60.27,37.01,1
Volvo,Sedan,NMC,FWD,72.0,21071.0,7.81,1.23,0.01143,0.4189,52.0,48.4,7.1,2018.0,62.24,44.8,0
Hyundai,SUV,LFP,FWD,5.0,2251.0,,1.24,0.01308,0.5717,32.0,15.7,3.0,2018.0,89.95,30.99,0
Volkswagen,SUV,NMC,RWD,571.0,182926.0,11.07,39.4,0.03522,0.7387,78.6,100.0,57.6,2015.0,69.47,47.01,1
BYD,Truck,NMC,FWD,496.0,276504.0,9.85,23.14,0.03666,0.6627,62.0,35.9,93.7,2016.0,127.35,44.83,1
Tesla,Truck,NMC,RWD,132.0,20737.0,2.09,4.79,0.00785,0.3878,43.7,24.7,37.4,2024.0,117.33,,0
Rivian,Sedan,NMC,FWD,1346.0,450000.0,11.01,49.96,0.03067,0.7656,67.0,29.8,141.5,2015.0,67.67,34.23,0
Hyundai,Truck,NMC,FWD,390.0,218994.0,10.24,22.27,0.03215,0.5884,58.5,45.5,68.7,2016.0,122.15,40.11,1
Lucid,Hatchback,NCA,RWD,400.0,81308.0,8.97,35.07,0.02537,0.7024,75.4,82.4,27.4,2017.0,42.94,36.86,1
Toyota,Sedan,LFP,FWD,990.0,269142.0,6.93,21.59,0.02396,0.9272,47.0,98.5,,2019.0,56.94,44.37,1
Tata,Van,LFP,AWD,311.0,,3.21,5.66,0.01481,0.5956,29.0,47.1,123.4,2023.0,80.03,51.9,0
Volkswagen,SUV,NMC,FWD,67.0,51888.0,2.09,3.58,0.01608,0.4258,45.4,41.3,81.6,2024.0,95.24,55.74,0
BMW,SUV,NMC,AWD,421.0,236849.0,,21.39,0.03026,0.5706,51.6,55.3,90.1,2017.0,98.75,,1
BYD,Truck,NMC,AWD,179.0,88819.0,6.8,6.99,0.01887,,51.3,17.2,39.9,2019.0,118.9,45.74,0
,SUV,NMC,AWD,,67203.0,4.87,13.26,0.02323,0.5737,67.9,98.7,45.1,2021.0,75.68,39.7,1
Volkswagen,Truck,NMC,RWD,690.0,419141.0,8.98,33.06,0.02929,0.6642,57.2,38.0,160.1,2017.0,120.62,33.64,1
Toyota,Hatchback,LFP,FWD,74.0,11116.0,2.29,0.2,0.01084,0.5422,18.4,22.5,12.2,2024.0,44.87,43.55,0
BMW,,NMC,AWD,7.0,1085.0,6.03,0.2,0.01467,0.446,48.4,22.9,3.0,2020.0,72.25,46.16,0
Audi,Sedan,NCA,RWD,667.0,191312.0,5.16,48.54,0.03594,0.8641,93.7,100.0,121.5,2021.0,56.39,45.53,1
Honda,SUV,LFP,RWD,561.0,305692.0,9.17,11.66,0.01685,0.7697,15.7,64.6,,2017.0,113.95,52.42,0
Nissan,Sedan,NMC,RWD,684.0,252469.0,8.84,33.68,0.03029,0.6787,64.7,37.3,96.9,2017.0,73.86,20.86,1
MG,Sedan,NMC,AWD,1561.0,448968.0,8.85,55.84,0.04301,0.8507,71.0,68.2,165.6,2017.0,59.15,52.88,1
BMW,Sedan,NCA,FWD,1010.0,297407.0,10.17,49.33,0.03,0.6792,85.0,39.5,99.0,2016.0,58.64,38.11,1
Tesla,SUV,NMC,FWD,832.0,363042.0,9.56,40.69,0.02887,0.7002,68.5,60.2,123.4,2016.0,95.04,47.99,1
Volkswagen,SUV,NMC,RWD,385.0,155397.0,8.95,13.54,0.01572,0.5015,57.6,9.5,60.1,2017.0,76.14,29.0,0
Renault,Crossover,NMC,AWD,1165.0,433564.0,10.07,45.99,,0.7594,62.8,63.6,144.9,2016.0,73.15,49.73,1
BYD,Crossover,NMC,FWD,1.0,4365.0,9.36,0.2,0.01291,0.3805,45.7,58.1,4.8,2017.0,70.62,65.76,0
Mercedes,Crossover,NMC,FWD,16.0,22615.0,6.98,0.2,0.01604,0.3986,49.9,15.8,10.2,2019.0,65.84,29.22,0
Tesla,Sedan,NCA,RWD,487.0,160203.0,10.08,31.15,0.02601,0.502,72.7,34.1,54.8,2016.0,60.24,32.54,0
BYD,Hatchback,LFP,FWD,481.0,92829.0,10.13,17.39,0.02052,0.8883,38.7,81.6,33.2,2016.0,45.24,44.86,0
BMW,Van,NMC,AWD,120.0,59938.0,5.04,7.45,0.01465,0.3962,46.1,50.1,36.7,2021.0,84.09,44.81,0
Volvo,Crossover,NMC,AWD,288.0,113080.0,10.95,15.7,0.02136,,51.3,18.6,33.0,2015.0,77.84,20.48,0
Nissan,Hatchback,LMO,,988.0,265383.0,9.19,63.8,0.04311,1.024,74.3,34.9,95.4,2017.0,54.89,22.44,1
Mahindra,SUV,NMC,FWD,540.0,250221.0,9.95,27.42,0.02947,0.6285,73.0,44.7,80.7,2016.0,86.77,44.74,1
Tesla,Sedan,NMC,AWD,1.0,6442.0,2.01,0.88,0.01077,0.4732,63.9,32.1,30.6,2024.0,61.71,,0
Volkswagen,Van,NMC,FWD,524.0,214882.0,9.92,29.79,0.02159,0.6992,,44.9,78.0,2016.0,88.11,36.45,1
Volkswagen,Sedan,NMC,FWD,498.0,149224.0,3.99,35.4,0.02984,0.6937,77.6,82.0,136.4,2022.0,54.89,,1
Volkswagen,SUV,,FWD,704.0,236693.0,9.91,34.75,0.02542,0.7035,65.5,63.6,81.3,2016.0,,45.6,1
Ford,Truck,NMC,FWD,143.0,84254.0,1.91,20.39,0.0208,0.6494,74.7,92.5,134.6,2024.0,114.82,28.86,1
Nissan,Crossover,NMC,FWD,1129.0,385183.0,10.98,46.34,0.04129,,62.3,35.2,118.0,2015.0,70.91,38.1,1
Volvo,SUV,LFP,FWD,196.0,43141.0,2.0,2.65,0.00785,0.612,18.6,26.8,63.9,2024.0,86.16,53.19,0
Tata,Van,LFP,AWD,638.0,231751.0,9.75,9.93,0.02459,0.679,22.8,50.7,75.8,2016.0,79.95,55.37,0
Mahindra,Crossover,NMC,AWD,74.0,15270.0,9.09,2.73,0.01189,0.4553,46.9,45.8,3.0,2017.0,64.17,46.75,0
MG,,NMC,RWD,169.0,22758.0,7.95,10.02,0.01969,0.4872,,18.5,6.3,2018.0,58.79,36.75,0
BMW,Crossover,NMC,AWD,49.0,15081.0,2.97,2.06,0.0147,0.3308,46.7,25.9,16.7,2023.0,76.45,52.57,0
Hyundai,Crossover,NMC,FWD,124.0,44036.0,3.96,6.81,0.01439,0.4292,40.9,48.9,41.3,2022.0,64.87,66.52,0
Kia,Sedan,NMC,RWD,576.0,166399.0,6.84,27.33,,0.5953,59.7,60.7,79.8,2019.0,51.93,33.09,1
BYD,Truck,LFP,FWD,272.0,74484.0,6.78,0.23,0.01199,0.5261,27.9,23.6,35.7,2019.0,127.14,27.77,0
Tesla,Hatchback,,AWD,288.0,58384.0,5.95,15.44,0.02449,0.5179,62.3,0.0,34.5,2020.0,49.42,25.98,0
BYD,Crossover,LFP,AWD,330.0,165210.0,7.92,0.97,0.00831,,29.2,36.1,67.5,,75.17,47.43,0
Tesla,Sedan,NMC,AWD,401.0,,5.97,24.23,0.02873,0.5647,61.4,62.6,70.1,2020.0,67.56,53.17,0
Audi,Hatchback,NMC,RWD,1019.0,226993.0,9.12,45.04,0.04001,0.7619,71.0,36.6,83.6,2017.0,43.74,20.65,1
Tata,Crossover,LFP,FWD,,56843.0,11.1,0.26,0.01173,0.5381,22.1,43.9,18.1,2015.0,78.31,56.98,0
Mercedes,Crossover,NCA,RWD,30.0,17887.0,6.98,1.71,0.01349,0.3502,60.3,,3.4,,,18.93,0
Volkswagen,Hatchback,NMC,FWD,71.0,32910.0,1.85,5.92,0.01552,0.4351,57.8,25.3,51.0,2024.0,51.56,31.92,0
Tesla,Crossover,NCA,AWD,571.0,,9.91,35.89,0.03237,0.6105,76.4,31.8,60.9,2016.0,70.74,49.43,0
BYD,SUV,LFP,,611.0,325984.0,11.06,7.3,0.01656,0.6567,28.4,6.9,95.6,2015.0,107.82,28.69,0
Rivian,Van,NCA,FWD,652.0,312238.0,11.4,45.53,0.03618,0.7688,97.3,51.7,92.3,2015.0,,28.09,1
Hyundai,Van,NMC,FWD,1.0,34558.0,3.03,0.2,0.01399,0.3496,40.0,33.1,34.4,2023.0,88.41,33.59,0
Nissan,SUV,NMC,RWD,844.0,357578.0,9.05,,0.03181,0.7164,,41.2,127.2,2017.0,85.97,52.59,1
Volvo,Sedan,NMC,FWD,945.0,331749.0,8.66,51.72,0.03772,0.9476,75.5,80.0,,2017.0,68.67,30.28,1
Volkswagen,Hatchback,NMC,RWD,1144.0,254526.0,10.14,53.06,0.03461,0.9779,,83.3,79.9,2016.0,42.89,49.27,1
Tesla,SUV,NCA,FWD,472.0,231471.0,6.88,31.56,0.03539,0.586,75.3,58.6,,2019.0,102.69,44.16,1
Tesla,Crossover,NCA,FWD,,62029.0,11.0,16.94,0.03265,0.4853,74.6,15.0,17.8,2015.0,71.66,37.83,1
Audi,SUV,NCA,FWD,731.0,319401.0,9.86,50.0,0.03616,0.8029,94.6,100.0,,2016.0,82.71,29.97,1
Audi,Truck,NMC,AWD,644.0,409046.0,10.87,35.11,0.03334,0.7524,72.5,62.1,122.9,2015.0,125.22,47.82,1
Kia,Crossover,NMC,AWD,775.0,216628.0,7.71,40.61,0.0363,0.7361,84.1,37.9,98.6,2018.0,58.44,30.12,1
Audi,Van,NMC,FWD,871.0,347079.0,11.28,40.06,0.03482,0.7526,67.4,50.1,103.1,2015.0,83.53,47.16,1
Tesla,SUV,,AWD,111.0,27183.0,3.77,9.96,0.01566,0.3533,64.6,,21.5,2022.0,95.04,24.69,0
Tata,Sedan,NMC,AWD,448.0,132880.0,9.08,21.52,0.02632,0.6382,82.4,37.5,48.5,2017.0,63.28,46.03,1
,Hatchback,NMC,AWD,1137.0,253056.0,8.11,46.56,0.03628,0.7118,62.1,,103.3,2018.0,45.54,10.58,1
Tesla,,NCA,AWD,1047.0,361613.0,9.93,48.7,0.03494,0.6682,81.4,28.1,123.8,,68.8,26.57,1
Mercedes,,,AWD,,192629.0,6.83,27.54,0.02769,0.5894,52.6,58.4,92.0,2019.0,90.95,42.82,1
Audi,SUV,NMC,RWD,20.0,18663.0,3.06,15.17,,0.6467,60.8,80.9,18.8,2023.0,94.25,,0
Toyota,Crossover,,AWD,336.0,76867.0,10.81,10.15,0.02289,0.7729,39.5,95.6,23.8,2015.0,,51.53,1
Tesla,Hatchback,NCA,RWD,661.0,127757.0,7.87,45.08,0.04392,,81.3,68.9,59.4,2018.0,40.89,54.2,1
Ford,SUV,NMC,AWD,321.0,129292.0,9.13,16.25,0.02352,0.527,52.7,56.4,45.8,2017.0,104.71,43.85,0
Tesla,SUV,NCA,RWD,593.0,238298.0,8.0,39.24,0.02504,0.6632,83.1,76.2,93.6,2018.0,84.76,40.5,1
MG,Truck,NMC,FWD,85.0,73072.0,1.8,5.08,0.01474,0.431,45.4,43.3,114.8,2024.0,127.4,30.97,0
Renault,Crossover,LMO,,306.0,120786.0,8.06,39.58,0.03071,0.8429,65.8,67.9,51.5,2018.0,83.99,52.31,1
BYD,Hatchback,LFP,AWD,184.0,39272.0,2.16,10.72,0.01241,0.8002,35.7,76.8,78.8,2024.0,58.53,41.75,0
Tesla,SUV,NCA,FWD,90.0,49731.0,5.13,10.2,0.01845,0.4156,62.1,16.0,39.3,2021.0,85.92,39.15,0
Rivian,Sedan,NCA,AWD,187.0,57347.0,5.98,15.12,0.01964,0.4664,63.3,,36.4,2020.0,64.97,35.31,0
Nissan,Van,NMC,AWD,758.0,273333.0,9.11,46.63,0.03818,0.9643,85.6,100.0,96.9,2017.0,69.45,32.74,1
Volkswagen,SUV,NMC,FWD,165.0,93619.0,7.83,7.35,0.0169,0.4421,49.0,42.9,32.8,2018.0,85.43,38.19,0
,Hatchback,NMC,AWD,473.0,108781.0,6.95,25.98,0.02557,0.6396,59.9,41.0,51.2,2019.0,45.74,52.94,1
Toyota,,LFP,FWD,207.0,120100.0,5.2,0.2,0.00988,0.5221,18.5,28.4,82.1,2021.0,79.25,27.76,0
Ford,Hatchback,NMC,AWD,1441.0,355540.0,10.06,53.81,0.04307,0.8167,,46.5,,2016.0,50.5,39.12,1
Mercedes,Crossover,NMC,AWD,521.0,195127.0,9.08,35.35,0.04309,0.7639,81.7,82.4,69.3,2017.0,76.1,49.13,1
Tata,Sedan,NMC,RWD,545.0,221030.0,5.74,29.08,0.02908,0.6507,62.5,,121.8,2020.0,81.65,49.75,1
BYD,SUV,LTO,,427.0,71957.0,2.97,1.04,0.00438,0.1984,12.4,46.1,82.6,,83.67,34.08,0
Tesla,Truck,NMC,FWD,90.0,93108.0,7.11,4.48,0.00987,0.3985,48.2,52.5,43.7,,122.34,56.07,0
Honda,SUV,NMC,RWD,411.0,152431.0,6.09,24.75,0.02127,0.5724,61.5,64.3,79.0,2020.0,88.95,53.5,0
,Crossover,LFP,FWD,269.0,89326.0,6.17,17.08,0.02262,0.9132,42.8,100.0,50.4,2020.0,65.59,32.23,0
Tata,SUV,LTO,RWD,1.0,37213.0,,0.2,0.01055,0.2256,13.2,39.4,26.1,2021.0,82.24,41.42,0
BMW,Crossover,NMC,RWD,678.0,228127.0,10.08,33.04,0.0287,,64.3,16.2,77.8,2016.0,72.31,8.49,1
Nissan,Hatchback,LMO,AWD,782.0,214248.0,9.05,50.86,0.03808,0.8935,73.3,0.0,73.1,2017.0,52.86,33.63,1
Volkswagen,Sedan,NMC,FWD,847.0,314086.0,11.21,37.8,0.02818,0.7298,64.6,5.2,90.6,2015.0,69.61,10.89,1
Tesla,Crossover,NMC,FWD,556.0,213491.0,,31.02,0.02397,0.6299,58.8,42.4,65.0,2015.0,69.93,26.16,1
Tesla,Hatchback,NMC,FWD,987.0,251367.0,6.88,55.41,0.0423,1.0387,84.6,100.0,113.6,2019.0,53.04,,1
Kia,Truck,NMC,AWD,524.0,334791.0,11.02,27.32,,0.6255,64.7,48.0,99.5,2015.0,136.65,41.08,1
Tesla,Sedan,NCA,AWD,941.0,279311.0,7.27,,0.03517,0.7073,86.5,49.5,126.7,2019.0,60.33,34.44,1
Kia,SUV,NMC,FWD,151.0,12280.0,6.29,14.93,0.02461,0.6266,63.6,85.8,3.0,2020.0,96.1,44.59,0
Tesla,Crossover,LFP,AWD,469.0,195229.0,8.15,12.88,0.01228,0.7742,36.6,45.9,76.7,2018.0,70.42,23.66,0
Audi,Van,NCA,FWD,248.0,115645.0,3.03,20.13,0.01871,0.4961,62.7,75.5,124.5,2023.0,84.9,47.53,0
Ford,Hatchback,NMC,FWD,325.0,102655.0,10.07,18.87,0.02441,0.5577,59.6,43.4,32.7,2016.0,62.72,66.99,0
Hyundai,,NMC,FWD,501.0,177274.0,8.24,29.84,0.02827,0.7629,74.2,,74.2,2018.0,73.59,33.32,0
Honda,Crossover,NMC,AWD,712.0,344627.0,10.11,40.67,0.03235,0.7808,76.3,71.5,114.4,,82.97,,1
Toyota,Crossover,NMC,RWD,122.0,64172.0,3.97,4.62,0.01463,0.4037,51.2,29.9,48.2,2022.0,73.47,32.43,0
Mercedes,Hatchback,NCA,RWD,284.0,61628.0,,26.49,0.02268,0.5696,91.1,58.4,21.7,2015.0,43.03,30.75,1
Nissan,Van,LMO,RWD,497.0,197709.0,10.02,46.3,0.03823,0.816,59.1,61.4,68.6,2016.0,78.58,45.33,1
Mercedes,Sedan,,FWD,903.0,260358.0,9.28,56.78,0.04306,0.8861,100.0,100.0,97.0,2017.0,61.39,42.41,1
Toyota,Sedan,NMC,FWD,951.0,287963.0,9.99,44.78,0.02451,,80.5,62.5,95.6,2016.0,62.37,22.62,1
Lucid,Sedan,NCA,RWD,717.0,208758.0,6.01,41.61,0.03146,0.6244,72.2,49.7,115.1,2020.0,61.82,40.1,1
Tesla,Truck,NMC,RWD,381.0,236616.0,8.27,24.14,0.03088,0.6208,61.2,,97.4,2018.0,117.69,55.14,1
,Crossover,NMC,FWD,,296252.0,10.17,,0.0402,0.7746,58.6,66.8,98.7,2016.0,59.89,51.71,1
,Crossover,NMC,FWD,605.0,,10.83,37.74,0.02326,0.8146,71.8,79.9,66.3,2015.0,67.15,26.64,1
GM,Crossover,LTO,FWD,630.0,61188.0,8.04,2.58,0.01834,0.247,11.9,,27.8,2018.0,62.33,20.83,0
Nissan,Hatchback,LMO,FWD,,88553.0,10.06,32.32,0.02867,0.7451,71.7,38.9,28.3,2016.0,55.68,33.77,1
Nissan,Hatchback,NMC,FWD,1313.0,,8.07,50.44,0.03612,0.7847,65.3,40.2,105.0,2018.0,39.45,44.51,1
Nissan,SUV,NMC,RWD,67.0,500.0,3.83,0.49,0.0055,0.4219,44.7,5.6,3.0,2022.0,74.32,19.4,0
BYD,Truck,LFP,AWD,180.0,71216.0,5.9,5.56,0.01456,0.7069,22.5,43.9,45.3,2020.0,111.22,32.32,0
Kia,SUV,NMC,FWD,184.0,68066.0,8.24,11.58,0.01033,0.5002,52.1,16.2,27.2,2018.0,78.48,33.48,0
Nissan,,LMO,AWD,1269.0,240433.0,7.08,62.89,0.04137,1.0402,71.8,63.8,114.3,2019.0,,51.5,1
Volkswagen,,NMC,FWD,693.0,282699.0,6.96,35.96,0.03018,0.6862,63.6,25.3,136.5,2019.0,78.92,,1
Ford,Hatchback,NMC,FWD,558.0,161776.0,6.92,30.15,0.0275,0.6168,55.8,,74.4,2019.0,61.03,60.42,1
GM,Crossover,NMC,FWD,131.0,41479.0,8.11,8.17,0.01736,0.5002,53.6,39.9,13.7,2018.0,66.46,42.52,0
BYD,Crossover,LFP,RWD,34.0,26689.0,3.06,7.73,0.01085,0.6849,37.3,47.7,35.3,2023.0,66.21,19.67,0
Honda,Crossover,NMC,AWD,580.0,201755.0,9.16,33.14,0.02733,0.6587,62.3,51.8,72.4,2017.0,64.57,52.67,1
Nissan,SUV,,,9.0,19542.0,10.13,0.2,0.01193,0.3444,49.0,13.6,7.7,2016.0,90.7,30.63,0
Mercedes,Hatchback,NMC,FWD,1049.0,318794.0,9.96,41.74,0.03468,0.6951,68.0,23.2,101.7,2016.0,57.21,43.73,1
Nissan,Crossover,NMC,AWD,189.0,71453.0,4.96,13.44,0.0194,0.4744,51.3,26.1,45.9,2021.0,60.73,22.74,0
Tesla,Hatchback,NCA,FWD,213.0,40690.0,8.18,17.71,0.02751,0.4553,67.6,2.1,17.9,2018.0,45.95,28.33,0
BMW,Hatchback,NMC,AWD,848.0,224409.0,10.0,41.11,0.04129,0.6774,65.4,17.8,81.9,2016.0,49.01,11.06,1
Kia,SUV,NMC,RWD,67.0,31738.0,7.11,6.08,0.01089,0.4324,44.9,63.5,13.8,2019.0,96.0,53.57,0
Nissan,Van,LMO,FWD,280.0,129397.0,10.89,,0.02824,0.7202,59.8,39.0,42.4,2015.0,80.8,49.19,1
Volkswagen,Hatchback,NMC,FWD,802.0,258168.0,8.03,,0.03164,0.6432,69.1,62.6,110.1,2018.0,,39.82,1
Renault,Hatchback,NMC,FWD,,253041.0,11.22,43.07,0.03477,0.7803,62.6,49.0,78.0,2015.0,42.72,48.59,1
Honda,SUV,NMC,RWD,519.0,281590.0,11.05,22.87,0.02142,0.5334,64.2,,85.8,2015.0,102.53,37.28,0
BYD,Hatchback,NMC,FWD,493.0,117748.0,8.96,24.96,0.02604,0.5768,60.8,6.2,42.4,2017.0,49.97,24.23,0
Kia,SUV,NMC,AWD,543.0,237456.0,10.99,,0.03494,0.6937,68.2,77.8,71.5,2015.0,83.9,61.95,1
Volvo,Hatchback,NMC,FWD,858.0,202271.0,8.29,38.5,0.02853,0.6728,65.5,20.3,82.0,2018.0,46.54,22.97,1
Tesla,Crossover,NCA,FWD,89.0,44809.0,2.75,2.96,0.01621,0.3613,64.0,35.2,62.3,2023.0,74.17,36.08,0
BYD,SUV,LFP,AWD,484.0,202090.0,7.94,7.43,0.01562,0.6294,16.6,78.7,84.1,2018.0,95.47,58.86,0
Hyundai,Hatchback,NMC,FWD,1.0,500.0,8.1,0.83,0.01592,0.3572,47.0,,3.0,2018.0,42.35,42.05,0
BMW,Crossover,NMC,FWD,49.0,19903.0,1.93,0.8,0.00616,0.3831,48.6,81.1,39.9,2024.0,65.52,55.41,0
Mahindra,SUV,NMC,AWD,368.0,,8.89,21.09,0.02244,0.601,55.5,57.9,54.8,2017.0,,43.09,0
Nissan,Truck,NMC,FWD,1.0,40317.0,7.13,0.2,0.01237,0.4312,55.0,58.8,23.1,2019.0,121.87,73.77,0
Toyota,Truck,NMC,FWD,198.0,106941.0,10.92,10.75,0.01864,0.4266,48.4,35.0,28.8,2015.0,128.14,40.43,0
BMW,Sedan,NMC,,138.0,32487.0,9.87,8.39,0.02206,0.5068,49.5,8.6,9.6,2016.0,63.21,32.3,0
Tata,Crossover,LFP,,306.0,84136.0,10.87,5.69,0.01493,0.6078,24.0,44.0,30.8,2015.0,83.42,39.54,0
BMW,Hatchback,NCA,FWD,364.0,,4.92,26.89,0.02053,0.4618,72.4,5.2,42.9,2021.0,46.47,21.55,0
Ford,SUV,NMC,AWD,136.0,92789.0,11.2,22.78,0.02499,0.7282,81.5,90.0,30.4,2015.0,95.14,25.32,1
Nissan,Hatchback,LMO,,580.0,133817.0,10.08,51.7,0.04078,0.9263,68.5,5.8,43.1,2016.0,45.05,25.25,1
BYD,Hatchback,NMC,FWD,355.0,123361.0,6.32,21.83,0.02708,0.5959,57.1,59.3,66.5,2020.0,61.53,58.49,0
Tesla,Sedan,NMC,AWD,721.0,255677.0,,36.55,0.03082,0.6962,63.3,21.6,96.2,2017.0,70.19,34.91,1
Tesla,Hatchback,NMC,RWD,1.0,3597.0,4.15,0.2,0.01272,0.3686,49.3,0.0,5.5,2022.0,50.4,27.1,0
Renault,SUV,NMC,RWD,600.0,290133.0,9.02,,0.03564,0.5609,63.9,50.3,107.3,2017.0,94.8,46.8,1
BMW,Van,NCA,AWD,404.0,138949.0,8.04,31.19,0.02503,0.6468,84.2,67.4,,2018.0,69.95,49.29,1
Kia,SUV,LFP,AWD,132.0,68370.0,3.98,7.17,0.01512,0.761,,,56.7,2022.0,88.75,55.27,0
Mercedes,Crossover,NMC,AWD,570.0,189577.0,6.04,33.91,0.03663,0.7148,72.2,77.7,108.0,2020.0,63.4,45.59,1
BYD,Sedan,LFP,FWD,267.0,76959.0,6.45,8.99,,0.7802,43.3,38.9,36.0,2020.0,70.04,5.0,0
Volkswagen,SUV,NMC,FWD,188.0,70692.0,5.0,7.23,0.01766,0.4189,48.1,11.6,40.3,2021.0,,27.64,0
MG,SUV,,AWD,167.0,74749.0,4.97,14.89,0.01394,0.5378,46.3,31.4,57.0,2021.0,97.77,26.71,0
Tesla,Crossover,NCA,RWD,367.0,121154.0,11.09,32.08,0.0344,0.6912,89.9,87.6,35.3,2015.0,56.44,33.6,1
Tesla,Crossover,NMC,RWD,1.0,10485.0,6.8,0.2,0.01542,0.4229,52.5,32.7,6.7,2019.0,73.61,39.52,0
Tata,Hatchback,NMC,AWD,1062.0,200135.0,7.91,45.41,0.03256,,64.0,12.5,81.4,2018.0,37.9,22.63,1
,Crossover,NMC,FWD,162.0,50026.0,7.12,9.12,0.01288,0.4478,48.1,9.4,22.6,2019.0,62.38,36.24,0
Lucid,Hatchback,NCA,AWD,483.0,96165.0,3.13,41.0,0.02793,0.7806,87.2,74.9,115.1,2023.0,42.61,,1
Kia,Crossover,NMC,RWD,,336991.0,9.91,37.84,0.03342,0.7707,60.6,36.3,,2016.0,83.04,37.18,1
Kia,Truck,LFP,AWD,184.0,136861.0,5.17,3.89,0.01257,0.5733,22.0,40.8,90.4,2021.0,132.79,43.92,0
Tesla,Hatchback,NCA,FWD,1084.0,271320.0,11.05,,0.04536,0.7948,92.7,95.3,83.3,2015.0,49.25,45.09,1
Hyundai,Sedan,NMC,RWD,385.0,95396.0,9.99,25.32,,0.5564,62.5,14.0,33.0,2016.0,55.05,18.02,1
Kia,SUV,NMC,FWD,547.0,235500.0,8.76,29.64,0.02246,0.6466,58.0,57.6,92.1,2017.0,86.88,54.8,1
Rivian,Hatchback,NMC,RWD,173.0,32923.0,,4.92,0.00514,0.4395,46.5,0.0,70.8,2024.0,32.11,5.58,0
Tesla,Sedan,NMC,AWD,841.0,256079.0,9.0,34.85,0.02792,0.7096,62.8,19.1,98.1,2017.0,57.67,22.96,1
,Hatchback,LFP,AWD,1660.0,,9.72,35.08,0.0294,1.1645,51.3,89.3,106.4,2016.0,37.09,38.79,1
Toyota,Sedan,NMC,RWD,377.0,111236.0,,20.0,,0.5109,46.6,55.7,64.3,2021.0,62.44,67.23,0
Audi,Crossover,,FWD,536.0,179141.0,8.14,31.27,0.02524,0.7445,73.9,75.5,72.8,2018.0,70.44,37.67,1
Ford,Sedan,NMC,AWD,960.0,270073.0,10.86,41.1,0.0326,0.7308,68.2,,84.8,2015.0,58.08,50.84,1
GM,Sedan,LFP,FWD,817.0,264403.0,8.89,10.96,0.01807,0.6205,27.7,39.6,97.7,2017.0,59.73,39.67,0
Kia,Crossover,,RWD,853.0,304592.0,11.24,40.92,0.03269,0.8226,78.6,94.3,92.0,2015.0,68.28,57.44,1
Lucid,Crossover,NCA,AWD,71.0,,,2.8,0.0145,0.3287,62.9,34.8,10.5,2016.0,,38.98,0
Volkswagen,Sedan,NMC,AWD,67.0,22592.0,9.15,4.93,0.01547,0.4821,54.6,83.6,8.6,2017.0,62.11,60.04,0
Tesla,Sedan,NCA,FWD,675.0,190890.0,7.01,38.82,0.0289,0.635,71.3,57.1,85.0,,58.04,47.39,1
Audi,Crossover,NMC,RWD,698.0,232173.0,9.07,32.57,0.03171,0.7077,61.4,54.9,86.2,2017.0,69.58,51.77,1
BMW,SUV,NMC,RWD,67.0,28518.0,4.16,1.57,0.00807,0.4035,47.9,20.3,,2022.0,88.46,40.69,0
Nissan,SUV,NMC,FWD,1.0,6608.0,9.97,0.2,0.00809,0.4148,49.5,17.8,3.0,2016.0,94.46,25.39,0
Mercedes,Hatchback,NMC,AWD,187.0,32095.0,8.87,9.41,0.01576,0.4489,53.1,12.1,11.6,2017.0,50.33,34.54,0
Ford,Van,LFP,RWD,651.0,206372.0,10.97,11.05,0.01681,0.6953,19.4,49.5,62.2,2015.0,83.75,40.0,0
Kia,Sedan,NMC,AWD,367.0,91696.0,8.15,18.95,0.03073,0.5716,59.5,21.5,38.4,2018.0,58.4,19.06,1
Hyundai,Sedan,NMC,FWD,711.0,251529.0,10.03,39.57,0.03662,0.854,77.9,78.3,85.9,2016.0,70.81,46.58,1
BMW,Hatchback,NMC,FWD,230.0,62012.0,7.79,13.92,0.01739,0.4877,53.6,37.8,24.0,2018.0,49.84,41.24,0
Tata,Van,LFP,AWD,30.0,18715.0,2.05,0.2,0.01644,0.5065,26.4,19.1,44.7,2024.0,,36.05,0
,SUV,LFP,FWD,388.0,,7.03,9.38,,0.8379,38.1,73.6,65.7,2019.0,87.21,49.87,0
GM,Sedan,NMC,FWD,855.0,342766.0,10.79,39.49,0.03136,0.6681,69.6,86.2,105.7,2015.0,79.37,53.72,1
Rivian,Sedan,NMC,RWD,635.0,212464.0,8.76,28.84,0.02644,0.6262,62.1,46.4,81.3,2017.0,63.67,35.57,1
Ford,Hatchback,NMC,,207.0,40278.0,5.0,14.06,0.02185,0.5578,,59.9,,2021.0,38.83,56.85,0
Hyundai,Sedan,LFP,RWD,781.0,236778.0,11.09,9.87,0.01634,0.728,35.3,37.3,67.1,2015.0,66.42,29.35,0
,Crossover,NMC,AWD,149.0,55251.0,9.03,,0.02261,0.366,56.1,44.3,25.0,2017.0,78.53,52.81,0
Tesla,Sedan,NMC,AWD,970.0,,10.95,40.7,0.03213,0.7142,66.3,40.0,93.2,2015.0,62.15,58.44,1
Tata,Hatchback,NMC,RWD,737.0,193402.0,11.25,33.93,0.03923,0.6602,57.8,22.5,58.5,,49.92,40.16,1
BMW,SUV,NMC,RWD,75.0,56650.0,5.05,4.08,0.01642,0.3963,51.1,6.1,38.0,2021.0,85.26,25.55,0
Tata,SUV,NMC,RWD,310.0,184683.0,9.18,23.38,0.02124,0.6276,73.5,72.8,67.9,2017.0,108.5,43.34,1
Tesla,Hatchback,NCA,RWD,837.0,173254.0,5.06,48.52,0.0336,0.756,92.0,36.9,118.3,2021.0,41.14,35.04,1
BMW,Hatchback,NMC,FWD,271.0,53366.0,6.14,30.3,0.03301,0.8276,74.0,90.7,,2020.0,43.03,25.65,1
Mercedes,Hatchback,NMC,FWD,113.0,21963.0,2.15,7.03,0.00817,0.4245,,25.0,60.1,2024.0,39.9,43.26,0
Renault,Hatchback,LMO,RWD,429.0,127879.0,11.02,40.58,0.04237,0.7823,60.9,32.8,41.2,2015.0,53.91,49.22,1
Mahindra,Crossover,LFP,AWD,222.0,83952.0,1.87,3.52,0.00506,0.5456,30.4,43.5,123.1,2024.0,77.69,26.57,0
Hyundai,SUV,LFP,FWD,185.0,56271.0,8.93,0.91,0.01805,0.6078,22.6,0.0,19.8,2017.0,79.14,12.01,0
GM,SUV,LFP,FWD,165.0,72154.0,9.21,6.26,0.01093,0.6246,25.7,52.3,31.1,2017.0,100.17,51.83,0
Ford,Sedan,LFP,FWD,246.0,93166.0,2.97,3.92,0.01851,0.5492,17.3,69.9,101.5,2023.0,50.15,64.91,0
Tesla,SUV,NMC,AWD,178.0,57518.0,2.83,11.49,0.01457,0.445,41.7,,67.0,2023.0,83.8,59.57,0
Renault,Hatchback,NMC,FWD,680.0,169554.0,5.12,33.89,0.03358,0.6002,60.3,42.1,108.3,2021.0,48.21,44.6,1
Kia,Crossover,NMC,AWD,957.0,321866.0,9.18,43.4,0.02899,0.7181,67.6,70.9,117.2,2017.0,69.91,51.36,1
GM,SUV,NMC,AWD,737.0,,10.12,32.28,0.02739,0.628,63.6,43.7,91.2,2016.0,79.31,48.54,1
GM,SUV,LFP,RWD,179.0,24009.0,3.96,3.88,0.01569,0.5456,17.9,43.1,33.2,2022.0,94.86,47.19,0
Tesla,Van,NCA,FWD,104.0,52362.0,3.97,4.55,0.01238,0.3662,56.7,21.1,42.1,2022.0,89.16,33.64,0
Nissan,Van,LMO,FWD,238.0,98927.0,9.92,,0.02572,0.7241,53.3,50.1,26.6,2016.0,80.85,58.51,0
Nissan,SUV,NMC,AWD,67.0,52922.0,2.94,6.76,0.01138,0.409,49.1,64.6,58.7,2023.0,79.82,47.75,0
Mercedes,Truck,NMC,FWD,104.0,103166.0,6.08,2.96,0.00919,0.4776,56.9,9.4,58.7,2020.0,120.79,38.67,0
Honda,SUV,NMC,FWD,780.0,381065.0,10.93,32.03,0.03279,0.64,70.7,6.9,116.2,2015.0,98.77,19.88,1
Kia,Crossover,NMC,FWD,153.0,50840.0,6.08,5.87,0.01592,0.4107,48.6,0.0,22.5,2020.0,71.79,,0
Volkswagen,Crossover,NMC,FWD,899.0,295468.0,,38.17,0.03344,0.695,57.7,47.2,85.3,2015.0,70.94,49.77,1
MG,Sedan,NMC,FWD,26.0,3619.0,9.33,8.09,0.01433,0.5272,64.3,73.7,3.0,2017.0,67.31,46.93,0
Hyundai,SUV,,FWD,168.0,27166.0,2.76,0.2,0.01515,0.5789,20.0,47.4,34.0,2023.0,99.52,48.15,0
BYD,,NMC,AWD,1047.0,201168.0,10.95,39.89,0.04231,0.699,69.0,33.3,61.4,2015.0,39.81,35.92,1
BYD,Crossover,NMC,RWD,437.0,,6.86,20.74,0.01285,0.5571,58.7,16.4,78.1,2019.0,67.31,,0
Hyundai,Crossover,NMC,AWD,866.0,272957.0,10.88,40.11,0.04093,0.7481,67.5,47.6,83.7,2015.0,62.72,40.53,1
Nissan,,NMC,FWD,59.0,1841.0,5.05,2.53,0.01059,,43.7,53.8,3.0,2021.0,34.34,76.02,0
Tesla,Crossover,NMC,RWD,89.0,37310.0,4.05,2.81,0.0093,0.478,59.7,32.8,27.7,2022.0,73.8,48.28,0
Hyundai,Hatchback,NMC,FWD,1501.0,322981.0,9.99,53.52,0.03684,0.8123,76.4,53.2,109.1,2016.0,,,1
Volvo,SUV,NMC,AWD,,30724.0,4.94,3.65,0.01168,0.3648,48.5,0.3,18.0,2021.0,82.07,25.69,0
Tesla,SUV,NCA,FWD,216.0,75699.0,5.05,15.32,0.01642,0.4431,67.1,24.5,48.0,2021.0,,34.36,0
Hyundai,Sedan,NMC,FWD,1510.0,449393.0,9.22,53.49,0.04086,0.8812,,59.7,166.5,2017.0,57.84,49.12,1
Mahindra,,NMC,RWD,375.0,154454.0,11.19,23.76,0.03111,0.6043,82.1,51.6,42.9,2015.0,92.95,31.16,1
Renault,SUV,NMC,RWD,737.0,319193.0,10.68,38.3,0.03076,0.7808,69.5,50.3,95.9,2015.0,89.54,35.31,1
Volkswagen,SUV,NMC,RWD,400.0,166538.0,6.13,27.84,0.02571,0.7015,73.5,95.7,102.8,2020.0,104.0,54.91,0
,Crossover,LFP,AWD,331.0,61114.0,4.16,3.85,0.00674,,28.2,18.3,51.9,2022.0,73.75,18.76,0
Hyundai,SUV,LFP,FWD,341.0,101106.0,4.43,2.43,0.00957,0.6037,16.3,26.2,74.7,2022.0,84.98,40.54,0
Volkswagen,Sedan,NMC,FWD,8.0,500.0,4.96,0.2,0.00816,0.3995,48.7,36.3,3.0,2021.0,61.36,40.5,0
,Hatchback,NMC,FWD,307.0,101151.0,11.08,14.96,0.01972,0.5276,52.4,33.5,30.1,2015.0,56.04,57.13,0
Volvo,Truck,NMC,FWD,295.0,188396.0,10.89,21.98,0.02001,,53.7,42.3,60.7,2015.0,122.24,32.44,1
Volkswagen,SUV,NMC,FWD,182.0,110289.0,4.1,7.91,0.00938,0.4375,54.9,27.5,99.4,,96.81,38.58,0
Tesla,Hatchback,NCA,RWD,1048.0,306249.0,10.75,,0.02953,0.724,77.9,67.1,92.0,2015.0,59.49,41.24,1
Renault,Hatchback,NMC,FWD,994.0,281447.0,7.12,45.61,0.02986,0.7815,70.9,52.5,131.1,2019.0,59.83,54.34,1
Tesla,SUV,NCA,RWD,867.0,393809.0,9.03,44.14,0.03277,0.6943,83.4,41.1,142.4,2017.0,93.16,36.48,1
Toyota,Hatchback,LFP,AWD,1552.0,,9.8,25.18,0.02657,0.9236,51.5,58.0,112.7,2016.0,46.28,33.95,1
Rivian,,NMC,FWD,653.0,148620.0,9.59,29.31,0.03554,0.6209,60.3,2.5,52.2,2016.0,50.56,14.84,0
Volkswagen,SUV,NMC,RWD,,63374.0,4.22,2.76,,0.4658,50.8,5.5,45.0,2022.0,107.03,37.34,0
Nissan,SUV,NMC,FWD,1.0,10137.0,,5.32,0.02297,0.4073,52.0,53.1,3.0,2016.0,101.67,40.8,0
Renault,Crossover,NMC,AWD,880.0,338939.0,9.73,40.35,0.03437,0.104805,59.3,35.8,120.4,2016.0,75.62,25.74,1
Kia,,NMC,,91.0,79538.0,5.03,4.37,0.01163,0.4063,39.2,22.3,50.9,2021.0,89.06,27.73,0
BMW,Hatchback,NMC,,,100928.0,2.29,17.34,0.01636,0.5246,60.7,17.1,,2024.0,52.3,23.24,0
Lucid,SUV,NMC,AWD,143.0,73076.0,6.74,14.98,0.01665,0.5504,70.8,100.0,32.3,2019.0,77.46,42.8,1
Kia,Crossover,NMC,FWD,460.0,189214.0,4.86,18.33,0.01903,0.5396,59.7,29.5,132.7,,,26.27,0
GM,Van,LFP,RWD,297.0,115057.0,6.27,4.92,0.00893,0.6538,30.8,33.9,62.2,2020.0,91.62,34.13,0
Nissan,Crossover,LMO,AWD,200.0,60800.0,7.06,21.31,0.01906,0.6557,61.4,,30.2,2019.0,71.27,25.9,0
Mahindra,SUV,NMC,RWD,377.0,175018.0,11.06,,0.01971,0.5283,63.4,26.9,55.3,2015.0,101.03,36.93,0
BYD,SUV,LFP,FWD,16.0,16091.0,2.21,4.13,0.01223,0.6526,17.1,84.1,7.5,2024.0,92.45,50.5,0
Volvo,Hatchback,NMC,AWD,1018.0,263292.0,9.86,44.16,0.04315,0.79,79.8,6.0,90.3,2016.0,51.55,5.0,1
Tata,SUV,LFP,FWD,215.0,112527.0,6.01,2.86,0.02345,0.5864,26.6,41.4,73.5,2020.0,84.11,55.88,0
Volvo,SUV,NMC,FWD,651.0,297350.0,10.96,37.36,0.0313,0.8258,77.5,100.0,91.8,2015.0,98.59,33.6,1
Ford,Hatchback,NMC,FWD,311.0,67325.0,7.03,17.53,0.02161,0.5588,60.5,11.7,28.8,2019.0,48.6,34.62,0
Nissan,SUV,LMO,FWD,68.0,49490.0,10.01,13.43,0.01713,0.6235,60.8,55.9,20.0,2016.0,93.08,43.7,0
Mercedes,SUV,NMC,AWD,583.0,316315.0,7.12,30.28,0.02328,0.5884,60.9,74.7,156.7,2019.0,95.3,49.08,1
Ford,Hatchback,NMC,AWD,654.0,117092.0,3.89,36.62,0.02464,0.683,63.3,61.1,93.3,2022.0,38.51,39.63,1
Volvo,Crossover,NMC,RWD,1.0,6296.0,3.7,0.2,0.00924,0.3937,48.0,2.6,5.4,2022.0,58.17,42.02,0
Mahindra,Crossover,LFP,RWD,481.0,170750.0,9.09,8.86,0.01996,0.6661,14.8,32.3,55.5,2017.0,67.56,35.85,0
Toyota,,NMC,RWD,833.0,280586.0,9.11,36.92,0.03823,0.6554,73.2,42.0,101.3,2017.0,63.89,50.61,1
MG,Sedan,LFP,RWD,303.0,107300.0,3.0,5.57,0.00847,0.7115,33.7,72.4,108.5,2023.0,67.83,37.38,0
Mahindra,SUV,NMC,AWD,670.0,361961.0,,28.34,,0.6133,59.5,32.7,111.0,2015.0,96.45,49.22,1
Ford,SUV,LFP,RWD,339.0,102195.0,6.97,5.96,0.02249,0.6038,20.2,20.6,49.0,2019.0,80.4,16.2,0
Ford,SUV,NMC,FWD,1.0,10855.0,2.19,0.2,,0.3844,45.7,33.3,,2024.0,93.55,48.86,0
Kia,,NMC,FWD,1.0,1822.0,2.74,0.2,0.00632,0.3825,39.2,39.8,3.0,2023.0,96.72,33.96,0
BYD,Sedan,LFP,RWD,46.0,36199.0,2.04,0.2,0.00237,0.547,11.9,8.2,42.6,2024.0,69.2,25.89,0
Nissan,Van,LMO,RWD,183.0,76853.0,2.98,22.12,0.02333,0.6463,50.6,15.9,94.5,2023.0,87.0,49.2,0
Volkswagen,Crossover,NMC,RWD,653.0,231823.0,5.15,30.69,0.03163,0.5989,62.9,20.0,136.2,,72.81,13.35,1
Tesla,Crossover,NCA,AWD,1190.0,370300.0,9.84,55.46,0.0479,0.7497,87.1,47.3,124.8,2016.0,60.83,34.69,1
Kia,Sedan,LFP,FWD,395.0,94776.0,7.07,1.72,0.00768,0.5892,21.3,27.8,41.9,2019.0,66.99,36.39,0
Tata,Crossover,LFP,RWD,127.0,39938.0,10.02,0.2,0.01829,0.53,23.1,13.8,15.8,2016.0,74.87,27.59,0
BYD,Crossover,NMC,RWD,999.0,348324.0,8.88,50.92,0.03978,0.8398,70.0,51.2,,2017.0,70.38,40.92,1
Audi,Sedan,NMC,AWD,679.0,255122.0,,36.18,0.02711,0.6737,63.3,72.8,99.9,2017.0,78.28,53.56,1
Nissan,SUV,NMC,FWD,620.0,303172.0,10.03,29.22,0.02777,0.6268,64.7,25.8,101.8,2016.0,86.28,25.94,1
Mercedes,Sedan,NCA,AWD,930.0,290474.0,8.97,43.96,0.03137,0.6881,76.3,63.5,108.0,2017.0,65.02,35.16,1
Nissan,Crossover,NMC,AWD,1292.0,433096.0,11.22,48.54,0.03938,0.7955,66.1,,130.4,2015.0,65.47,41.18,1
Kia,Crossover,NMC,AWD,907.0,410689.0,10.98,47.02,0.04408,0.8728,74.5,100.0,122.4,2015.0,84.36,48.34,1
Kia,Sedan,NMC,FWD,714.0,282426.0,9.98,39.54,0.03195,0.8196,79.7,94.3,,2016.0,,,1
Honda,SUV,NMC,FWD,563.0,227551.0,10.23,27.84,0.02799,0.6481,67.4,52.7,75.1,2016.0,84.98,57.09,1
Tesla,SUV,NMC,FWD,399.0,191384.0,10.11,19.35,0.02245,0.5145,57.0,8.5,62.4,2016.0,88.42,11.3,0
BYD,Sedan,NMC,FWD,561.0,163220.0,9.11,25.39,0.026,0.5946,60.8,22.7,61.5,2017.0,63.36,40.83,0
Volkswagen,SUV,NMC,FWD,,33490.0,3.42,1.15,0.00396,0.358,56.9,43.6,39.2,,79.7,64.08,0
Toyota,Sedan,NMC,AWD,187.0,64731.0,7.87,13.35,0.02438,0.5331,56.4,12.5,29.0,2018.0,72.95,31.19,0
Kia,,LFP,FWD,291.0,97187.0,3.95,6.14,0.00825,0.6851,26.8,30.1,77.2,2022.0,71.19,37.77,0
BYD,Hatchback,LFP,RWD,180.0,16450.0,2.17,2.17,0.00918,0.5229,25.6,29.0,25.3,,65.32,46.68,0
BYD,Hatchback,LFP,FWD,424.0,115196.0,10.94,0.65,0.01011,0.5364,16.8,30.1,33.1,2015.0,46.76,50.98,0
Kia,SUV,NMC,RWD,464.0,178856.0,6.72,28.36,0.02431,0.644,60.4,39.4,82.4,2019.0,74.74,50.47,1
BMW,Crossover,NMC,FWD,237.0,112566.0,2.86,16.1,0.01565,0.4898,57.7,49.0,128.9,2023.0,93.35,52.73,0
Nissan,Sedan,LMO,FWD,868.0,207731.0,10.92,64.99,0.04651,1.1985,84.1,67.0,67.7,2015.0,47.65,35.53,1
Rivian,Crossover,NMC,AWD,162.0,41961.0,2.2,9.82,0.01139,0.443,63.1,42.8,63.3,2024.0,63.78,47.4,0
Toyota,SUV,NMC,RWD,273.0,105192.0,3.22,17.67,0.0183,0.5467,57.3,54.9,113.8,2023.0,89.6,28.82,0
BYD,Sedan,NMC,FWD,198.0,69828.0,10.83,6.26,0.01902,0.453,49.4,16.9,19.0,2015.0,70.59,38.53,0
Mercedes,Hatchback,NMC,AWD,796.0,183467.0,7.0,38.68,0.03113,0.7105,,18.3,89.4,2019.0,42.72,24.61,1
BMW,Sedan,NMC,,701.0,237515.0,10.93,33.11,0.02996,0.6438,56.3,0.0,75.1,2015.0,70.79,14.41,0
Tesla,SUV,NMC,AWD,1.0,28510.0,4.02,1.02,0.01369,0.395,50.5,50.7,23.5,2022.0,89.71,47.36,0
Nissan,SUV,LMO,FWD,534.0,189042.0,6.3,47.36,0.04111,0.8226,67.3,50.6,101.2,2020.0,73.78,43.82,1
BYD,Hatchback,LFP,AWD,167.0,,1.88,1.28,0.01116,0.583,23.3,24.9,65.5,2024.0,50.83,20.17,0
MG,SUV,LFP,FWD,342.0,176476.0,,9.97,0.01183,0.6457,24.4,67.2,90.9,2019.0,86.26,46.12,0
Ford,Crossover,NMC,AWD,574.0,159763.0,5.8,35.94,0.02492,0.7283,77.3,79.8,91.8,2020.0,59.67,49.04,1
Mercedes,SUV,NMC,FWD,427.0,143690.0,11.02,26.5,0.02426,0.6739,70.9,78.4,42.7,2015.0,78.83,46.07,0
Ford,Sedan,,RWD,143.0,500.0,1.95,0.2,0.01115,0.6044,,17.4,12.7,2024.0,57.75,31.81,0
MG,Truck,LFP,AWD,206.0,141989.0,6.05,2.79,0.01919,0.62,5.0,12.1,83.2,2020.0,123.59,39.25,0
Mercedes,Truck,,FWD,697.0,450000.0,11.1,32.52,0.02886,0.6449,68.9,40.9,150.8,2015.0,118.22,27.68,1
Volkswagen,Sedan,NMC,RWD,1191.0,387635.0,11.02,46.79,0.03201,0.8102,72.8,48.5,113.1,2015.0,68.49,31.6,1
Hyundai,Hatchback,NMC,RWD,838.0,244931.0,9.97,,0.03865,0.6709,69.3,49.2,80.1,2016.0,59.11,49.18,1
GM,Hatchback,NMC,AWD,418.0,132887.0,9.98,29.33,0.03086,0.6688,67.1,56.6,45.8,2016.0,53.8,49.95,1
BYD,Hatchback,NMC,FWD,1561.0,450000.0,10.82,53.85,0.04001,0.8925,,50.4,144.9,2015.0,61.39,37.03,1
Tesla,Crossover,NCA,RWD,560.0,213712.0,9.86,28.87,0.02298,0.572,66.2,43.5,77.1,,79.69,53.84,0
Nissan,Sedan,NMC,RWD,652.0,229632.0,11.08,31.03,0.03171,0.6297,67.9,2.4,68.3,2015.0,61.62,26.76,1
,Crossover,NMC,FWD,1.0,1168.0,9.05,0.2,0.02136,0.3484,43.2,19.8,3.0,2017.0,67.04,35.26,0
Nissan,Van,LMO,RWD,270.0,103203.0,9.12,33.99,0.02327,0.7524,57.2,58.2,38.2,2017.0,77.15,,1
Mercedes,Crossover,NMC,AWD,37.0,5772.0,9.84,0.29,0.00973,0.3851,41.1,27.8,3.0,,69.05,40.7,0
Mercedes,Hatchback,NMC,FWD,1345.0,446737.0,10.13,47.16,0.03372,0.771,65.2,46.8,145.2,2016.0,66.83,36.9,1
Kia,Hatchback,LFP,AWD,175.0,15911.0,4.99,10.16,0.0218,0.8579,,91.8,,2021.0,48.35,27.48,0
Volkswagen,Van,NMC,FWD,318.0,140972.0,6.16,23.51,0.02126,0.6854,68.6,100.0,83.7,2020.0,84.71,,1
Volkswagen,Sedan,NMC,FWD,,45266.0,7.1,9.29,0.0195,0.4726,55.7,44.2,18.2,2019.0,56.63,44.49,0
Lucid,Truck,NMC,FWD,145.0,76514.0,6.03,10.28,0.0156,0.437,55.4,1.2,42.6,2020.0,113.37,26.71,0
Mahindra,Crossover,NMC,FWD,104.0,58694.0,6.97,15.8,0.0181,0.5881,70.5,100.0,22.6,2019.0,85.31,58.81,1
Nissan,Sedan,LMO,AWD,,153715.0,6.79,47.35,0.04225,0.8875,53.7,32.5,75.0,2019.0,68.41,32.78,1
Tesla,SUV,LFP,FWD,310.0,131793.0,4.25,4.07,0.01723,0.6015,28.1,22.9,101.8,2022.0,91.15,28.58,0
Tesla,Sedan,NCA,FWD,568.0,181108.0,11.02,32.11,0.02879,0.5838,71.2,15.5,54.2,2015.0,65.07,35.95,1
Tesla,SUV,NCA,AWD,659.0,292479.0,,41.57,0.03041,0.5918,77.1,77.1,107.3,2017.0,103.16,51.81,1
Mercedes,SUV,NCA,RWD,23.0,21888.0,7.0,1.21,0.00633,0.3904,61.4,46.9,8.4,2019.0,92.9,42.34,0
GM,Van,NMC,FWD,358.0,165186.0,9.06,21.66,0.02076,0.5946,66.5,74.0,,2017.0,83.82,52.16,1
Audi,Van,NMC,RWD,479.0,214072.0,7.21,31.06,0.0278,0.6826,62.4,54.7,100.6,2019.0,89.16,46.03,1
Kia,Sedan,,FWD,681.0,201173.0,9.98,,0.02724,0.8006,77.8,67.9,66.2,2016.0,64.13,40.2,1
Volvo,Crossover,NMC,RWD,,283921.0,11.05,35.25,0.03464,0.7279,79.7,80.0,84.6,2015.0,68.72,61.53,1
GM,Hatchback,NMC,FWD,1080.0,257990.0,,47.92,0.03697,0.7658,74.0,41.3,110.8,2018.0,49.1,34.54,1
,Sedan,NMC,RWD,479.0,171967.0,4.89,28.42,0.02286,0.6264,56.0,76.0,128.0,2021.0,74.93,58.59,0
BMW,Crossover,NMC,FWD,731.0,241630.0,6.99,36.12,0.02759,0.6447,73.8,41.4,116.1,2019.0,69.3,43.61,1
Tesla,,NCA,,585.0,185032.0,9.08,35.07,0.02995,0.606,81.4,15.6,71.0,2017.0,67.76,12.73,1
Tesla,Hatchback,NCA,AWD,670.0,191688.0,8.82,37.27,0.04284,0.6039,77.5,27.8,73.2,2017.0,53.8,46.08,1
Kia,Hatchback,LFP,AWD,794.0,162619.0,8.96,7.8,0.01297,0.6598,25.2,32.6,59.9,2017.0,37.79,52.08,0
Kia,Crossover,LFP,AWD,230.0,106835.0,4.0,17.43,0.01157,0.9434,45.5,,81.1,2022.0,70.77,36.39,1
Mercedes,Truck,NMC,FWD,309.0,151422.0,7.0,26.46,0.02393,0.7173,70.6,,65.8,2019.0,105.33,37.07,1
Hyundai,Crossover,NMC,FWD,213.0,88383.0,5.94,,0.02896,0.708,71.8,65.4,49.7,2020.0,73.35,35.69,1
BYD,SUV,NMC,FWD,,166696.0,9.1,20.98,0.0238,0.5403,53.8,26.2,58.6,2017.0,99.83,43.64,0
Kia,Truck,LFP,FWD,310.0,123260.0,8.83,1.82,0.01819,0.5555,18.9,3.7,50.0,2017.0,130.94,13.22,0
Toyota,Hatchback,NMC,FWD,722.0,139923.0,10.89,,0.04004,0.7623,78.1,70.8,43.5,2015.0,39.32,50.74,1
Tesla,Sedan,NCA,,159.0,56935.0,1.99,12.94,0.01341,0.4086,62.5,10.8,88.8,2024.0,56.63,31.04,0
Hyundai,Sedan,NMC,FWD,975.0,305874.0,7.91,38.9,0.03473,0.6664,65.1,,126.1,2018.0,64.2,30.39,1
,Sedan,NMC,FWD,938.0,195310.0,,42.16,0.04355,0.7505,66.4,27.1,55.3,2015.0,42.22,45.57,1
Volkswagen,Sedan,LFP,FWD,262.0,59653.0,6.0,0.63,0.01117,0.5818,17.8,31.1,33.6,2020.0,60.75,,0
Rivian,SUV,NMC,RWD,242.0,144815.0,11.11,15.31,,0.4953,53.7,33.9,43.4,2015.0,102.23,27.16,0
Hyundai,Crossover,NMC,AWD,865.0,311822.0,7.69,43.23,0.03271,0.7087,62.4,56.1,130.4,2018.0,70.32,47.69,1
Tesla,Crossover,NCA,AWD,921.0,336657.0,10.4,44.38,0.03162,0.6539,77.9,56.0,104.5,2016.0,74.48,64.68,1
Audi,Hatchback,NMC,FWD,311.0,,2.98,17.3,0.02451,0.5788,47.0,44.0,73.3,2023.0,45.46,39.05,0
Mercedes,SUV,NCA,AWD,991.0,418653.0,9.1,50.01,0.02965,0.6899,83.2,27.1,153.8,2017.0,88.09,18.89,1
Volkswagen,Crossover,NMC,AWD,751.0,277297.0,10.08,39.16,0.02957,0.6693,59.0,78.9,91.7,2016.0,75.58,58.45,1
MG,Sedan,LFP,AWD,132.0,31654.0,4.62,1.31,0.00604,0.5692,20.6,13.6,17.7,2021.0,55.11,14.87,0
GM,Sedan,NMC,AWD,31.0,8582.0,1.99,0.56,0.00782,0.4445,62.1,33.0,3.0,2024.0,76.22,43.98,0
Volkswagen,Hatchback,NMC,AWD,1007.0,279713.0,8.92,46.06,0.03274,0.7426,69.0,60.2,106.0,2017.0,55.56,,1
Mercedes,SUV,NCA,FWD,713.0,291118.0,10.99,35.31,0.03179,0.5767,74.0,30.6,88.1,2015.0,82.8,44.77,1
Kia,Hatchback,NMC,AWD,1697.0,342710.0,8.4,56.91,,0.8592,72.6,59.2,135.1,2018.0,41.58,62.85,1
GM,,LFP,AWD,816.0,,7.35,8.6,0.01297,0.6239,20.3,15.7,120.7,2019.0,69.61,23.92,0
Mercedes,SUV,,FWD,109.0,62993.0,10.81,9.53,0.01565,0.4048,57.6,,20.6,2015.0,94.26,42.92,0
Audi,Crossover,NMC,AWD,428.0,204299.0,9.01,21.75,0.02589,0.5533,50.0,28.1,77.1,,82.62,32.32,1
,Sedan,NMC,AWD,1157.0,307540.0,9.0,48.8,0.03245,0.8167,74.7,38.9,,2017.0,51.99,38.87,1
Tesla,Hatchback,NCA,RWD,1.0,500.0,2.1,0.2,0.01308,0.3342,60.8,16.0,3.0,2024.0,51.05,21.21,0
Volkswagen,SUV,LFP,AWD,152.0,167660.0,10.74,3.3,0.00766,0.5992,23.0,36.1,53.7,2015.0,94.71,54.24,0
Rivian,Crossover,NMC,FWD,280.0,127972.0,9.82,12.23,0.02151,0.5349,52.2,18.7,,2016.0,76.04,26.99,0
Volkswagen,SUV,NMC,FWD,49.0,34555.0,2.07,0.2,0.00908,0.4,42.3,13.6,55.6,2024.0,78.79,22.57,0
Rivian,Van,NMC,RWD,767.0,318390.0,9.86,35.32,0.0296,0.7006,64.5,64.9,112.9,2016.0,88.75,51.64,1
Volvo,Crossover,NMC,,941.0,339642.0,10.91,37.27,0.03298,,71.7,23.4,109.5,2015.0,75.6,26.58,1
GM,Crossover,LFP,FWD,1.0,11716.0,10.07,0.2,0.02658,,24.9,50.9,9.7,2016.0,88.09,48.85,0
GM,Crossover,NMC,AWD,234.0,63248.0,3.1,15.77,0.01658,0.4684,47.0,29.0,66.2,2023.0,69.66,30.85,0
Renault,Hatchback,,FWD,826.0,170462.0,5.97,35.99,0.02935,0.7423,62.6,36.4,91.7,2020.0,40.46,35.08,1
Volvo,Van,NMC,FWD,831.0,369202.0,11.08,35.84,0.03519,0.7547,64.2,53.4,107.6,2015.0,85.7,59.75,1
BYD,,LFP,AWD,267.0,114586.0,10.12,2.15,0.00773,0.5519,18.2,10.9,,2016.0,86.78,42.19,0
Lucid,SUV,NCA,AWD,746.0,308139.0,9.12,39.83,0.02759,0.611,67.4,40.1,111.1,,76.96,48.65,1
Volvo,SUV,NMC,FWD,715.0,264578.0,7.79,36.75,0.03141,0.669,59.2,,112.0,2018.0,87.44,23.12,1
MG,Sedan,LFP,FWD,620.0,154441.0,11.01,16.58,0.01906,0.8878,41.5,70.4,42.2,2015.0,55.46,37.82,0
Nissan,Crossover,LMO,AWD,72.0,22925.0,4.13,2.47,0.01545,0.4483,49.5,14.9,18.9,2022.0,73.09,39.61,0
MG,SUV,LFP,RWD,28.0,6533.0,5.83,0.2,0.00105,0.5584,22.6,15.0,3.0,2020.0,99.87,41.39,0
Lucid,Sedan,NMC,,57.0,26625.0,1.99,8.14,0.01064,0.3966,55.0,39.9,56.6,2024.0,61.36,29.43,0
Mercedes,Hatchback,NCA,FWD,995.0,236411.0,10.27,51.92,0.03838,0.7695,90.9,71.9,71.2,2016.0,46.1,55.61,1
Hyundai,Crossover,NMC,FWD,88.0,5777.0,6.9,0.2,0.00957,0.3943,40.8,0.0,6.2,2019.0,74.29,15.82,0
Hyundai,Crossover,LFP,RWD,365.0,157021.0,4.96,6.34,0.01883,0.6261,38.4,56.5,105.9,2021.0,68.86,27.42,0
Toyota,Crossover,NMC,FWD,757.0,262711.0,8.15,42.3,0.02924,0.8484,79.7,85.2,113.7,2018.0,69.78,27.13,1
Renault,SUV,NMC,AWD,604.0,240570.0,11.07,30.25,0.02424,0.633,64.5,22.3,71.6,2015.0,82.98,35.6,1
BYD,Sedan,NMC,FWD,628.0,219850.0,9.96,29.43,0.02084,0.6358,59.5,22.7,75.1,2016.0,67.49,35.9,1
Rivian,SUV,NMC,RWD,256.0,118770.0,9.11,18.31,0.02231,0.5455,,65.2,44.5,2017.0,,44.22,0
BYD,Sedan,NMC,AWD,354.0,112163.0,6.02,23.14,0.0233,0.6005,70.7,62.8,61.3,2020.0,70.17,47.76,1
Volkswagen,Sedan,NMC,AWD,539.0,167052.0,8.94,28.73,0.01893,0.6552,59.6,26.7,57.6,,75.5,38.69,0
Tesla,SUV,NCA,FWD,780.0,367734.0,10.34,43.82,0.03035,0.6166,78.4,48.0,122.8,2016.0,93.75,43.52,1
Volkswagen,Crossover,NMC,AWD,225.0,78636.0,5.95,12.08,0.01071,0.5272,64.6,50.8,46.1,,77.38,51.81,0
Hyundai,,NMC,FWD,1652.0,449630.0,11.1,55.7,0.03426,0.9093,67.3,63.1,135.3,2015.0,53.79,47.95,1
Rivian,Truck,NCA,AWD,415.0,,7.25,25.4,0.02289,0.4909,,20.8,104.4,2019.0,118.38,17.99,1
GM,SUV,LFP,FWD,58.0,26699.0,3.97,0.2,0.00761,0.5737,21.7,13.1,16.9,2022.0,85.66,23.78,0
Toyota,Crossover,NMC,FWD,490.0,179463.0,10.09,30.31,0.02153,0.6044,65.0,38.0,60.0,2016.0,75.7,21.99,1
Mercedes,Truck,NMC,AWD,154.0,118997.0,6.86,10.7,0.02102,0.4834,48.5,49.5,55.2,2019.0,119.0,39.12,0
Mercedes,Sedan,NMC,RWD,406.0,101017.0,6.98,28.64,0.02761,0.7069,77.4,79.7,,,71.17,45.44,0
Tesla,SUV,NCA,FWD,196.0,70863.0,10.12,14.5,0.02688,0.447,72.6,30.2,21.6,,96.72,37.3,0
Rivian,Crossover,NMC,RWD,509.0,184730.0,8.01,25.52,0.02747,0.6072,64.6,64.4,79.5,2018.0,67.75,65.06,1
Tata,Sedan,LFP,FWD,396.0,109441.0,10.81,4.45,0.01225,0.6207,17.4,20.9,37.1,2015.0,62.54,41.72,0
Mercedes,Sedan,NMC,FWD,684.0,,6.85,31.01,0.03071,0.6548,66.9,16.1,112.6,2019.0,69.22,23.63,1
BYD,Hatchback,LFP,FWD,159.0,42122.0,6.98,1.57,0.0234,0.5831,35.7,25.2,19.8,2019.0,48.21,42.24,0
Hyundai,,NMC,FWD,524.0,201720.0,8.08,28.55,0.02695,0.5861,68.3,50.7,81.5,,73.36,51.53,1
Kia,SUV,NMC,FWD,198.0,113963.0,5.16,17.84,0.02705,0.6296,76.0,73.2,77.9,2021.0,91.73,49.2,1
Mercedes,SUV,NMC,RWD,1.0,37863.0,6.09,0.2,0.00544,0.4295,53.2,,19.2,2020.0,83.81,38.24,0
Hyundai,Crossover,NMC,RWD,670.0,198476.0,6.17,31.99,0.01998,0.6368,62.7,47.9,107.3,2020.0,60.53,38.96,1
Mahindra,SUV,NMC,AWD,115.0,15087.0,2.15,4.87,0.01133,0.4541,37.2,16.7,17.3,,79.94,39.05,0
Tesla,Sedan,NCA,AWD,701.0,250569.0,10.31,36.5,0.02588,0.6568,79.2,43.9,83.4,,73.19,53.47,1
MG,Hatchback,NMC,RWD,11.0,26005.0,3.95,0.28,,0.3918,44.9,54.6,,2022.0,,44.96,0
Kia,Crossover,NMC,AWD,333.0,125430.0,11.15,17.29,0.01662,0.533,,24.2,34.7,2015.0,71.08,37.23,0
BYD,Hatchback,LFP,FWD,207.0,10830.0,5.84,0.22,,0.5193,19.7,22.4,14.9,2020.0,46.59,25.99,0
Tesla,Hatchback,NCA,RWD,849.0,176068.0,10.75,43.34,0.03303,0.7052,,57.5,59.0,2015.0,42.05,45.96,1
Tesla,Crossover,NCA,,378.0,159331.0,8.89,23.62,0.02517,0.4758,70.0,15.3,58.2,2017.0,69.33,46.59,0
Kia,Sedan,LFP,RWD,,384972.0,7.99,20.5,0.03259,0.7571,35.7,52.5,157.3,2018.0,62.83,43.04,0
Mercedes,Hatchback,,AWD,1080.0,326615.0,11.22,41.98,0.04199,0.7858,67.2,60.9,96.6,2015.0,,46.7,1
Volkswagen,Hatchback,LFP,RWD,363.0,79928.0,6.7,10.04,0.01655,0.6561,34.3,51.8,41.8,2019.0,38.6,41.85,0
Ford,Hatchback,NMC,FWD,949.0,229912.0,7.89,42.17,0.03224,0.6865,63.0,39.6,93.4,2018.0,47.05,45.96,1
Renault,Hatchback,NMC,AWD,522.0,113404.0,5.98,28.64,0.02591,0.5947,61.3,33.9,68.2,,50.82,44.04,0
BMW,SUV,NMC,FWD,9.0,13890.0,3.0,,0.00755,0.4568,54.8,44.7,12.9,2023.0,94.22,35.46,0
BYD,Sedan,LFP,FWD,647.0,208334.0,6.08,11.25,0.01974,0.6721,29.5,25.0,113.3,2020.0,74.66,40.39,0
Renault,,NMC,FWD,449.0,144016.0,9.72,,0.02358,0.6546,57.8,27.6,48.8,2016.0,76.52,30.61,1
Hyundai,Crossover,NMC,FWD,166.0,59879.0,,11.6,0.01652,0.5156,52.1,25.6,22.3,2019.0,84.08,33.23,0
Honda,SUV,NMC,FWD,360.0,152052.0,8.04,28.01,0.0202,0.6238,81.8,96.9,64.5,2018.0,81.47,,1
BYD,Hatchback,LFP,FWD,518.0,99345.0,7.99,24.05,0.02566,1.0381,47.5,100.0,43.3,2018.0,40.71,48.83,1
,,LFP,FWD,,39815.0,1.94,3.25,0.00865,0.6252,31.8,98.2,92.9,,89.86,51.13,0
GM,SUV,NMC,FWD,310.0,117290.0,6.17,17.89,0.01513,0.5532,59.1,64.2,67.9,2020.0,81.5,58.58,0
Tesla,Sedan,NCA,FWD,872.0,308409.0,11.03,47.55,0.03545,0.6866,71.6,47.7,94.7,2015.0,69.34,44.19,1
Tata,Hatchback,LFP,RWD,1087.0,178194.0,11.14,,0.02779,0.794,34.2,46.8,53.9,2015.0,34.89,52.66,1
Nissan,SUV,NMC,FWD,572.0,317144.0,10.19,31.47,0.02771,,64.0,16.4,101.2,2016.0,100.9,18.17,1
BMW,Hatchback,NMC,FWD,1879.0,325595.0,10.31,55.7,0.04155,0.8561,83.2,23.1,104.5,2016.0,35.14,21.47,1
Nissan,Hatchback,NMC,FWD,1611.0,334002.0,8.02,57.39,0.0427,0.9388,77.8,79.0,137.3,2018.0,42.81,,1
Tata,SUV,LFP,RWD,203.0,73929.0,6.96,0.76,0.01347,0.5515,19.1,8.4,37.9,2019.0,88.26,37.96,0
GM,Hatchback,NMC,FWD,902.0,216749.0,8.86,42.38,0.03047,0.7267,63.9,87.1,80.5,2017.0,54.57,,1
Tata,SUV,NMC,RWD,720.0,,9.81,35.01,0.02898,0.6721,64.5,40.5,97.2,2016.0,83.74,64.77,1
Ford,SUV,NMC,RWD,484.0,224781.0,6.93,27.66,0.02766,0.6213,72.2,71.4,106.6,,97.21,46.17,1
Hyundai,SUV,NMC,FWD,847.0,359000.0,11.02,41.11,,0.7875,78.6,48.1,109.5,2015.0,89.35,,1
GM,SUV,LFP,RWD,264.0,96075.0,7.95,8.82,0.01822,0.6617,27.4,50.3,37.1,2018.0,97.2,,0
BMW,Sedan,NMC,AWD,401.0,111292.0,9.97,21.75,0.03122,0.5869,67.1,57.9,39.2,2016.0,56.89,55.28,1
Hyundai,SUV,NMC,FWD,,319642.0,10.21,40.03,0.0287,0.6937,79.4,66.9,101.8,2016.0,88.03,40.0,1
Tesla,SUV,NMC,FWD,118.0,31213.0,4.02,4.8,0.00643,0.4248,52.3,8.9,25.7,,93.78,46.19,0
Honda,Hatchback,NMC,RWD,460.0,69620.0,6.95,,,0.658,53.4,44.5,28.8,2019.0,30.04,38.2,1
Ford,Crossover,,FWD,1059.0,321586.0,10.02,10.53,0.01235,0.7058,25.0,29.5,108.8,2016.0,60.16,33.31,0
Mahindra,Sedan,NMC,AWD,772.0,265236.0,,31.95,0.0216,0.6878,63.7,12.9,108.7,2018.0,71.82,35.53,0
BYD,SUV,LFP,FWD,133.0,77227.0,6.01,0.2,,0.5499,20.9,38.7,35.9,2020.0,96.12,48.72,0
Tesla,Van,NCA,RWD,352.0,153462.0,4.77,29.65,0.02963,0.5553,81.7,93.4,98.0,2021.0,85.65,65.96,1
Volkswagen,Hatchback,NMC,FWD,695.0,169325.0,11.04,33.69,0.0242,0.6619,60.7,57.3,46.1,2015.0,46.18,57.88,1
Rivian,Crossover,NMC,RWD,268.0,90802.0,7.12,12.08,0.02482,,55.3,20.8,50.3,2019.0,66.48,31.77,0
MG,Crossover,LFP,RWD,193.0,35237.0,4.14,,0.01023,0.5496,33.4,29.2,26.2,2022.0,80.4,32.24,0
Lucid,SUV,NCA,FWD,593.0,295690.0,8.11,43.04,0.03104,0.6871,85.6,35.1,120.1,2018.0,106.41,29.45,1
Honda,Sedan,NMC,RWD,533.0,160049.0,4.28,37.62,0.02469,0.7863,68.3,100.0,122.8,2022.0,63.14,64.55,1
Tesla,Truck,NCA,AWD,1.0,7104.0,3.02,0.2,0.00895,0.3748,69.2,35.7,8.5,2023.0,113.64,53.17,0
,SUV,NMC,FWD,343.0,106677.0,4.32,33.23,0.03318,0.8101,75.4,100.0,74.3,2022.0,76.59,34.14,1
Ford,SUV,NMC,RWD,489.0,196127.0,4.91,26.75,0.02372,0.5938,58.7,72.4,129.3,2021.0,89.37,40.69,1
Tata,SUV,LFP,RWD,1.0,26143.0,1.81,0.2,0.01436,0.5612,19.3,13.1,38.1,2024.0,88.68,21.43,0
Volkswagen,Hatchback,NMC,AWD,205.0,70209.0,2.79,5.32,0.01049,0.4812,43.6,46.2,95.0,2023.0,57.33,65.3,0
Mercedes,Hatchback,NMC,RWD,1640.0,371751.0,10.0,51.73,0.04585,0.783,76.7,59.7,123.0,2016.0,43.67,43.79,1
BYD,Van,NMC,FWD,61.0,52873.0,3.14,,0.01181,0.4114,46.9,27.5,47.1,2023.0,90.98,53.95,0
Tesla,Crossover,NCA,FWD,14.0,33835.0,4.24,0.2,0.00984,0.2991,50.6,0.0,25.7,2022.0,79.97,5.02,0
Toyota,Sedan,LFP,FWD,1.0,22373.0,4.8,2.07,,0.6474,,19.1,19.5,2021.0,63.26,26.69,0
Hyundai,Hatchback,NMC,FWD,953.0,155661.0,,,0.03551,0.7783,65.0,22.5,89.2,2020.0,35.59,18.2,1
Renault,Van,LMO,FWD,467.0,167177.0,8.92,42.32,0.03603,0.8205,61.7,37.8,58.1,2017.0,72.6,,1
Volkswagen,Crossover,NMC,AWD,211.0,77273.0,6.95,12.18,0.01517,0.5073,51.6,30.4,34.9,2019.0,76.09,39.77,0
MG,Hatchback,LFP,AWD,1497.0,329537.0,10.09,22.62,0.02291,0.8292,32.2,26.9,109.1,2016.0,43.93,22.45,0
Toyota,Hatchback,LFP,FWD,1873.0,354179.0,10.17,24.7,0.02288,0.8039,35.8,66.0,115.1,2016.0,38.33,64.56,1
Honda,Sedan,NMC,,313.0,74527.0,8.8,14.74,0.02214,,57.3,0.0,32.3,2017.0,,25.7,0
Tata,,NMC,FWD,354.0,135151.0,3.91,15.42,0.01843,0.4853,51.0,29.0,115.2,2022.0,66.88,15.01,1
,Sedan,LFP,FWD,358.0,108931.0,7.12,4.52,0.01262,0.5621,,30.2,47.9,2019.0,50.48,39.63,0
Hyundai,Hatchback,NMC,FWD,510.0,108480.0,2.89,27.33,0.02694,,58.5,47.4,126.0,2023.0,47.61,,0
Renault,Truck,NMC,AWD,673.0,362584.0,10.83,33.01,0.03404,0.6489,62.4,62.7,111.4,2015.0,111.93,37.66,1
Audi,Crossover,,RWD,385.0,132206.0,3.92,28.25,0.02621,0.5345,73.8,39.1,106.4,2022.0,74.99,32.71,1
Lucid,,NMC,,845.0,230990.0,10.08,36.96,0.03053,0.655,,,72.6,2016.0,53.04,54.2,1
Hyundai,Crossover,NMC,FWD,200.0,82515.0,7.69,13.1,0.02341,0.5092,71.0,59.1,42.6,2018.0,71.23,43.76,0
BMW,Crossover,NMC,FWD,642.0,238350.0,6.7,36.23,0.02672,0.6673,62.8,49.5,112.4,2019.0,79.9,42.95,1
BYD,Truck,LTO,FWD,412.0,14381.0,9.21,,0.00914,0.2707,19.3,4.4,4.5,2017.0,117.13,21.73,0
Renault,SUV,NMC,FWD,78.0,17075.0,4.06,3.88,0.01437,0.4559,56.5,42.6,16.2,2022.0,86.37,29.96,0
Tesla,Truck,NMC,FWD,238.0,154278.0,7.1,15.3,0.02533,0.5428,,46.1,69.4,2019.0,114.85,34.82,0
Nissan,Sedan,LMO,FWD,397.0,118513.0,9.88,45.9,0.03674,0.94,75.4,91.8,39.2,2016.0,59.47,68.88,1
Tesla,Hatchback,NMC,AWD,777.0,209609.0,11.31,40.76,0.02911,0.828,73.5,71.1,63.7,2015.0,56.39,36.32,1
Hyundai,Crossover,NMC,FWD,574.0,157221.0,7.24,25.67,0.01853,0.6427,58.8,38.9,69.2,2019.0,63.82,40.43,0
Rivian,SUV,NMC,FWD,86.0,73490.0,4.31,4.74,0.01926,0.372,55.0,75.5,61.2,2022.0,81.9,65.93,0
Volkswagen,Hatchback,NMC,AWD,228.0,45671.0,5.92,13.32,,0.5635,66.3,35.2,23.0,2020.0,47.55,36.32,0
BMW,SUV,NMC,AWD,1025.0,427319.0,11.17,47.83,0.03821,0.7902,71.2,24.8,129.8,2015.0,84.57,54.13,1
Tesla,SUV,NCA,FWD,1.0,28741.0,1.87,0.2,0.01453,0.3188,66.1,36.7,57.2,2024.0,94.92,32.74,0
,Crossover,NMC,,382.0,118915.0,6.9,20.32,0.02028,0.5612,58.1,35.8,54.5,2019.0,59.58,26.13,1
Lucid,Crossover,NMC,FWD,718.0,255607.0,7.03,29.27,0.02657,0.5581,62.5,50.7,119.0,2019.0,66.83,64.18,1
Hyundai,Hatchback,NMC,FWD,1083.0,309260.0,9.92,42.35,0.03446,0.7598,63.4,41.8,101.9,2016.0,54.18,36.48,1
BYD,Truck,LTO,RWD,769.0,217604.0,9.07,3.0,0.01613,0.1837,9.5,57.2,81.7,2017.0,121.15,38.64,0
Ford,Hatchback,NMC,FWD,307.0,103679.0,4.98,13.72,0.01276,0.4801,54.4,17.6,65.8,2021.0,57.72,20.6,0
Tata,Truck,LTO,FWD,452.0,2058.0,3.22,7.35,0.01801,0.3122,26.4,100.0,3.0,2023.0,120.39,52.4,0
Kia,Sedan,NMC,FWD,906.0,265192.0,10.82,44.29,0.0349,0.772,62.7,32.4,79.9,2015.0,60.83,31.59,1
Nissan,Van,NMC,AWD,698.0,274913.0,7.09,36.04,0.02794,0.6878,69.4,68.9,129.7,2019.0,82.93,41.03,1
BMW,Sedan,NMC,FWD,1069.0,312143.0,8.31,45.0,0.03533,0.7606,67.2,54.0,120.9,2018.0,,52.8,1
Honda,Van,NMC,FWD,427.0,153873.0,11.29,23.86,0.02601,0.551,51.2,10.8,46.0,2015.0,76.54,19.34,1
Ford,SUV,NMC,,709.0,259994.0,8.88,35.95,0.03561,0.7003,68.2,54.7,97.4,2017.0,80.55,56.16,1
Nissan,,LMO,FWD,1069.0,294392.0,8.74,63.56,0.05308,0.9609,64.4,26.1,111.7,2017.0,54.67,29.25,1
Hyundai,Van,NMC,FWD,119.0,33117.0,3.01,14.28,0.01912,0.5271,64.6,64.4,34.6,2023.0,84.87,43.02,0
,Sedan,NMC,FWD,78.0,16682.0,8.85,7.23,0.02265,0.4621,63.1,21.7,3.5,2017.0,,36.91,0
MG,Van,LFP,AWD,400.0,160555.0,11.1,2.84,0.0178,0.586,22.3,40.0,48.1,2015.0,91.44,53.99,0
BYD,Crossover,LFP,FWD,894.0,308063.0,8.08,12.88,0.01903,0.7502,51.5,40.3,125.2,2018.0,,32.03,0
Volkswagen,Crossover,NMC,FWD,328.0,111313.0,3.77,19.98,0.01966,0.5482,65.5,76.4,92.7,2022.0,60.07,44.74,0
Tesla,SUV,NCA,RWD,452.0,178157.0,9.76,30.19,0.02723,0.5439,89.8,34.7,58.0,2016.0,87.41,34.83,1
Nissan,SUV,LMO,RWD,403.0,154683.0,11.05,42.34,0.039,0.8575,,42.1,44.5,2015.0,87.28,70.65,1
Volkswagen,Sedan,NMC,RWD,1055.0,366743.0,10.09,39.5,0.03224,0.7116,58.2,31.7,120.3,2016.0,66.99,34.85,1
GM,Sedan,NMC,FWD,109.0,47008.0,,5.77,0.01248,0.4013,49.3,30.6,100.3,2024.0,65.74,30.33,0
Nissan,SUV,NMC,,527.0,267228.0,10.19,29.12,0.02639,0.6203,70.0,62.2,94.3,2016.0,96.95,52.96,1
Tesla,Van,NMC,RWD,812.0,399889.0,9.89,41.09,,0.7101,64.9,79.6,131.2,2016.0,97.37,58.82,1
Kia,Sedan,NMC,FWD,347.0,142739.0,9.87,22.19,,0.5488,57.8,8.8,48.5,2016.0,72.41,16.0,1
Toyota,Crossover,LFP,AWD,25.0,22186.0,9.7,0.2,0.02004,0.6074,19.4,34.4,3.0,2016.0,87.45,40.26,0
Tesla,SUV,NMC,AWD,560.0,259899.0,8.08,31.9,0.02604,0.6367,60.5,53.7,107.0,2018.0,86.56,,1
Tesla,SUV,NCA,RWD,418.0,185977.0,8.14,30.0,0.03409,0.5198,74.9,,76.6,2018.0,99.0,27.97,0
Rivian,Sedan,NCA,AWD,506.0,164231.0,8.76,36.03,0.03756,0.604,80.4,37.0,60.1,2017.0,66.76,26.8,1
,SUV,LMO,FWD,521.0,212833.0,9.04,46.41,0.03274,0.8348,50.5,,74.4,2017.0,81.75,40.48,1
Tesla,SUV,NMC,RWD,104.0,25850.0,2.9,3.97,0.00816,0.3725,48.9,17.5,26.1,2023.0,,40.02,0
Tesla,SUV,NCA,AWD,666.0,330347.0,9.89,38.2,0.03663,0.6499,,42.6,112.6,2016.0,96.67,37.84,1
Honda,Crossover,NMC,FWD,693.0,,8.01,37.75,0.02757,0.7619,77.7,78.7,118.3,2018.0,90.15,57.36,1
Toyota,Sedan,NMC,AWD,144.0,37764.0,4.21,6.6,0.01604,0.4422,55.4,22.4,25.8,2022.0,58.9,52.38,0
Volkswagen,Sedan,NMC,FWD,395.0,113832.0,11.28,18.77,0.02011,0.5398,48.3,0.0,33.0,2015.0,62.16,25.62,0
Lucid,Truck,NCA,AWD,374.0,216102.0,6.03,,0.03115,0.5228,72.2,56.1,119.9,2020.0,119.52,57.91,1
Ford,Crossover,NMC,RWD,1042.0,356583.0,10.14,50.18,0.03426,0.9903,87.7,100.0,118.3,2016.0,71.61,61.73,1
Mahindra,Hatchback,NMC,FWD,554.0,148356.0,4.02,37.5,0.03128,,71.9,78.6,124.9,2022.0,60.63,26.3,1
Tesla,Van,NCA,AWD,274.0,98761.0,9.99,15.24,0.02157,0.4999,73.3,10.4,33.7,2016.0,,34.22,0
Mercedes,Crossover,NMC,AWD,,331769.0,8.02,38.5,0.03691,0.6797,69.2,,135.2,2018.0,81.07,30.47,1
Hyundai,Hatchback,NMC,FWD,478.0,90784.0,3.85,30.1,0.02261,0.6662,67.7,49.7,86.1,2022.0,38.87,28.91,1
GM,Crossover,LFP,FWD,248.0,68056.0,4.17,0.59,0.00578,0.5949,22.4,17.7,46.3,2022.0,54.4,20.87,0
BYD,Hatchback,LFP,RWD,331.0,77581.0,5.16,0.51,0.00616,0.4908,13.6,2.5,49.1,2021.0,52.52,18.42,0
Mercedes,Hatchback,NMC,RWD,852.0,221850.0,10.04,39.17,0.02933,0.6522,62.7,46.2,74.8,2016.0,51.93,38.2,1
Toyota,Hatchback,LFP,AWD,2419.0,362067.0,10.93,32.39,0.02969,0.9312,37.8,29.0,109.5,2015.0,30.77,23.87,1
Mercedes,Hatchback,NMC,AWD,1438.0,193410.0,9.08,48.2,0.02812,0.8169,66.8,34.4,69.1,2017.0,26.92,41.24,1
Volkswagen,Hatchback,NMC,FWD,1261.0,352692.0,9.95,53.19,0.03967,0.8307,72.6,72.9,,2016.0,55.1,43.44,1
Tesla,Van,NCA,RWD,573.0,238344.0,6.95,43.16,0.03612,0.7951,85.4,100.0,111.5,2019.0,86.19,53.01,1
Rivian,Hatchback,NMC,AWD,399.0,117733.0,9.83,17.59,0.02029,0.5332,53.7,25.0,37.9,2016.0,59.62,39.2,0
Nissan,Hatchback,NMC,RWD,776.0,176139.0,11.01,41.18,0.03451,0.8384,67.6,55.7,56.6,2015.0,51.01,35.67,1
Mahindra,SUV,LFP,RWD,232.0,107853.0,7.09,3.55,0.0101,0.5557,19.2,36.9,48.7,2019.0,91.26,53.28,0
Mercedes,SUV,NCA,FWD,506.0,245062.0,10.83,27.25,0.02199,0.5384,78.0,35.9,80.4,2015.0,98.39,51.35,0
Tesla,Hatchback,NCA,FWD,1188.0,291891.0,9.95,54.01,0.03904,0.675,84.9,43.8,96.4,2016.0,,40.39,1
Mahindra,Crossover,LFP,RWD,1.0,21440.0,2.87,0.2,0.00629,0.6169,19.1,,33.6,2023.0,68.79,40.81,0
Nissan,Hatchback,LMO,AWD,1039.0,232457.0,7.91,59.93,0.04691,0.9257,68.3,25.3,91.9,2018.0,45.63,24.64,1
MG,Van,LFP,FWD,345.0,130409.0,11.03,1.95,0.01176,0.5676,26.3,20.8,39.3,2015.0,96.17,50.17,0
Tesla,SUV,NCA,AWD,119.0,47153.0,,20.08,0.01903,0.5584,78.0,100.0,39.3,2023.0,89.29,74.73,0
Volkswagen,SUV,NMC,,117.0,59442.0,4.99,7.4,0.0221,0.4674,59.6,51.3,,2021.0,97.57,51.67,0
Honda,SUV,,AWD,577.0,233170.0,8.98,25.59,0.02711,0.5493,52.3,41.0,88.7,2017.0,89.0,32.83,0
Tesla,SUV,LFP,FWD,90.0,32501.0,9.28,1.41,0.01814,0.5862,24.0,41.8,8.4,2017.0,91.73,40.76,0
Kia,Crossover,NMC,AWD,563.0,149501.0,9.89,33.34,0.02675,0.625,59.4,76.5,48.2,2016.0,52.15,52.4,1
Mercedes,Crossover,NMC,AWD,276.0,126259.0,9.84,23.67,0.02655,0.642,65.9,83.9,41.0,2016.0,80.52,50.17,1
Mercedes,Sedan,,,49.0,8195.0,1.98,0.2,0.01134,0.336,46.2,8.4,18.2,2024.0,73.59,30.19,0
Tesla,Truck,NCA,AWD,61.0,8844.0,3.81,4.47,0.00761,0.3148,58.9,32.8,3.0,2022.0,128.58,23.1,0
Hyundai,Hatchback,NMC,AWD,837.0,179587.0,8.62,42.51,0.03032,0.7036,84.9,53.2,71.8,2017.0,39.61,31.26,1
Nissan,Hatchback,NMC,FWD,245.0,70011.0,2.89,14.13,0.01487,0.5274,50.0,50.5,97.3,2023.0,59.56,40.65,0
Audi,SUV,NMC,FWD,301.0,154408.0,4.98,21.43,0.01913,0.5383,71.5,50.2,96.2,2021.0,102.31,44.59,0
Tesla,Sedan,NCA,RWD,780.0,228188.0,6.91,41.64,0.03065,0.6082,80.0,65.7,110.2,2019.0,54.2,65.04,1
Ford,Sedan,NMC,RWD,1128.0,321859.0,11.38,44.07,0.03709,0.6981,65.7,64.2,97.8,2015.0,56.94,52.14,1
Lucid,Crossover,NCA,FWD,175.0,79787.0,7.18,12.93,0.01811,0.4357,60.6,25.3,38.3,2019.0,81.46,31.95,0
Renault,Crossover,LMO,FWD,686.0,240295.0,10.17,60.6,0.04336,1.0221,71.2,58.4,82.6,2016.0,73.81,52.44,1
Nissan,Crossover,LMO,RWD,176.0,49260.0,7.03,20.12,0.0215,0.6269,50.3,14.3,22.1,2019.0,,28.17,0
Honda,SUV,NMC,RWD,,218913.0,8.96,21.2,0.0224,0.5436,51.3,62.6,83.6,2017.0,92.94,64.6,0
BMW,Crossover,NMC,AWD,407.0,215318.0,5.9,28.73,0.02757,0.6531,60.7,64.0,119.0,2020.0,86.07,41.48,1
Kia,SUV,NMC,FWD,680.0,261197.0,8.87,36.3,0.0327,0.678,77.8,48.0,97.9,2017.0,,38.58,1
MG,,LFP,FWD,44.0,500.0,1.93,0.2,0.00699,,24.6,30.9,3.0,2024.0,89.56,54.11,0
Tesla,Sedan,NMC,AWD,1027.0,288785.0,10.07,44.15,0.035,0.7346,67.5,47.0,99.2,2016.0,53.97,,1
GM,Hatchback,NMC,RWD,1263.0,344257.0,9.91,52.44,0.03685,0.8272,74.1,37.3,115.2,2016.0,52.98,29.88,1
Toyota,Van,NMC,AWD,2.0,5395.0,1.98,0.2,,0.3401,41.1,0.0,,,82.03,18.82,0
Tata,Crossover,,FWD,131.0,41314.0,1.86,9.14,0.02289,0.7317,43.2,54.2,57.5,,77.98,25.72,0
BMW,Hatchback,NMC,AWD,435.0,93467.0,8.79,27.27,0.02034,0.7491,,,39.5,2017.0,55.89,15.21,0
BMW,Sedan,NMC,FWD,794.0,265715.0,9.01,36.51,0.03088,0.7567,62.5,61.7,98.3,2017.0,67.95,65.54,1
Kia,Crossover,NMC,RWD,338.0,,8.13,22.61,0.02757,0.6795,71.7,44.0,50.5,2018.0,80.11,21.34,0
GM,Hatchback,LFP,FWD,521.0,104170.0,11.01,4.63,0.01543,0.5635,15.1,35.6,30.9,2015.0,31.67,55.14,0
Ford,SUV,NMC,AWD,189.0,104748.0,4.85,14.07,0.02293,0.5945,72.6,42.5,66.9,2021.0,97.14,38.85,0
Ford,Truck,LFP,FWD,118.0,33760.0,3.0,2.6,0.00601,0.6027,31.1,36.6,35.1,2023.0,117.47,45.3,0
Volvo,Hatchback,NMC,FWD,795.0,203904.0,10.01,35.85,0.02679,0.7084,54.2,39.0,71.5,2016.0,54.94,41.95,1
Renault,SUV,NMC,FWD,493.0,200306.0,8.79,,0.01776,0.5266,53.5,8.3,74.6,2017.0,86.53,47.8,0
GM,Sedan,LFP,RWD,189.0,53005.0,7.69,0.2,0.01322,0.5554,20.7,48.4,24.5,2018.0,53.97,59.01,0
Volkswagen,Hatchback,NMC,FWD,487.0,99555.0,8.01,25.1,0.02986,0.6644,64.0,31.1,37.9,2018.0,42.08,33.64,0
Tesla,SUV,NCA,AWD,591.0,226395.0,7.16,33.9,0.02505,,92.1,33.4,101.1,2019.0,75.48,12.52,1
MG,Hatchback,LFP,AWD,,198408.0,10.98,14.84,0.02881,0.7555,36.4,48.6,54.6,2015.0,59.06,31.32,0
Rivian,SUV,NCA,RWD,753.0,335230.0,7.89,35.27,0.03759,0.6025,81.8,22.2,138.4,2018.0,95.11,46.26,1
GM,Sedan,NMC,AWD,142.0,74013.0,4.12,7.79,0.0179,0.3875,55.0,14.4,,2022.0,74.32,33.62,0
Volkswagen,SUV,NMC,FWD,681.0,327578.0,10.01,30.6,0.02269,0.6564,65.6,48.7,107.5,2016.0,99.68,,1
BMW,Hatchback,NMC,FWD,262.0,68136.0,3.79,12.56,0.01655,0.5015,54.1,23.1,50.0,2022.0,46.2,36.07,0
Nissan,SUV,LMO,RWD,,117898.0,7.91,38.57,0.03074,0.884,75.6,87.0,,2018.0,96.45,47.5,1
Hyundai,Hatchback,NMC,RWD,470.0,147777.0,9.32,26.91,0.03685,0.5896,58.7,10.8,57.9,2017.0,63.12,21.4,1
Tesla,Crossover,LFP,AWD,1.0,14888.0,2.83,0.2,0.00576,0.5018,9.6,30.2,43.2,2023.0,78.85,38.24,0
,Sedan,LFP,RWD,186.0,32734.0,9.28,2.78,0.00741,0.5976,25.0,23.6,7.8,2017.0,60.58,32.71,0
GM,Sedan,LFP,AWD,155.0,16214.0,2.06,3.46,0.01864,0.6,28.6,34.4,45.3,2024.0,71.19,41.54,0
Kia,Van,LFP,RWD,254.0,74168.0,3.82,3.03,0.00641,0.6116,15.1,32.4,66.8,2022.0,96.2,40.31,0
Tesla,Sedan,NCA,AWD,,99887.0,10.97,20.07,0.02326,0.458,70.3,0.0,32.6,2015.0,54.61,16.11,0
Tesla,Sedan,NCA,FWD,,11450.0,1.87,0.78,0.01503,0.3363,66.1,15.4,3.0,2024.0,56.79,16.14,0
Tesla,Crossover,NCA,AWD,617.0,248414.0,7.86,39.45,0.02821,0.6109,77.9,70.1,109.0,2018.0,82.31,54.39,1
Toyota,SUV,LFP,FWD,215.0,128466.0,8.93,2.43,0.01532,0.5611,21.9,30.7,45.2,2017.0,83.71,35.3,0
Volkswagen,Crossover,NMC,AWD,18.0,7595.0,3.16,0.52,0.00438,0.3655,36.1,17.6,3.0,2023.0,71.19,38.11,0
,SUV,NMC,AWD,1.0,9608.0,9.01,5.6,0.01648,0.5333,66.7,72.2,3.0,2017.0,102.62,45.27,0
Nissan,Sedan,LMO,FWD,596.0,152718.0,9.89,49.45,0.04395,0.8479,68.8,10.9,54.1,2016.0,51.69,26.74,0
Hyundai,Sedan,NMC,AWD,1343.0,410108.0,11.01,57.01,0.0486,0.8304,69.1,46.8,124.1,,61.68,31.49,1
Tesla,Sedan,NMC,AWD,239.0,,2.01,16.54,0.02302,0.5617,48.7,55.1,,2024.0,64.62,29.79,0
Tesla,Hatchback,NCA,FWD,1136.0,278070.0,9.0,52.92,0.03183,0.7248,79.3,42.1,101.0,2017.0,48.04,37.88,1
Volkswagen,,NMC,FWD,1170.0,413457.0,11.22,57.01,0.03868,0.9272,83.2,86.0,124.1,2015.0,69.17,39.74,1
Mercedes,SUV,NCA,FWD,487.0,212689.0,9.91,31.92,0.0377,0.5651,83.0,17.2,,2016.0,86.85,32.12,1
Mercedes,Crossover,NMC,AWD,1245.0,450000.0,11.03,46.49,0.03518,3.1353,84.6,52.1,158.2,2015.0,72.89,47.7,1
Rivian,Crossover,NMC,AWD,743.0,238507.0,10.19,38.28,0.02576,0.6696,60.5,59.9,76.4,,67.78,35.96,1
Toyota,Hatchback,NMC,AWD,476.0,134187.0,9.09,21.78,0.01925,0.5698,53.6,,44.3,2017.0,47.07,43.62,0
Volvo,Sedan,NMC,RWD,500.0,209437.0,10.07,23.76,0.02516,0.5871,60.1,38.9,72.8,2016.0,74.97,36.79,0
Tesla,SUV,NCA,RWD,102.0,44600.0,6.94,8.19,0.0176,0.3645,64.7,37.9,23.7,2019.0,79.94,45.94,0
Nissan,SUV,LMO,RWD,341.0,148865.0,7.0,30.19,0.01876,0.6816,57.6,6.7,67.4,2019.0,89.67,42.33,0
GM,Sedan,,RWD,411.0,160781.0,7.07,1.99,0.0171,0.5544,20.9,3.6,69.9,2019.0,70.53,32.91,0
BYD,Hatchback,LFP,RWD,655.0,156644.0,7.11,3.7,0.0082,0.5902,17.8,31.0,75.1,2019.0,42.28,53.03,0
Kia,Hatchback,NMC,AWD,737.0,201688.0,10.97,32.16,0.03172,0.6457,67.3,64.9,60.9,2015.0,50.62,68.54,1
GM,Truck,LFP,FWD,38.0,84405.0,3.06,2.35,0.01557,0.566,24.2,32.4,81.1,2023.0,124.5,50.34,0
Mercedes,Sedan,NCA,AWD,858.0,378845.0,9.85,45.01,0.02786,0.635,,50.7,121.1,2016.0,86.63,45.36,1
Nissan,Crossover,LMO,FWD,456.0,189885.0,10.87,47.0,0.03545,0.9211,63.1,69.0,55.8,2015.0,80.24,64.35,1
Volvo,Hatchback,NMC,RWD,919.0,264592.0,6.98,41.81,0.02967,0.7041,65.7,68.2,124.0,2019.0,58.72,57.56,1
Tesla,Crossover,NCA,AWD,457.0,158048.0,9.04,25.58,0.0289,0.526,75.4,33.3,59.4,2017.0,80.28,51.6,1
BYD,Hatchback,NMC,FWD,781.0,,5.76,28.47,0.02918,0.5463,57.9,18.3,76.8,2020.0,32.05,33.35,0
Volvo,Crossover,NMC,RWD,492.0,189535.0,9.16,31.74,0.02926,0.7899,83.6,89.9,64.4,2017.0,73.5,57.03,1
Volkswagen,SUV,NMC,AWD,382.0,182110.0,11.0,21.72,0.02591,0.5703,68.2,55.0,55.5,2015.0,83.99,35.52,0
GM,Hatchback,LFP,FWD,976.0,180608.0,7.8,24.52,0.02882,1.0339,46.9,73.7,80.0,,36.61,40.66,1
Tata,SUV,NMC,AWD,217.0,94539.0,5.98,12.67,0.01599,0.4787,50.3,,51.8,2020.0,95.22,,0
Honda,Van,NMC,FWD,591.0,250454.0,,30.13,0.03543,0.6904,73.6,71.8,76.5,2015.0,86.94,60.56,1
Ford,,NMC,FWD,955.0,253060.0,10.0,41.88,0.03101,0.8451,70.1,65.8,82.9,2016.0,,46.24,1
Audi,Van,NCA,FWD,611.0,,8.97,38.26,0.04662,0.6113,81.3,40.1,86.9,2017.0,74.55,18.49,1
Tata,SUV,NMC,RWD,197.0,85566.0,,26.94,0.02471,0.7206,71.1,100.0,61.0,2021.0,81.46,53.56,1
Hyundai,Van,NMC,RWD,107.0,12745.0,9.86,4.73,0.01137,,45.6,,3.0,2016.0,79.44,22.05,0
Nissan,Hatchback,NMC,AWD,655.0,128814.0,3.3,38.64,0.03254,0.858,81.5,91.6,116.7,2023.0,43.34,47.51,0
GM,SUV,NMC,FWD,571.0,,9.83,30.69,0.03405,0.6317,70.3,38.2,97.7,2016.0,104.96,44.31,1
Kia,Sedan,NMC,,50.0,39454.0,4.82,1.91,0.01077,0.3773,38.1,18.0,22.2,2021.0,75.52,41.08,0
Volvo,Sedan,NMC,FWD,322.0,91829.0,2.78,19.49,0.01657,0.4859,54.5,58.8,100.5,2023.0,,45.0,0
Rivian,Van,NMC,FWD,,302586.0,9.86,38.52,0.03337,0.7358,67.6,50.8,102.1,2016.0,71.15,,1
Rivian,Hatchback,NMC,RWD,623.0,108247.0,4.11,27.26,0.02493,0.5852,51.3,23.9,88.4,2022.0,33.7,32.79,0
Lucid,SUV,NCA,AWD,955.0,344885.0,8.18,45.42,0.0283,0.672,78.3,48.8,141.4,2018.0,,24.13,1
Lucid,SUV,NCA,FWD,198.0,68477.0,10.09,7.76,,0.3901,55.9,15.2,19.5,2016.0,79.54,22.1,0
GM,Sedan,NMC,FWD,103.0,57273.0,,18.78,0.02378,0.6544,71.9,100.0,26.6,2019.0,74.01,36.04,1
BYD,SUV,LFP,AWD,1.0,13039.0,9.86,0.79,0.01737,0.5593,18.2,53.1,,2016.0,88.23,47.02,0
BMW,Hatchback,NMC,FWD,124.0,23158.0,7.0,11.64,0.01706,0.4776,60.0,40.4,10.6,2019.0,39.88,45.91,0
Tesla,Sedan,NCA,FWD,766.0,273313.0,10.03,42.51,0.03152,0.6196,80.8,28.9,85.8,2016.0,69.13,38.39,1
Tata,Sedan,LFP,FWD,878.0,238009.0,5.19,19.26,0.02721,0.8985,42.8,71.0,149.0,2021.0,66.84,41.59,1
,,NMC,FWD,237.0,78541.0,9.98,9.38,0.01792,0.4247,57.3,0.0,24.0,,66.04,22.04,0
Kia,SUV,NMC,RWD,422.0,194974.0,,,0.01749,0.5845,64.2,47.7,95.7,2019.0,84.69,58.02,0
BMW,Sedan,NCA,AWD,226.0,63868.0,8.93,22.76,0.02932,0.5515,79.1,55.7,25.3,2017.0,71.29,29.05,1
Renault,Sedan,NMC,FWD,224.0,84587.0,,7.1,0.02114,0.4625,40.1,25.7,47.1,2020.0,62.63,49.25,0
Audi,SUV,NMC,FWD,591.0,216092.0,9.03,37.98,0.02901,0.7784,75.3,92.5,79.2,2017.0,82.9,,1
Volvo,Hatchback,NMC,RWD,460.0,82887.0,8.2,19.94,0.01622,0.5029,50.9,30.9,28.1,2018.0,37.13,48.75,0
Audi,Sedan,,AWD,391.0,103440.0,5.86,24.76,0.01721,0.6351,54.3,30.2,,2020.0,62.09,31.87,1
Tesla,Sedan,NCA,FWD,496.0,191620.0,7.96,37.32,0.03547,0.6961,89.0,,74.8,2018.0,70.94,34.01,1
Volkswagen,SUV,NMC,RWD,661.0,271900.0,9.17,,0.03522,,65.5,41.9,101.7,2017.0,81.98,45.02,1
Tesla,SUV,NMC,AWD,77.0,25760.0,5.17,2.91,0.01854,0.383,51.5,29.7,13.5,2021.0,92.78,42.71,0
Renault,Hatchback,NMC,FWD,1301.0,285724.0,8.05,52.23,0.04168,0.8044,66.2,58.8,123.1,2018.0,43.11,51.11,1
Audi,SUV,NCA,FWD,67.0,25996.0,2.1,2.11,0.00932,0.3349,62.2,10.8,32.3,2024.0,100.74,,0
Nissan,Hatchback,LMO,FWD,1334.0,268279.0,10.08,62.12,0.04494,1.0185,65.7,41.8,89.9,2016.0,39.4,41.37,1
Tesla,Crossover,NMC,FWD,1.0,4424.0,2.0,2.22,,0.4048,45.0,50.7,9.4,2024.0,71.88,55.16,0
BMW,Crossover,NMC,FWD,139.0,57138.0,4.93,6.93,0.01265,0.4228,50.5,5.4,37.5,2021.0,76.5,30.96,0
GM,SUV,LFP,RWD,407.0,156755.0,5.09,5.6,0.02412,,21.5,51.4,112.7,2021.0,81.09,41.09,0
Kia,Hatchback,NMC,AWD,971.0,218886.0,8.11,38.69,0.024,0.6846,65.5,31.6,90.0,,42.84,40.35,1
Hyundai,SUV,NMC,FWD,244.0,100546.0,3.97,13.46,0.0213,0.4781,59.7,54.9,84.9,2022.0,95.03,45.92,1
BYD,Van,LFP,,6.0,40618.0,6.95,0.2,0.01675,0.5668,20.3,0.0,14.3,2019.0,97.38,19.9,0
Volvo,Crossover,NMC,FWD,94.0,45053.0,2.92,6.05,0.01283,0.4118,51.1,58.5,56.2,2023.0,69.36,57.83,0
BYD,SUV,LFP,AWD,376.0,172332.0,6.13,3.4,0.0091,0.5826,12.8,50.8,,,89.6,37.64,0
,Sedan,NMC,FWD,516.0,189118.0,5.01,30.08,0.0231,0.6707,55.5,74.8,127.7,2021.0,74.51,50.58,1
Kia,SUV,NMC,RWD,42.0,28016.0,2.92,3.32,0.00718,0.4426,43.9,37.6,36.7,,93.79,46.54,0
BYD,Truck,LFP,FWD,1.0,32192.0,,0.2,0.00712,0.5383,10.0,10.8,33.0,2023.0,126.29,10.67,0
Volkswagen,Hatchback,,FWD,840.0,190962.0,10.22,32.54,0.03539,0.6776,66.1,39.9,64.4,2016.0,40.68,48.26,1
Kia,Crossover,NMC,RWD,,26397.0,2.88,1.56,0.00558,0.3845,37.7,0.7,29.1,2023.0,89.93,25.6,0
Hyundai,Crossover,LFP,FWD,81.0,27547.0,2.19,0.2,0.00704,0.6046,18.3,25.1,57.5,2024.0,83.14,36.04,0
Volvo,Truck,LFP,FWD,579.0,351317.0,10.96,11.24,0.02241,0.7324,,50.8,104.3,2015.0,131.0,47.71,1
Toyota,Crossover,LFP,FWD,744.0,236771.0,9.86,16.62,0.0213,,34.8,38.2,74.0,2016.0,54.53,32.39,0
BMW,Crossover,NMC,AWD,534.0,159703.0,10.92,21.11,0.01539,0.5977,62.7,28.2,45.7,2015.0,,44.33,1
Ford,Hatchback,LFP,AWD,83.0,52786.0,2.14,2.82,0.01225,0.6587,21.0,49.1,83.1,,58.17,31.21,0
,SUV,NMC,RWD,388.0,177677.0,9.07,23.11,0.01852,0.5328,56.4,44.4,64.8,2017.0,89.88,36.61,0
Kia,SUV,LFP,AWD,122.0,100526.0,5.76,4.43,0.01862,0.628,20.4,57.0,56.1,2020.0,90.95,42.69,0
Mahindra,SUV,,FWD,388.0,144074.0,3.96,,,0.6279,70.1,73.8,,2022.0,78.5,48.18,1
Mercedes,Hatchback,NMC,FWD,1172.0,145751.0,,47.01,0.03099,0.8064,,32.4,123.4,2022.0,25.0,17.42,1
BYD,SUV,LFP,FWD,211.0,79413.0,10.06,2.05,0.01291,0.5718,14.0,40.3,22.3,2016.0,92.51,,0
Mahindra,,NMC,FWD,157.0,33339.0,5.86,,0.01569,0.4184,46.8,,19.9,2020.0,76.4,17.6,0
Lucid,Sedan,NCA,RWD,575.0,171753.0,,38.2,0.03152,0.5726,73.0,44.2,114.0,2021.0,62.11,48.39,1
BMW,Truck,NMC,RWD,344.0,181179.0,6.04,20.82,0.02443,0.5585,59.9,31.3,98.4,2020.0,114.81,28.82,1
Mahindra,,LFP,FWD,144.0,38529.0,4.83,1.13,0.00356,0.5956,20.9,8.6,30.2,2021.0,65.46,21.2,0
Volkswagen,Hatchback,NMC,RWD,286.0,54375.0,1.93,16.5,0.0186,0.5142,53.1,31.0,59.9,2024.0,38.24,31.07,0
BYD,Hatchback,NMC,FWD,302.0,78449.0,2.05,19.82,0.0231,0.5874,75.9,82.5,127.4,2024.0,55.25,,1
Tesla,,NCA,FWD,823.0,269856.0,10.92,36.36,0.03218,0.6122,79.0,40.0,82.2,2015.0,,59.31,1
Ford,Truck,LFP,AWD,257.0,123572.0,11.01,0.2,0.00956,0.5663,14.1,25.6,36.9,2015.0,118.04,45.31,0
Tesla,Sedan,NCA,FWD,1569.0,446724.0,10.98,59.21,0.04614,0.7384,78.1,20.6,134.1,2015.0,56.98,32.56,1
BMW,SUV,NMC,AWD,673.0,251228.0,11.09,34.57,0.03138,0.615,64.1,56.1,77.8,2015.0,82.74,50.13,1
Kia,Sedan,NMC,FWD,301.0,101042.0,11.07,21.4,0.02639,0.6269,63.4,74.6,28.4,2015.0,69.61,36.57,1
Ford,SUV,NMC,FWD,495.0,232336.0,9.92,29.81,0.03436,0.6981,69.3,52.3,73.0,2016.0,108.51,23.66,1
BYD,Sedan,NMC,RWD,,37710.0,5.18,6.91,0.01714,,59.0,47.4,19.7,,58.11,40.04,0
Mercedes,SUV,NMC,FWD,150.0,,2.03,12.14,0.01068,0.4448,48.6,36.7,121.4,,95.12,32.42,0
Nissan,Hatchback,LMO,FWD,,106307.0,4.03,40.03,0.03265,0.7913,70.9,9.4,84.0,2022.0,45.3,26.35,1
Tesla,Sedan,NMC,FWD,651.0,144011.0,9.02,30.25,0.02388,0.6678,71.2,32.7,54.6,2017.0,50.01,49.05,1
Mahindra,SUV,NMC,FWD,790.0,338611.0,8.88,34.72,0.03887,0.6457,,39.4,118.4,2017.0,85.41,42.67,1
Tesla,Crossover,NCA,AWD,481.0,136167.0,,30.98,0.02806,0.534,84.8,59.8,43.2,2015.0,62.3,45.61,1
Ford,SUV,LFP,FWD,613.0,202931.0,8.14,16.11,0.0171,0.8096,,69.0,84.0,2018.0,81.57,26.58,1
GM,Crossover,NMC,AWD,173.0,40464.0,5.96,10.86,0.01662,0.4772,47.1,,18.8,2020.0,73.89,52.73,0
Audi,SUV,NMC,AWD,203.0,89093.0,8.77,11.74,0.02004,0.5146,55.0,15.0,37.1,2017.0,91.85,36.23,0
,SUV,LFP,FWD,147.0,54474.0,6.21,0.2,0.00414,0.5496,18.6,19.8,30.9,,88.55,35.87,0
Renault,Sedan,LMO,FWD,162.0,57737.0,8.1,,0.0227,0.6725,47.6,19.4,26.2,2018.0,71.01,30.64,0
MG,Truck,NMC,AWD,516.0,277450.0,8.01,27.27,0.02838,0.6137,63.9,37.8,119.1,2018.0,125.61,32.8,0
Mahindra,Hatchback,NMC,AWD,600.0,124834.0,10.03,28.08,0.0297,0.5898,66.2,25.7,42.6,2016.0,38.84,24.72,1
,SUV,NMC,FWD,559.0,291623.0,8.08,23.28,0.0232,0.5981,51.1,1.7,119.7,2018.0,96.43,13.04,0
Tesla,SUV,NCA,AWD,283.0,127885.0,7.03,23.11,0.02493,0.5256,83.3,48.4,63.1,2019.0,92.97,37.84,1
Honda,,NMC,RWD,1133.0,450000.0,10.91,47.97,0.03863,0.7577,68.6,74.0,145.2,2015.0,77.46,,1
GM,Hatchback,NMC,FWD,1528.0,308026.0,8.32,55.67,0.04326,0.7951,73.1,62.9,122.6,2018.0,42.5,38.57,1
Nissan,Hatchback,LMO,FWD,516.0,97729.0,7.2,51.71,0.03562,0.966,58.4,36.3,46.7,2019.0,39.28,25.95,1
Tesla,Crossover,NCA,AWD,204.0,65775.0,5.14,11.98,0.01936,0.3157,64.1,0.0,35.6,2021.0,76.62,18.44,0
Tesla,Sedan,NCA,RWD,659.0,217423.0,11.31,37.17,0.02763,0.5889,78.8,34.4,68.2,2015.0,65.98,51.46,1
Kia,SUV,NMC,AWD,225.0,93102.0,6.03,7.98,0.01912,0.468,55.7,28.9,51.6,2020.0,90.63,54.46,0
BYD,Crossover,LFP,RWD,217.0,92164.0,6.12,3.83,0.01171,0.5972,22.2,24.7,49.8,2020.0,65.79,43.06,0
Tesla,,NMC,AWD,525.0,174885.0,5.22,32.66,0.03202,0.6456,58.3,63.2,114.2,2021.0,68.01,60.38,1
Volvo,Hatchback,NMC,RWD,888.0,175417.0,8.92,42.31,0.03068,0.7706,66.6,39.9,,2017.0,36.41,36.35,1
Mercedes,SUV,NMC,AWD,28.0,8537.0,6.06,0.2,0.00764,0.3366,43.7,1.0,3.0,2020.0,98.93,10.34,0
BMW,Van,NMC,RWD,959.0,400738.0,10.76,42.28,0.03124,0.7847,74.9,55.4,126.2,2015.0,82.73,40.45,1
Tata,SUV,NMC,RWD,247.0,104402.0,10.91,12.6,0.02159,0.4954,44.9,27.7,29.4,2015.0,94.74,38.08,0
,Crossover,LMO,FWD,335.0,120896.0,2.93,35.3,0.02285,0.7237,51.4,54.0,142.9,2023.0,66.69,53.2,0
Tesla,SUV,NCA,FWD,379.0,134421.0,9.1,22.61,0.02078,0.4212,73.5,0.0,51.8,2017.0,78.16,27.15,0
Toyota,Sedan,LFP,RWD,189.0,73651.0,3.07,0.2,0.01342,0.4699,18.2,0.0,82.8,,51.3,15.21,0
BYD,Sedan,LFP,FWD,46.0,5976.0,2.1,0.2,0.00525,0.5887,20.7,10.2,26.5,,55.05,25.99,0
Mercedes,Crossover,NCA,FWD,550.0,218200.0,8.0,46.27,0.03825,0.843,94.0,100.0,90.9,2018.0,78.72,55.92,1
Renault,SUV,LMO,RWD,134.0,41879.0,6.06,26.5,0.02449,0.7883,,93.9,26.5,,83.75,49.55,1
Volvo,Sedan,NMC,FWD,41.0,,1.92,3.38,0.01472,0.4285,51.1,13.1,26.4,2024.0,,27.56,0
GM,,NMC,FWD,434.0,165010.0,5.18,23.38,0.02054,0.5228,63.7,49.0,90.9,2021.0,69.07,38.67,0
Tesla,Sedan,NCA,FWD,326.0,101522.0,4.97,19.76,0.01826,0.4645,69.4,43.0,61.0,2021.0,70.08,26.72,0
,Hatchback,LFP,FWD,564.0,203570.0,,12.32,0.01676,0.7202,,35.3,81.3,2018.0,64.8,25.6,0
Audi,Sedan,NMC,RWD,1093.0,336480.0,9.9,48.06,0.0387,0.84,78.2,38.5,115.1,,61.18,28.63,1
Honda,Sedan,NMC,FWD,231.0,81715.0,10.81,14.96,0.0227,0.4763,47.4,49.4,22.7,2015.0,,54.81,0
Tata,SUV,LFP,FWD,302.0,162450.0,6.94,4.58,0.01875,0.5873,24.8,22.3,73.7,2019.0,99.03,23.73,0
Tesla,Crossover,NCA,FWD,1.0,2993.0,9.86,,0.00575,0.3174,59.2,34.1,3.0,2016.0,73.2,32.82,0
BYD,Crossover,LFP,FWD,155.0,16297.0,5.93,0.2,0.0121,0.5387,15.4,11.8,3.0,2020.0,69.17,23.31,0
,Crossover,,RWD,605.0,255414.0,6.84,40.46,0.03484,0.6297,91.2,55.9,123.2,2019.0,77.11,33.37,1
Tesla,Hatchback,NMC,RWD,1280.0,267582.0,10.13,45.7,0.03752,0.7082,69.0,72.5,87.2,2016.0,39.74,51.98,1
Renault,Hatchback,LMO,FWD,880.0,174543.0,6.79,59.68,0.03568,1.0163,70.7,39.1,85.7,2019.0,39.62,40.86,0
MG,SUV,LFP,FWD,544.0,223493.0,11.1,8.67,0.0118,0.7275,21.2,54.5,65.6,2015.0,87.36,56.78,0
BYD,SUV,LFP,AWD,118.0,101914.0,5.99,0.2,0.00497,0.5194,21.8,57.4,53.8,2020.0,91.33,52.51,0
Toyota,SUV,LFP,FWD,1.0,500.0,8.06,12.66,0.0199,0.8089,45.1,100.0,4.5,2018.0,87.65,48.28,0
Tata,Hatchback,NMC,,,138373.0,9.18,34.82,0.02758,0.6464,64.7,55.6,48.3,2017.0,37.91,60.58,0
Ford,SUV,NMC,FWD,,450000.0,9.07,41.3,0.02602,,65.3,70.4,167.0,2017.0,100.78,66.37,1
Audi,Hatchback,NMC,RWD,404.0,81354.0,9.1,22.17,0.02238,0.5889,,52.2,31.9,2017.0,49.73,35.84,0
MG,Hatchback,LFP,FWD,279.0,47052.0,7.07,1.3,0.01146,0.6071,,58.1,20.6,2019.0,39.64,52.34,0
Volkswagen,Crossover,NMC,AWD,646.0,253464.0,7.39,32.83,0.02748,0.6733,59.7,38.7,110.1,,,16.2,0
GM,Crossover,NMC,RWD,736.0,235803.0,9.28,34.99,0.0341,0.6246,55.9,48.5,88.3,2017.0,66.93,44.19,1
Volkswagen,Truck,NMC,RWD,131.0,107937.0,11.33,4.37,0.01417,0.4442,48.8,24.2,29.4,2015.0,119.54,41.0,0
Honda,Hatchback,NMC,FWD,972.0,228464.0,10.06,36.99,0.02983,0.6842,67.6,37.7,73.4,2016.0,44.97,34.08,1
BMW,Sedan,NMC,RWD,843.0,292387.0,7.13,39.49,0.02454,0.7972,75.4,48.9,143.7,2019.0,65.28,18.92,1
BMW,Crossover,NMC,AWD,56.0,36345.0,4.0,,0.00898,0.4702,50.1,2.6,35.6,2022.0,62.2,20.11,0
Nissan,Sedan,NMC,AWD,1051.0,305197.0,,48.18,0.02964,0.8804,81.5,73.7,110.4,2017.0,,54.26,1
,Hatchback,NCA,AWD,1638.0,,9.05,57.91,0.04611,0.7201,81.9,,121.9,2017.0,40.84,29.42,1
Hyundai,Sedan,NMC,FWD,221.0,69219.0,10.77,15.98,0.02247,0.5704,59.7,29.5,22.2,2015.0,62.29,33.76,1
Renault,Sedan,LMO,AWD,847.0,246696.0,10.87,56.91,0.03623,0.9499,67.3,22.6,71.9,2015.0,58.99,18.81,1
Tata,Hatchback,NMC,RWD,1178.0,240615.0,6.84,,0.03298,0.7735,66.4,48.4,117.7,2019.0,39.87,57.47,1
BYD,SUV,LFP,AWD,250.0,106689.0,7.01,,0.00794,0.6229,25.5,26.3,54.5,2019.0,,34.31,0
Mercedes,Sedan,NMC,RWD,169.0,48553.0,9.77,16.07,0.02232,0.5784,72.2,67.6,14.2,,63.42,37.12,1
Rivian,Hatchback,NCA,FWD,610.0,152621.0,7.08,36.22,0.03243,0.5768,82.3,83.9,71.4,2019.0,59.09,67.01,1
Tata,SUV,NMC,RWD,313.0,166242.0,7.18,23.04,0.02575,0.6546,73.3,91.3,78.7,2019.0,94.43,54.34,1
Renault,Hatchback,NMC,FWD,612.0,123103.0,10.93,28.11,0.03773,0.5986,63.6,9.2,41.2,2015.0,40.95,23.78,1
BYD,SUV,NMC,AWD,442.0,205738.0,7.07,24.23,0.01685,0.5802,52.3,,101.7,2019.0,97.22,71.38,0
Mercedes,Hatchback,NMC,AWD,495.0,132192.0,4.94,28.76,0.02625,0.7306,68.0,80.2,85.0,2021.0,50.55,49.19,1
Renault,Crossover,LMO,FWD,351.0,118976.0,,38.41,0.0341,0.8252,61.3,60.2,56.2,2019.0,63.98,41.47,1
Kia,Sedan,NMC,RWD,41.0,22916.0,2.12,0.2,0.01206,0.4543,45.6,28.1,20.5,2024.0,74.08,46.79,0
Volkswagen,Sedan,NMC,RWD,800.0,266257.0,10.18,30.58,0.0295,0.6721,64.9,3.5,89.5,2016.0,70.03,35.7,0
GM,Hatchback,NMC,AWD,141.0,21782.0,2.87,5.47,0.01345,0.4362,52.1,,35.2,2023.0,46.64,43.1,0
,SUV,LFP,AWD,444.0,216068.0,6.19,6.73,0.01727,0.6454,27.7,27.1,107.9,2020.0,93.09,38.68,0
Volvo,SUV,NMC,RWD,679.0,304570.0,9.01,36.41,0.03156,0.6812,56.9,48.2,114.3,2017.0,,36.11,1
Ford,Sedan,NMC,RWD,591.0,185749.0,11.05,34.63,0.02726,0.6433,62.3,43.2,56.3,2015.0,61.51,56.8,1
Volkswagen,Sedan,,FWD,823.0,266006.0,8.95,40.72,0.03173,0.7399,67.2,54.6,95.6,2017.0,65.01,51.99,1
Tesla,Hatchback,NMC,AWD,785.0,171069.0,7.96,39.03,0.03686,0.762,74.1,34.9,63.9,2018.0,45.46,34.7,1
BMW,,NCA,FWD,22.0,26122.0,9.14,8.59,0.01733,0.48,77.4,75.3,3.0,2017.0,84.37,40.97,1
Honda,SUV,LFP,RWD,157.0,34712.0,10.94,0.29,0.01085,0.6008,22.8,27.3,9.8,2015.0,91.6,35.9,0
Renault,Crossover,LMO,AWD,846.0,243280.0,8.9,56.03,0.03776,,57.0,59.5,95.9,2017.0,57.65,61.37,1
BMW,Sedan,NMC,FWD,689.0,266500.0,8.96,33.1,0.02385,0.6919,72.8,41.1,103.1,2017.0,71.42,20.0,1
Hyundai,Sedan,NMC,FWD,360.0,115410.0,6.02,23.13,0.02567,0.6194,73.6,67.5,71.8,2020.0,62.08,50.32,1
,SUV,NCA,AWD,,220500.0,7.69,32.97,0.03063,0.551,76.9,65.7,95.6,2018.0,97.66,39.09,1
BYD,Sedan,LFP,FWD,184.0,12440.0,7.09,2.99,0.0131,0.649,18.1,32.0,3.0,2019.0,54.28,42.56,0
BYD,SUV,LFP,RWD,1.0,5582.0,10.78,2.32,0.00966,0.5626,26.6,51.1,4.6,2015.0,81.74,47.23,0
Toyota,Sedan,NMC,FWD,300.0,89000.0,4.83,27.02,0.02672,0.7561,68.0,100.0,57.6,2021.0,61.47,59.18,1
Audi,Crossover,NMC,FWD,209.0,86788.0,8.3,11.39,0.01902,0.4947,,0.0,31.6,2018.0,69.35,32.97,0
Toyota,Crossover,NMC,FWD,851.0,306666.0,8.9,40.95,0.04057,0.7439,67.3,17.0,117.8,2017.0,80.55,8.95,1
Hyundai,Van,NMC,AWD,616.0,,9.1,37.89,0.03488,0.844,81.6,89.4,101.6,2017.0,83.79,29.87,1
Volkswagen,Sedan,LFP,AWD,955.0,379319.0,10.21,18.73,0.02311,0.8,50.3,74.9,127.7,2016.0,71.64,24.29,1
BMW,Truck,NMC,AWD,501.0,269189.0,6.9,29.03,0.02693,0.7005,77.2,84.3,131.2,2019.0,123.23,60.94,1
Honda,SUV,NMC,FWD,942.0,,10.86,44.17,0.04542,0.7238,64.8,62.8,103.8,2015.0,79.47,48.99,1
Audi,,NMC,FWD,345.0,138723.0,6.95,22.5,0.03139,0.5703,66.1,24.6,71.6,2019.0,81.75,29.62,0
Mercedes,Hatchback,NCA,FWD,1042.0,198428.0,11.05,44.95,0.03579,0.6874,81.3,,58.0,2015.0,40.03,35.46,1
GM,SUV,NMC,RWD,388.0,116537.0,5.05,,0.02268,0.5598,64.5,37.5,79.0,2021.0,78.61,31.23,0
,Hatchback,NMC,FWD,1332.0,327149.0,9.98,55.33,0.04764,0.807,74.7,64.5,104.3,2016.0,47.96,43.39,1
BMW,Hatchback,NCA,FWD,37.0,7616.0,3.07,2.04,0.00916,0.3811,61.7,12.7,19.0,2023.0,55.47,35.24,0
,Hatchback,LFP,RWD,38.0,1759.0,4.07,0.2,0.00934,0.5607,22.4,26.5,6.7,,53.88,41.45,0
Ford,Sedan,LFP,AWD,554.0,173699.0,7.13,4.61,0.01408,0.5587,21.4,42.7,79.9,2019.0,69.14,52.75,0
Lucid,Hatchback,NMC,RWD,1025.0,260215.0,7.97,43.09,0.032,0.733,70.3,27.0,103.2,2018.0,,38.18,1
Rivian,SUV,NCA,FWD,41.0,10870.0,3.02,0.46,0.013,0.3558,56.9,0.0,24.5,2023.0,93.36,,0
Tesla,Sedan,NMC,AWD,492.0,168672.0,7.72,30.17,0.02422,0.6508,58.7,84.4,72.0,2018.0,69.42,68.61,1
GM,Hatchback,NMC,AWD,289.0,80592.0,8.81,19.87,0.02513,0.5808,62.8,64.5,31.8,2017.0,48.67,56.42,0
Toyota,SUV,NMC,RWD,353.0,155751.0,9.5,21.83,0.02204,0.5964,56.4,29.4,53.5,2017.0,91.69,30.33,0
Kia,Van,NMC,FWD,486.0,237699.0,10.01,30.04,0.03439,0.6651,67.0,54.6,79.2,2016.0,88.04,51.62,1
Volkswagen,Crossover,NMC,FWD,73.0,500.0,11.17,13.08,0.02974,0.5646,74.3,79.1,3.0,2015.0,,35.68,1
Tesla,Crossover,NCA,FWD,862.0,273841.0,8.71,49.17,,0.6949,83.7,45.0,110.9,2017.0,61.55,57.5,1
Tata,Sedan,NMC,FWD,238.0,77512.0,10.11,11.53,0.01818,0.4347,55.3,6.9,28.0,2016.0,65.72,27.0,0
Nissan,Sedan,NMC,RWD,1097.0,376170.0,9.1,45.61,0.03228,,69.6,29.2,140.8,2017.0,67.05,30.55,1
Hyundai,SUV,LFP,AWD,325.0,143042.0,8.99,11.07,0.03056,0.6675,44.7,53.7,58.2,2017.0,86.06,43.05,1
Honda,,NMC,AWD,469.0,169332.0,11.18,21.28,0.02163,0.5517,55.5,33.3,46.4,2015.0,76.97,,0
Mahindra,Hatchback,LFP,AWD,1383.0,319524.0,10.15,23.83,0.02468,0.8934,30.6,86.2,104.3,2016.0,44.92,74.34,1
Nissan,Hatchback,LMO,FWD,942.0,,7.08,62.6,0.05107,0.9775,78.3,30.8,129.2,2019.0,58.03,30.13,1
BYD,SUV,LFP,RWD,643.0,361006.0,10.9,18.79,0.01709,0.9033,42.8,100.0,114.8,2015.0,101.85,72.53,1
Tata,Sedan,LFP,RWD,158.0,90503.0,6.27,3.77,0.00941,0.6215,15.2,35.6,44.2,2020.0,65.73,35.44,0
Volvo,SUV,NMC,AWD,520.0,191986.0,11.1,25.14,0.02144,0.6295,49.1,44.6,64.4,2015.0,90.17,48.13,0
Hyundai,SUV,,AWD,166.0,17136.0,10.87,0.2,0.00933,0.4876,20.5,3.0,,2015.0,102.73,31.47,0
Kia,Crossover,NMC,FWD,179.0,48492.0,7.72,7.71,0.0182,0.431,45.0,0.0,26.6,2018.0,57.69,30.87,0
Tata,Van,NMC,FWD,148.0,57192.0,5.2,8.13,0.01433,0.421,53.3,27.2,36.8,2021.0,86.91,44.67,0
Kia,Hatchback,NMC,FWD,945.0,221237.0,9.79,40.5,0.03233,0.7456,64.5,,69.1,2016.0,46.18,30.67,0
Volvo,Hatchback,NMC,RWD,1592.0,398404.0,9.99,60.26,0.04505,0.9613,80.1,78.1,133.8,2016.0,52.83,,1
Toyota,,NMC,FWD,632.0,222336.0,11.04,31.91,0.02375,0.679,58.2,62.9,68.8,2015.0,,52.55,1
Hyundai,Crossover,LFP,FWD,26.0,16927.0,1.79,0.2,0.007,0.5734,8.5,41.2,29.4,2024.0,69.93,44.17,0
Tesla,Sedan,NMC,FWD,362.0,170117.0,10.89,23.34,0.02963,0.5974,60.9,36.4,55.1,2015.0,80.25,40.74,1
Honda,SUV,NMC,FWD,430.0,196836.0,5.81,24.19,0.02251,0.6289,66.0,80.3,114.7,2020.0,86.3,53.47,1
Volvo,SUV,NMC,AWD,505.0,249383.0,6.94,,0.02699,0.6003,63.5,31.9,120.2,2019.0,96.17,30.87,1
Tesla,Crossover,NMC,FWD,26.0,11178.0,1.94,,0.00734,0.3917,49.4,27.3,,2024.0,72.41,36.18,0
Tesla,SUV,NCA,AWD,445.0,199638.0,8.15,30.07,0.02442,0.5554,70.0,76.0,81.8,2018.0,98.41,56.32,1
Toyota,SUV,NMC,FWD,71.0,12005.0,1.79,3.72,0.01285,0.4737,42.7,51.3,34.9,2024.0,99.17,44.93,0
Mercedes,SUV,NMC,RWD,,23888.0,6.11,5.25,0.00803,0.4029,52.1,48.9,16.5,2020.0,80.0,38.27,0
BYD,SUV,LFP,FWD,29.0,35131.0,8.27,0.2,0.01704,0.5959,20.5,43.1,17.8,2018.0,83.39,52.18,0
Nissan,,NMC,AWD,436.0,243649.0,9.22,29.76,0.03048,0.661,64.3,58.8,88.0,2017.0,100.18,30.47,1
Tesla,Truck,NCA,FWD,150.0,56978.0,6.01,10.76,0.02485,0.3475,70.7,42.8,31.4,2020.0,129.98,58.83,0
,SUV,NMC,RWD,158.0,64004.0,6.87,8.07,0.01969,0.4582,60.7,16.4,30.0,2019.0,90.99,26.62,0
Volkswagen,Sedan,NMC,RWD,51.0,24838.0,8.9,9.62,0.01744,0.479,64.6,77.4,13.3,2017.0,76.07,46.21,1
Hyundai,Van,NMC,AWD,1.0,7800.0,11.08,0.2,0.01161,0.3783,50.5,15.4,3.0,2015.0,79.13,31.69,0
GM,SUV,NMC,FWD,382.0,136174.0,8.01,26.1,0.03387,0.6346,73.3,57.1,59.4,2018.0,88.72,48.11,1
,,LFP,AWD,223.0,147932.0,6.18,2.42,0.01015,0.5826,20.0,32.7,75.1,2020.0,102.74,44.9,0
Honda,Sedan,NMC,AWD,614.0,215950.0,11.21,33.81,0.0293,0.6868,71.6,29.6,65.3,,68.24,27.34,1
Tata,Sedan,NMC,FWD,321.0,97660.0,9.87,25.33,0.02578,0.5726,57.2,50.9,35.2,2016.0,66.75,48.77,1
Mercedes,SUV,NMC,FWD,452.0,236681.0,6.98,27.4,0.02623,0.6198,59.7,89.7,113.3,,94.49,51.46,1
Toyota,Van,LFP,RWD,314.0,156210.0,5.11,5.03,0.00659,0.6087,16.6,50.2,114.5,2021.0,83.29,48.47,0
Renault,Hatchback,LMO,AWD,618.0,145963.0,11.03,56.93,0.04399,1.0557,83.0,78.2,47.2,2015.0,47.37,54.38,1
Nissan,Sedan,NMC,AWD,36.0,30568.0,3.03,0.2,0.00962,0.3641,49.9,0.0,32.1,2023.0,78.99,24.36,0
Nissan,Crossover,LMO,AWD,319.0,111829.0,8.9,42.12,0.03315,0.8979,75.0,52.6,38.9,,71.96,17.72,1
Volvo,Crossover,NMC,FWD,513.0,160163.0,10.91,26.27,,0.5949,50.4,53.8,49.0,2015.0,58.78,,0
Honda,Hatchback,NMC,AWD,1353.0,305633.0,11.11,48.52,,0.7475,70.6,45.6,91.2,2015.0,44.47,32.4,0
BYD,SUV,LFP,FWD,254.0,114819.0,8.99,0.2,0.01189,0.5377,25.0,33.7,37.5,2017.0,96.72,41.93,0
MG,SUV,NMC,RWD,348.0,123055.0,5.14,25.36,0.03007,0.682,68.6,55.2,87.6,2021.0,78.93,20.22,1
Audi,Crossover,NCA,RWD,498.0,213869.0,10.85,34.41,0.03426,0.6316,88.6,27.5,68.6,2015.0,74.76,21.64,1
BYD,Crossover,LFP,FWD,374.0,67490.0,5.0,1.02,0.00654,0.5934,19.6,1.3,40.7,2021.0,75.53,30.83,0
Audi,,NMC,AWD,259.0,,9.85,7.99,0.01414,0.427,48.7,34.3,31.3,2016.0,65.13,,0
Mercedes,SUV,NMC,FWD,310.0,114332.0,10.01,21.92,0.02258,0.5948,65.4,62.2,33.6,2016.0,79.74,44.19,1
,SUV,NMC,RWD,249.0,88500.0,4.97,14.96,0.01158,0.5502,62.7,31.5,62.6,2021.0,90.01,46.68,0
BYD,Hatchback,NMC,RWD,1300.0,299985.0,9.11,48.3,0.04149,0.7474,71.4,35.2,112.8,2017.0,43.2,37.24,1
Rivian,SUV,NCA,RWD,775.0,369610.0,10.01,39.53,0.03366,0.6455,73.3,30.9,123.0,2016.0,95.45,42.15,1
Mercedes,Sedan,NMC,AWD,1093.0,300445.0,11.0,45.47,0.03793,0.7842,66.8,42.9,89.3,2015.0,54.09,44.69,1
Toyota,Hatchback,LFP,RWD,529.0,134436.0,8.54,16.19,0.02322,0.8343,24.7,77.1,45.9,2017.0,49.95,49.07,1
Mercedes,SUV,NMC,,,412504.0,11.12,43.78,0.03992,0.8493,78.4,79.4,122.3,2015.0,91.15,43.08,1
BMW,Hatchback,NCA,RWD,537.0,118449.0,6.7,,0.02774,0.6423,80.0,47.2,57.1,2019.0,45.57,31.44,1
BMW,SUV,NMC,FWD,321.0,198776.0,9.98,16.31,0.02757,0.4965,56.0,29.6,67.3,2016.0,98.76,45.47,0
BYD,Hatchback,NMC,AWD,453.0,107866.0,4.38,,0.02018,0.693,76.7,100.0,90.7,2021.0,43.7,59.12,1
BMW,SUV,NMC,,208.0,82289.0,5.74,12.85,0.01638,0.5118,56.8,11.7,44.8,,96.37,27.58,0
Audi,Van,NMC,AWD,313.0,133783.0,7.97,,0.01795,0.5716,54.9,18.6,59.3,2018.0,90.31,16.41,0
Rivian,SUV,,RWD,488.0,185573.0,10.01,23.37,0.02886,0.5812,62.7,19.5,59.2,2016.0,70.86,26.01,0
GM,Sedan,NMC,FWD,1047.0,450000.0,10.94,44.59,0.03458,0.7325,77.3,63.4,137.9,2015.0,80.39,39.16,1
Hyundai,SUV,NMC,AWD,230.0,118539.0,8.07,13.06,0.02307,0.5716,54.1,4.5,54.6,2018.0,90.49,24.71,1
Mercedes,Hatchback,NCA,AWD,1184.0,342858.0,9.07,56.14,0.03863,0.7013,93.9,63.5,122.7,2017.0,59.32,42.39,1
BYD,Crossover,LFP,FWD,531.0,181568.0,7.04,8.38,0.01462,0.6644,23.6,36.6,87.9,2019.0,67.88,39.57,0
Honda,SUV,NMC,FWD,1023.0,438241.0,10.25,39.7,0.02585,0.6579,61.1,18.7,138.3,2016.0,87.01,18.7,1
Mahindra,Hatchback,LFP,FWD,279.0,92851.0,9.07,5.56,0.01564,0.5846,24.1,7.3,31.9,2017.0,58.96,18.41,0
Tesla,Sedan,NMC,FWD,,,9.13,47.1,0.03859,0.8207,,91.3,121.4,2017.0,58.18,64.4,1
Ford,Hatchback,LFP,RWD,67.0,49836.0,11.04,9.03,0.01754,0.817,33.0,57.6,16.7,2015.0,59.65,7.44,0
Volkswagen,Truck,NMC,RWD,733.0,450000.0,10.13,36.4,0.02728,0.7068,56.9,46.7,147.4,2016.0,117.99,35.25,1
,Sedan,LMO,FWD,495.0,,5.01,42.94,,0.8278,48.8,41.6,,2021.0,58.33,44.1,1
Nissan,Hatchback,LMO,AWD,1199.0,244983.0,10.99,63.8,0.04571,1.0151,65.3,31.0,74.2,2015.0,40.31,38.29,1
Mahindra,Sedan,NMC,RWD,177.0,67130.0,5.04,18.66,0.02535,0.5702,77.0,77.5,43.6,2021.0,66.48,41.38,1
Audi,Sedan,NMC,FWD,,135427.0,7.1,16.09,0.01813,0.5111,52.1,0.7,65.4,2019.0,71.33,16.3,0
Tata,SUV,LFP,FWD,521.0,194881.0,8.23,14.16,0.02166,0.7586,46.4,42.6,75.7,2018.0,89.5,34.15,0
Mercedes,Hatchback,NMC,RWD,1.0,500.0,7.79,0.2,0.00797,0.3545,49.5,10.6,3.0,2018.0,,45.83,0
Lucid,,NMC,RWD,498.0,220648.0,10.81,25.86,,0.5681,65.0,39.5,67.0,2015.0,92.51,43.29,1
Hyundai,Hatchback,NMC,FWD,730.0,170895.0,8.88,32.25,0.03031,0.6603,67.8,14.5,64.6,2017.0,49.21,27.96,1
Nissan,Truck,NMC,FWD,672.0,378197.0,10.86,34.2,0.02742,0.676,69.7,19.7,116.4,2015.0,111.1,30.04,1
Hyundai,Sedan,NMC,RWD,236.0,55084.0,10.84,19.63,0.02413,0.5676,55.5,76.4,16.2,2015.0,61.38,47.14,1
GM,Hatchback,NMC,AWD,1746.0,376463.0,9.99,56.38,0.03732,0.8736,78.0,52.4,124.5,2016.0,45.47,37.83,1
Ford,Van,NMC,RWD,339.0,161783.0,9.78,23.16,0.02646,0.6288,74.4,49.5,55.0,2016.0,105.01,39.74,1
Nissan,Van,,RWD,281.0,144472.0,6.98,34.53,0.03835,0.742,54.5,17.9,66.6,2019.0,91.59,17.78,1
Volkswagen,Truck,NMC,FWD,291.0,128666.0,8.28,11.83,0.01526,0.4664,53.8,30.1,46.5,2018.0,123.72,44.27,0
Tesla,SUV,NCA,RWD,668.0,249696.0,6.89,36.47,0.02997,0.5821,71.5,49.2,121.2,2019.0,82.64,45.34,1
Renault,Crossover,NMC,FWD,461.0,,7.81,25.41,0.02674,0.5903,60.0,22.2,,2018.0,77.43,50.48,0
,Sedan,NMC,AWD,708.0,220536.0,8.24,39.41,0.0302,0.7815,83.1,60.3,94.3,2018.0,59.66,34.36,1
Nissan,SUV,LMO,AWD,655.0,,8.78,54.18,0.03874,,63.3,46.7,114.6,2017.0,87.52,37.44,1
Volkswagen,Sedan,LFP,FWD,683.0,262757.0,10.92,6.89,0.01103,0.6589,36.6,32.1,81.5,2015.0,73.51,37.62,0
BYD,Truck,LFP,FWD,111.0,68068.0,4.88,,0.00394,0.5407,25.9,24.6,,2021.0,118.19,42.28,0
Audi,Van,NMC,FWD,668.0,303906.0,11.14,36.38,0.03275,0.7084,62.5,60.8,93.4,2015.0,96.92,43.93,1
Volkswagen,Hatchback,NMC,FWD,150.0,35495.0,4.05,4.29,,0.4019,48.6,54.3,40.5,2022.0,53.85,67.94,0
Mahindra,Sedan,LFP,RWD,98.0,500.0,10.96,0.2,0.00942,0.5565,22.0,3.8,3.4,2015.0,62.28,27.61,0
Hyundai,SUV,NMC,FWD,215.0,89503.0,9.83,16.53,0.02904,0.4948,52.1,68.4,31.8,2016.0,88.21,59.98,1
BYD,Hatchback,NMC,AWD,837.0,226200.0,8.18,43.22,0.03896,0.834,83.3,79.4,95.0,2018.0,53.76,27.38,1
Rivian,SUV,NMC,AWD,321.0,155836.0,3.08,17.36,0.01962,0.5109,47.1,28.2,165.0,2023.0,,35.88,0
Kia,Hatchback,LFP,RWD,633.0,164385.0,5.92,11.29,0.01852,0.7244,21.5,30.5,84.0,2020.0,48.52,48.0,0
GM,Sedan,LFP,AWD,804.0,295178.0,7.93,,0.02958,1.1356,54.6,100.0,126.0,2018.0,,56.62,1
Kia,Hatchback,NMC,FWD,1756.0,337156.0,11.14,53.34,0.03137,0.8221,67.0,55.4,98.9,2015.0,37.45,38.74,1
MG,Truck,LFP,RWD,496.0,236031.0,6.15,5.74,0.01434,0.6001,,38.0,123.3,2020.0,141.06,,0
BMW,,NMC,FWD,577.0,209587.0,8.09,30.58,0.02877,0.7064,66.4,,89.0,2018.0,76.6,55.34,1
Lucid,SUV,NCA,AWD,541.0,233414.0,9.01,35.45,0.0314,0.5508,,53.4,85.5,2017.0,92.14,44.62,1
Hyundai,Hatchback,LFP,AWD,1915.0,372022.0,10.84,26.05,0.02154,0.9601,42.4,65.8,113.7,2015.0,40.3,49.86,1
BYD,Hatchback,LFP,AWD,627.0,192660.0,5.17,9.27,0.02214,0.6707,21.2,53.2,121.7,2021.0,51.95,57.53,0
Kia,Van,NMC,FWD,126.0,26146.0,,6.1,0.01026,0.4113,53.7,0.0,23.8,2023.0,100.59,8.39,0
Tesla,Truck,NMC,FWD,1.0,17219.0,5.06,0.2,0.00914,0.3185,39.9,52.0,13.9,2021.0,116.71,49.9,0
Ford,SUV,LFP,AWD,496.0,,7.86,6.7,0.0141,0.5885,28.6,28.7,90.5,2018.0,88.75,29.82,0
Hyundai,SUV,NMC,FWD,481.0,224605.0,8.19,24.12,0.02918,0.5398,58.2,45.7,90.4,2018.0,87.67,46.58,0
GM,SUV,NMC,FWD,211.0,106779.0,2.77,24.78,0.0232,0.7147,62.8,96.6,133.4,2023.0,83.68,51.14,0
BYD,SUV,NMC,FWD,543.0,,7.07,29.26,0.02453,0.08493,61.4,61.0,112.3,2019.0,82.66,37.93,1
BYD,Crossover,LFP,RWD,359.0,105484.0,10.99,6.9,0.01533,0.6974,12.6,54.7,30.2,2015.0,63.48,52.83,0
Tesla,Van,NCA,AWD,547.0,289323.0,8.02,33.54,0.02653,0.5532,87.2,48.5,116.6,2018.0,103.78,41.66,1
GM,Crossover,NMC,FWD,208.0,94139.0,11.25,15.57,0.02232,0.6164,64.1,55.5,29.0,2015.0,80.91,18.04,1
BMW,SUV,NCA,RWD,97.0,39060.0,4.91,4.12,0.01362,0.4034,57.5,33.8,16.6,2021.0,75.45,39.57,0
Tesla,Hatchback,NMC,AWD,162.0,58241.0,3.12,7.7,0.0196,0.3919,53.0,16.4,56.7,2023.0,55.82,28.98,0
BYD,Sedan,LFP,AWD,446.0,148863.0,10.98,6.65,0.01838,0.6392,19.2,47.7,,2015.0,56.01,56.11,0
Toyota,Sedan,NMC,FWD,222.0,91836.0,4.21,10.93,0.01645,0.5138,49.2,26.7,76.0,2022.0,60.79,43.34,0
Volvo,SUV,NMC,AWD,541.0,211433.0,10.66,23.82,0.01714,0.5476,52.7,0.0,65.8,2015.0,85.94,24.46,0
Tesla,Crossover,NMC,RWD,83.0,26261.0,3.23,,0.00827,0.433,49.6,36.0,31.1,2023.0,69.61,35.19,0
GM,Van,LFP,FWD,356.0,155383.0,9.93,7.45,0.01414,0.5967,23.9,17.6,52.4,2016.0,87.48,31.22,0
Volvo,Hatchback,NMC,FWD,189.0,28459.0,2.06,15.54,0.01575,0.6186,57.5,72.2,38.3,2024.0,34.59,48.29,0
Audi,Sedan,NCA,RWD,,106262.0,7.2,20.06,0.02377,0.4545,68.5,13.1,44.4,2019.0,74.78,17.41,0
Honda,SUV,NMC,AWD,33.0,37538.0,2.03,0.2,0.01107,0.353,48.7,3.0,62.1,2024.0,82.17,27.74,0
,SUV,NMC,AWD,1089.0,,10.84,39.99,0.03001,0.7315,68.9,74.6,129.0,2015.0,80.98,70.07,1
Audi,Truck,NMC,RWD,126.0,46217.0,3.83,5.12,0.01612,0.403,62.1,42.9,41.4,2022.0,113.0,58.26,0
,Truck,LMO,FWD,5.0,500.0,2.03,2.49,0.00857,0.5025,36.0,32.3,12.0,2024.0,111.4,27.31,0
Renault,Crossover,NMC,FWD,396.0,159584.0,8.84,24.44,0.01435,0.6689,71.0,73.7,62.7,2017.0,75.98,38.75,1
Volvo,Crossover,LFP,AWD,627.0,,9.9,5.9,0.0161,0.616,32.4,47.9,71.1,2016.0,62.56,41.54,0
,Sedan,LFP,RWD,630.0,180459.0,8.04,8.6,0.01098,0.7142,19.5,46.4,71.7,2018.0,62.6,50.1,0
BMW,Sedan,NCA,AWD,1050.0,276788.0,10.13,51.2,0.03837,0.7376,71.1,52.5,92.9,2016.0,,51.06,1
Volkswagen,Truck,NMC,AWD,70.0,69860.0,5.06,11.0,0.01888,0.4949,65.6,37.0,45.1,2021.0,115.44,32.24,0
Volvo,SUV,NMC,RWD,160.0,49806.0,8.08,11.86,0.01151,1.71605,41.7,51.5,19.7,2018.0,80.96,49.74,0
Volvo,SUV,NMC,FWD,310.0,131754.0,10.26,24.05,0.03241,0.6406,73.1,99.5,40.6,2016.0,85.51,65.83,1
Tata,Hatchback,,RWD,608.0,162282.0,11.22,30.37,0.02316,0.6391,50.6,51.7,50.7,2015.0,49.75,,0
BMW,Sedan,NMC,RWD,364.0,148322.0,3.26,14.75,0.01885,0.4735,52.2,34.4,143.3,2023.0,81.01,34.84,0
Kia,Sedan,LFP,FWD,232.0,68557.0,4.96,2.94,0.00733,0.6141,28.4,34.6,52.1,2021.0,63.48,36.34,0
Ford,SUV,NMC,RWD,126.0,48770.0,4.94,7.83,0.00791,0.4393,52.9,48.5,35.8,2021.0,,48.82,0
Rivian,SUV,NMC,RWD,205.0,78656.0,10.99,,0.02061,0.4602,64.6,40.9,25.7,2015.0,,36.26,1
,Truck,,RWD,363.0,255221.0,8.19,27.06,0.0267,0.7241,71.6,100.0,109.6,,115.0,57.11,1
Volvo,Hatchback,NMC,FWD,1.0,6723.0,8.75,0.2,0.00591,0.4351,46.9,44.0,3.0,2017.0,49.29,47.46,0
Volkswagen,SUV,NMC,FWD,568.0,237480.0,9.08,25.61,0.03119,0.5906,64.8,38.5,86.9,2017.0,84.95,54.19,1
Toyota,SUV,NMC,AWD,143.0,75655.0,7.24,17.9,0.02201,0.6286,67.2,66.5,31.4,2019.0,93.0,23.92,1
BYD,SUV,LFP,,276.0,140264.0,10.11,1.59,0.01737,0.5606,24.5,14.0,,2016.0,,40.29,0
Nissan,Hatchback,LMO,RWD,345.0,86007.0,10.03,34.93,0.02405,0.7454,52.5,36.2,32.7,2016.0,56.37,45.41,0
GM,Crossover,LFP,FWD,157.0,74885.0,4.01,5.61,0.01599,,31.2,50.5,57.0,2022.0,72.49,25.89,0
Kia,Sedan,NMC,FWD,113.0,,2.03,4.07,0.00731,0.4313,52.7,69.9,,2024.0,63.79,59.76,0
Tata,Sedan,LFP,AWD,88.0,27004.0,5.97,0.2,0.0164,0.5815,8.4,32.6,13.1,2020.0,58.38,42.88,0
Mercedes,Sedan,NMC,FWD,577.0,194752.0,5.83,40.9,0.03528,0.8436,79.2,100.0,116.9,2020.0,66.04,36.53,1
Toyota,Sedan,NMC,RWD,965.0,332070.0,9.96,43.25,0.03509,0.7585,68.2,35.9,117.0,2016.0,64.91,55.1,1
BYD,Van,LFP,AWD,1.0,19523.0,3.87,0.2,0.00962,0.4919,18.5,50.4,15.4,2022.0,90.64,39.4,0
Tesla,Sedan,NCA,FWD,74.0,15657.0,5.21,20.99,0.02229,0.5824,80.8,100.0,12.5,2021.0,73.45,45.5,0
Nissan,Truck,NMC,FWD,272.0,174599.0,4.0,22.7,0.02147,0.6652,69.0,100.0,141.4,2022.0,122.91,41.43,1
Tesla,,NMC,FWD,339.0,123328.0,11.21,24.86,0.03198,0.6586,82.2,69.0,37.1,2015.0,79.06,35.39,1
Audi,SUV,NCA,RWD,665.0,258339.0,10.1,38.48,0.02937,0.6118,72.4,28.5,83.8,2016.0,78.93,23.37,1
Honda,Van,NMC,RWD,40.0,31163.0,2.07,6.71,0.00571,0.4326,45.8,30.2,61.1,2024.0,80.51,,0
Tesla,Sedan,NCA,RWD,136.0,34929.0,6.97,17.73,,0.5258,,99.3,17.3,2019.0,71.91,41.95,1
GM,Hatchback,NMC,AWD,1809.0,445088.0,10.76,56.85,0.042,0.856,68.5,28.6,139.7,2015.0,49.12,40.24,1
Kia,Hatchback,NMC,RWD,508.0,150734.0,4.93,28.49,0.02396,0.5744,52.7,57.9,93.5,2021.0,58.97,40.93,1
Audi,Crossover,NMC,FWD,408.0,164448.0,,20.49,0.02576,0.586,49.6,1.7,45.2,2015.0,75.34,20.27,1
BMW,Van,NMC,RWD,287.0,140899.0,7.13,12.62,0.01926,0.4643,57.2,50.1,73.6,2019.0,88.32,38.51,0
BYD,SUV,LFP,FWD,283.0,103609.0,9.95,0.29,0.01114,0.4916,20.4,,32.1,2016.0,,38.14,0
Lucid,Crossover,NMC,AWD,43.0,36397.0,7.99,1.77,0.01562,0.346,52.7,26.1,,2018.0,77.66,30.13,0
Tata,Truck,NMC,AWD,799.0,442514.0,9.97,38.97,0.02658,0.719,59.0,45.4,151.4,2016.0,117.59,39.94,1
Nissan,Crossover,NMC,FWD,1181.0,,10.11,51.56,0.0399,0.7761,72.0,53.0,115.8,2016.0,60.5,43.9,1
Renault,SUV,NMC,FWD,687.0,322199.0,7.87,32.47,0.02741,0.6104,65.8,50.3,128.6,2018.0,99.43,54.45,1
BYD,Sedan,LFP,FWD,142.0,61847.0,4.88,10.01,0.01759,0.7979,31.0,95.0,43.5,2021.0,75.08,55.77,0
Audi,Sedan,NMC,FWD,467.0,114057.0,10.82,19.8,0.0272,,65.1,27.2,34.5,2015.0,64.96,32.39,0
BMW,SUV,NMC,AWD,,72724.0,7.94,8.69,0.01738,0.4583,,25.4,26.7,2018.0,78.1,39.84,0
Tesla,Hatchback,NCA,AWD,243.0,74527.0,3.04,28.69,0.02371,0.5945,93.3,94.3,82.8,2023.0,50.81,38.66,1
Volvo,Van,NMC,AWD,1027.0,418438.0,9.99,40.47,0.02697,0.677,61.4,47.8,137.5,2016.0,82.84,44.25,1
BMW,SUV,NMC,FWD,639.0,251627.0,8.22,32.46,0.02727,,66.6,50.9,99.0,2018.0,93.87,49.17,1
Tesla,Crossover,NCA,AWD,814.0,301372.0,7.97,45.8,0.03612,0.7553,92.6,90.1,128.9,2018.0,75.5,54.62,1
MG,Sedan,LFP,RWD,87.0,77012.0,9.88,0.2,0.00809,0.6207,19.1,35.3,25.5,,76.91,52.14,0
Ford,SUV,NMC,AWD,62.0,38502.0,6.8,,0.0089,0.4481,49.1,34.2,20.7,2019.0,87.74,30.24,0
Hyundai,Hatchback,NMC,AWD,1039.0,210345.0,8.11,44.19,0.0306,0.7635,60.3,44.9,84.0,2018.0,40.11,40.4,1
Tata,Crossover,NMC,FWD,342.0,129858.0,3.96,17.44,0.01197,0.4809,58.4,28.4,110.7,2022.0,68.23,37.25,0
Tesla,Van,NMC,FWD,44.0,500.0,2.95,0.2,,0.3687,49.9,33.2,3.0,2023.0,88.1,54.65,0
Volvo,Hatchback,NMC,FWD,54.0,12106.0,9.64,2.12,0.00679,0.3867,67.3,,7.2,2016.0,50.39,32.47,0
Toyota,Sedan,LFP,FWD,,22308.0,2.98,0.2,0.01241,0.5239,7.8,19.4,27.9,2023.0,,36.46,0
Nissan,SUV,NMC,AWD,125.0,73542.0,1.83,7.65,0.01462,0.4185,43.8,37.2,118.2,2024.0,88.89,,0
Volvo,Hatchback,NMC,,967.0,149983.0,10.02,40.46,0.03255,0.7732,78.2,49.5,54.1,2016.0,32.06,,1
Lucid,SUV,NMC,FWD,,53452.0,6.04,11.27,0.01906,0.5285,61.0,67.3,31.1,2020.0,,36.45,0
Renault,Crossover,LMO,AWD,470.0,190481.0,7.94,43.79,0.03238,0.8527,60.0,37.1,84.2,2018.0,80.55,37.75,1
Honda,Hatchback,NMC,FWD,1363.0,298969.0,8.36,46.08,0.02657,0.8119,64.5,45.8,116.9,2018.0,44.48,52.22,0
Mercedes,SUV,NMC,FWD,144.0,50166.0,7.86,21.33,0.02279,0.6955,72.0,92.6,23.7,2018.0,72.86,35.65,1
Tata,SUV,LFP,FWD,458.0,162949.0,9.11,12.68,0.01814,0.7587,35.4,64.4,60.1,2017.0,96.3,32.82,1
Toyota,Hatchback,NMC,AWD,846.0,214872.0,11.05,36.56,,0.6708,61.3,34.3,61.4,2015.0,49.99,35.05,1
Hyundai,Hatchback,NMC,FWD,856.0,244763.0,7.01,39.47,0.03095,0.749,56.9,39.8,112.8,2019.0,54.06,29.54,1
Kia,Sedan,NMC,RWD,,,7.05,9.17,0.01492,0.4754,50.9,33.1,37.4,2019.0,80.75,52.38,0
Nissan,Hatchback,NMC,RWD,1.0,3688.0,,0.2,0.01502,0.4363,53.0,14.6,3.0,2016.0,46.94,39.38,0
Kia,Crossover,NMC,FWD,776.0,299873.0,9.0,34.68,0.03028,0.705,67.9,69.2,113.8,2017.0,74.9,61.64,1
Tesla,Hatchback,NMC,RWD,138.0,39795.0,8.61,15.14,0.02723,0.5445,59.9,44.6,22.1,2017.0,42.4,30.05,1
Toyota,SUV,NMC,,985.0,411685.0,11.0,41.26,0.04256,0.7555,72.9,16.5,126.9,2015.0,91.7,30.28,1
Ford,Sedan,LFP,FWD,93.0,18747.0,,0.32,0.01265,0.5218,13.4,25.7,47.2,2024.0,62.71,27.62,0
,Sedan,NMC,FWD,187.0,,8.82,19.91,0.02193,0.5137,56.1,38.9,28.1,2017.0,69.28,47.58,0
MG,SUV,LFP,FWD,1.0,2542.0,3.19,0.2,0.00919,0.5928,,32.9,6.0,2023.0,94.26,43.16,0
Kia,SUV,NMC,RWD,1049.0,450000.0,,44.62,0.03362,0.7826,67.2,31.3,145.6,2015.0,86.13,31.58,1
Toyota,Sedan,NMC,AWD,569.0,190553.0,8.71,27.07,0.03216,0.6015,57.7,0.0,72.4,2017.0,68.7,34.58,0
Mercedes,Crossover,NMC,FWD,338.0,129333.0,9.05,22.78,0.0307,,62.7,70.5,47.8,2017.0,64.62,46.63,1
Tesla,Sedan,,FWD,361.0,,8.9,16.68,0.01925,0.4665,51.3,0.0,35.8,2017.0,54.76,15.25,0
Audi,Crossover,NMC,AWD,561.0,139969.0,11.07,24.06,,0.5205,66.4,39.4,42.4,2015.0,52.49,52.45,0
Volvo,Sedan,LFP,AWD,667.0,243799.0,11.16,6.61,0.01522,0.6424,20.7,18.5,74.5,2015.0,62.63,33.96,0
BYD,Crossover,LFP,AWD,284.0,154324.0,10.1,0.2,0.01226,0.5327,18.0,37.4,50.5,2016.0,68.69,46.05,0
Renault,Crossover,NMC,FWD,545.0,169325.0,9.98,26.21,,0.6133,46.3,45.3,57.2,2016.0,63.76,51.49,0
,Sedan,NMC,FWD,414.0,150265.0,9.07,19.68,0.02033,0.5552,56.9,4.4,52.0,2017.0,72.13,31.09,0
Nissan,,LMO,RWD,502.0,149048.0,6.73,44.67,0.03181,0.8614,58.3,33.7,71.2,2019.0,65.34,46.53,1
Nissan,Crossover,LMO,RWD,306.0,119113.0,3.18,37.13,0.02853,0.7502,54.7,0.0,119.4,2023.0,77.87,5.0,0
Volkswagen,Sedan,NMC,FWD,129.0,55244.0,9.16,20.6,0.01452,0.7281,75.5,100.0,20.8,2017.0,66.05,36.89,1
Renault,Sedan,NMC,FWD,1466.0,,11.23,55.5,,0.8595,76.9,49.8,147.2,2015.0,63.7,31.58,1
BYD,Hatchback,LFP,,540.0,82844.0,8.66,3.17,0.00972,0.6253,22.2,22.6,33.0,2017.0,34.0,44.51,0
Tesla,Crossover,NMC,AWD,1019.0,414093.0,10.83,,0.03159,0.9021,70.9,100.0,127.0,2015.0,83.86,79.76,1
Mercedes,Hatchback,NMC,AWD,1117.0,223345.0,7.83,46.09,0.02784,0.757,71.6,37.7,94.4,2018.0,40.75,40.54,1
Tesla,Sedan,NMC,RWD,285.0,122383.0,7.05,24.41,0.02682,0.6788,66.1,58.0,57.7,2019.0,73.08,25.29,1
Audi,Crossover,NMC,FWD,21.0,12183.0,2.16,2.07,0.00809,0.4053,46.5,25.4,20.6,2024.0,76.84,35.19,0
Tesla,Sedan,NCA,AWD,65.0,31096.0,8.02,19.06,0.02203,0.5331,85.8,80.5,13.9,2018.0,68.97,25.9,1
Tesla,Crossover,NMC,AWD,,14335.0,2.96,8.1,0.0089,0.4368,53.2,36.6,33.7,2023.0,55.01,32.06,0
Mahindra,Hatchback,LFP,RWD,1188.0,242017.0,5.03,16.41,0.02072,0.7794,33.0,50.0,153.9,2021.0,38.72,35.59,0
Audi,Sedan,NMC,RWD,1238.0,450000.0,11.0,45.04,0.04128,0.7148,71.6,24.1,147.9,2015.0,73.9,43.13,1
Hyundai,Sedan,LFP,RWD,648.0,240081.0,7.69,,0.01763,0.8657,36.7,85.9,107.1,2018.0,64.12,52.19,1
Hyundai,Hatchback,LFP,FWD,499.0,137533.0,7.9,5.75,0.00645,,18.5,31.5,61.9,2018.0,47.53,,0
,SUV,NMC,AWD,294.0,122935.0,6.61,12.6,,0.4838,66.3,26.3,57.9,2019.0,80.09,30.85,0
Toyota,Crossover,NMC,RWD,707.0,258237.0,,27.61,0.02871,0.6148,66.6,45.5,77.9,2015.0,67.69,38.24,1
Ford,Hatchback,NMC,AWD,1046.0,267535.0,10.8,43.58,0.04229,0.7237,62.8,33.0,84.5,2015.0,45.97,21.77,1
Tesla,SUV,NMC,RWD,653.0,279822.0,8.85,31.06,0.02511,0.667,64.9,58.9,112.4,2017.0,85.51,54.89,1
BYD,Hatchback,LFP,AWD,322.0,36506.0,3.0,5.04,0.01096,0.6273,19.1,,37.7,2023.0,40.22,36.02,0
Hyundai,Van,NMC,FWD,796.0,263190.0,7.16,40.42,0.04052,0.7125,77.4,63.4,125.9,2019.0,72.39,49.56,1
Kia,Crossover,NMC,FWD,549.0,154136.0,9.97,30.6,0.02307,0.7259,77.1,89.3,,2016.0,66.07,47.27,1
Lucid,Hatchback,NMC,AWD,1424.0,315290.0,11.0,54.25,0.04431,0.8526,85.1,49.2,91.4,2015.0,43.99,39.77,1
Tesla,Hatchback,NMC,RWD,369.0,99817.0,9.94,16.9,0.01974,0.4862,63.5,25.3,36.8,2016.0,47.54,38.64,1
Toyota,Van,NMC,FWD,44.0,27741.0,2.9,3.28,0.00967,0.4297,47.1,47.8,23.0,2023.0,76.39,57.01,0
Mercedes,Truck,NMC,FWD,563.0,327696.0,9.12,30.32,0.03273,0.694,80.0,69.1,,2017.0,120.4,37.33,1
Honda,Sedan,NMC,FWD,726.0,215176.0,7.11,40.28,0.02448,0.6848,66.3,44.4,100.4,2019.0,,36.77,1
Tesla,Hatchback,NMC,AWD,90.0,20029.0,5.88,6.26,0.0148,0.4164,56.6,49.1,6.2,2020.0,46.73,53.53,0
Volkswagen,Sedan,NMC,AWD,876.0,317615.0,11.16,40.05,0.03628,0.7082,60.6,62.9,95.7,2015.0,69.57,49.58,1
Tesla,SUV,NCA,AWD,684.0,346858.0,10.15,41.26,0.03248,0.6605,79.7,49.0,116.0,2016.0,98.03,47.2,1
Renault,Hatchback,LMO,FWD,1426.0,341404.0,10.17,66.69,0.04492,1.05,65.7,54.8,111.7,2016.0,49.21,48.64,1
Tesla,SUV,NMC,RWD,150.0,17717.0,3.76,3.44,0.0086,0.4594,47.1,35.9,9.7,2022.0,74.81,35.89,0
BYD,Sedan,LFP,FWD,832.0,253724.0,7.11,21.45,0.02254,0.9162,38.2,70.8,121.5,2019.0,65.04,42.86,0
BYD,Hatchback,LFP,,486.0,,6.06,8.99,0.01651,0.7225,20.3,36.7,56.3,2020.0,43.51,42.48,0
Nissan,Hatchback,LMO,FWD,514.0,170988.0,8.1,49.09,0.03088,0.9178,67.8,24.7,69.9,2018.0,69.28,29.63,1
Tesla,SUV,NCA,FWD,461.0,236822.0,7.99,33.84,,0.561,77.5,35.6,103.6,,95.52,28.54,1
GM,Truck,NMC,AWD,,279608.0,8.79,35.32,0.0248,0.7997,80.6,94.2,111.8,2017.0,114.07,34.59,1
Kia,SUV,NMC,FWD,498.0,235936.0,8.03,31.66,0.02905,0.6689,53.6,89.2,100.6,2018.0,98.51,52.65,1
,SUV,NMC,RWD,316.0,154786.0,7.16,15.18,0.01818,0.5261,56.5,68.7,73.0,2019.0,100.57,54.27,0
Hyundai,SUV,NMC,AWD,132.0,43097.0,3.09,11.79,0.01164,0.5136,58.1,31.2,44.3,2023.0,95.29,33.09,0
Volvo,Sedan,NMC,FWD,147.0,47054.0,1.96,10.12,0.01623,0.4716,50.6,40.8,68.0,2024.0,64.17,37.99,0
Tesla,Hatchback,NCA,FWD,706.0,150601.0,8.93,35.62,0.0278,0.5656,70.5,18.9,56.6,2017.0,43.68,40.31,0
Mercedes,Hatchback,NMC,RWD,116.0,46194.0,4.04,9.5,0.01041,0.499,64.1,46.6,30.4,2022.0,50.29,39.2,0
Nissan,Sedan,LMO,FWD,1110.0,282869.0,7.84,62.47,0.04364,0.9995,71.7,1.7,122.8,2018.0,,10.21,1
Rivian,Hatchback,NMC,RWD,1195.0,173056.0,10.03,42.34,0.03335,0.7477,64.6,3.9,54.4,2016.0,28.08,20.93,1
Rivian,Sedan,NCA,AWD,413.0,145385.0,11.12,29.69,0.02312,0.6049,74.5,36.9,46.6,2015.0,71.56,36.01,1
Tesla,SUV,NCA,RWD,367.0,128427.0,10.15,24.09,0.03198,1.61945,77.2,24.6,44.3,2016.0,81.69,51.58,1
Ford,Hatchback,NMC,FWD,1470.0,300507.0,9.94,53.32,0.03677,0.8414,67.2,79.6,100.7,2016.0,40.59,52.69,1
Toyota,Sedan,NMC,AWD,186.0,68856.0,9.88,4.59,0.00849,0.4316,38.4,8.9,25.0,2016.0,71.22,37.57,0
Ford,SUV,NMC,RWD,166.0,69438.0,7.0,12.86,0.0172,0.6082,76.9,67.4,36.8,2019.0,90.89,54.87,0
Hyundai,Hatchback,NMC,RWD,834.0,184619.0,5.87,39.5,0.02776,0.6697,63.8,72.6,115.3,2020.0,45.39,57.11,1
Volkswagen,Hatchback,NMC,RWD,18.0,12482.0,2.09,0.2,0.00729,0.4152,40.2,21.2,14.5,2024.0,46.08,40.01,0
Mercedes,Crossover,NMC,AWD,102.0,35640.0,5.25,4.11,0.00929,0.4271,47.5,25.2,15.6,2021.0,82.72,39.97,0
MG,Sedan,NMC,FWD,541.0,181165.0,,41.04,0.03335,0.8629,81.2,100.0,86.3,2019.0,67.64,44.37,1
Volkswagen,Sedan,LFP,AWD,452.0,182333.0,8.87,4.7,0.02004,0.6315,18.7,37.3,69.0,2017.0,72.46,26.31,0
Renault,SUV,LMO,FWD,73.0,42460.0,8.1,7.81,0.01721,0.5587,58.0,57.0,23.0,2018.0,98.84,37.6,0
Renault,SUV,NMC,FWD,522.0,239207.0,11.02,30.47,0.03239,0.6033,66.4,18.8,72.4,2015.0,83.81,31.38,1
Volvo,Crossover,NMC,RWD,734.0,284752.0,10.87,34.72,,0.6646,75.5,25.8,84.1,2015.0,78.43,29.87,1
Tesla,SUV,NCA,AWD,1.0,14112.0,4.25,0.2,0.00633,0.3424,59.4,21.3,3.0,2022.0,101.15,39.98,0
Nissan,SUV,LMO,RWD,465.0,202205.0,7.17,47.14,0.0459,0.8838,59.5,,100.0,2019.0,,65.74,1
BYD,SUV,LFP,AWD,1.0,11656.0,3.92,0.2,0.00986,0.5159,15.0,1.5,6.1,2022.0,86.38,32.64,0
Tesla,SUV,NMC,AWD,440.0,239612.0,11.08,30.66,0.02843,0.7347,71.5,100.0,67.2,2015.0,,39.54,1
Tata,Hatchback,NMC,FWD,339.0,63190.0,4.95,14.08,0.0143,0.5201,55.8,12.3,35.2,2021.0,46.22,27.77,0
MG,Sedan,LFP,FWD,150.0,23034.0,8.82,5.84,0.02585,0.6166,26.7,43.9,8.9,2017.0,50.37,44.69,0
Tesla,Sedan,NCA,FWD,350.0,118986.0,10.12,27.01,0.02518,0.5293,68.7,15.8,40.3,2016.0,68.3,40.64,1
Tesla,Hatchback,NMC,AWD,452.0,121243.0,3.65,31.83,0.03068,0.7013,81.6,100.0,106.1,2022.0,49.57,55.45,1
BYD,Hatchback,LFP,FWD,1017.0,144586.0,8.23,19.05,0.0163,0.8406,43.0,63.7,60.0,2018.0,27.79,48.82,0
Tata,SUV,LFP,FWD,516.0,141782.0,8.91,4.74,0.01542,0.5595,17.0,4.5,49.6,2017.0,84.7,22.88,0
Hyundai,Crossover,NMC,AWD,,211381.0,7.13,30.3,0.02726,0.7009,73.8,46.8,93.9,2019.0,79.27,25.28,1
Ford,Crossover,,FWD,708.0,231819.0,11.17,9.99,0.02479,0.6314,24.2,22.3,72.2,2015.0,70.41,,0
Tesla,SUV,NCA,FWD,187.0,101763.0,4.13,,0.01605,0.5211,78.9,62.5,73.3,2022.0,83.24,32.77,0
Audi,Sedan,NMC,AWD,405.0,128730.0,8.99,28.0,0.02556,0.7542,65.6,80.8,45.8,2017.0,60.7,41.53,1
Tesla,Sedan,NMC,FWD,202.0,61150.0,2.93,9.72,0.01343,0.4588,48.0,43.4,51.8,2023.0,71.42,51.48,0
Rivian,Truck,NCA,,616.0,450000.0,10.94,42.1,0.03031,0.6513,76.6,61.3,165.7,2015.0,137.18,47.39,1
GM,Sedan,NMC,RWD,1234.0,391651.0,8.99,40.97,0.028,0.6787,67.7,22.6,145.6,2017.0,63.06,49.5,1
Rivian,SUV,NCA,RWD,308.0,161737.0,6.03,26.53,0.02719,0.5363,63.7,27.1,80.0,2020.0,111.65,17.35,1
Volvo,Van,,RWD,639.0,257746.0,8.91,29.12,0.02738,0.6049,62.2,57.6,96.9,2017.0,82.14,57.07,0
Nissan,SUV,LMO,FWD,553.0,256448.0,6.12,46.02,0.03279,0.84,52.8,56.0,,2020.0,94.87,51.7,1
Tata,Crossover,NMC,RWD,763.0,,11.07,35.83,0.03755,0.648,70.4,48.7,77.9,2015.0,64.34,54.46,1
Mercedes,SUV,NMC,,212.0,121886.0,11.01,8.63,0.02579,0.4298,45.7,28.7,37.6,2015.0,92.91,45.53,0
Hyundai,SUV,NMC,AWD,400.0,180516.0,6.16,29.24,0.02982,0.6705,73.3,100.0,,2020.0,97.62,61.35,1
Volvo,Sedan,,AWD,226.0,90642.0,7.11,26.99,0.02698,0.7084,70.4,98.8,36.6,2019.0,75.52,31.98,1
BYD,Hatchback,LFP,RWD,2000.0,406032.0,9.93,30.75,0.02555,,30.7,61.5,138.8,,39.96,,1
Toyota,Hatchback,LFP,AWD,458.0,99842.0,5.93,3.24,0.01375,0.6389,26.6,32.7,58.4,2020.0,50.78,31.68,0
BYD,Hatchback,LFP,FWD,746.0,,10.99,9.94,0.01436,0.6906,27.3,81.4,58.7,,49.09,65.46,0
Tata,Truck,NMC,RWD,296.0,220506.0,7.21,28.87,0.02758,0.7568,64.8,88.5,101.3,2019.0,127.8,39.37,1
Volvo,Hatchback,NMC,RWD,672.0,138012.0,4.88,32.2,0.02278,0.6659,67.8,49.4,100.0,2021.0,38.7,48.0,1
GM,,LFP,RWD,1.0,500.0,1.79,0.2,0.00745,,19.8,18.7,3.0,2024.0,48.34,20.48,0
Tesla,Hatchback,NCA,RWD,190.0,40934.0,5.77,11.78,,0.3715,67.0,12.1,25.3,2020.0,58.11,27.99,0
Ford,Crossover,LFP,FWD,1.0,12057.0,11.25,1.05,0.01813,0.5863,25.5,22.3,3.0,2015.0,83.35,23.63,0
Volvo,SUV,NMC,RWD,334.0,154962.0,4.22,15.48,0.00803,0.5447,51.2,55.2,119.1,2022.0,85.96,48.24,0
Audi,Crossover,NMC,FWD,512.0,188896.0,11.13,29.27,0.03183,0.6913,58.4,56.5,60.2,2015.0,80.75,27.21,1
Mahindra,SUV,LFP,AWD,438.0,194196.0,5.62,7.2,0.00962,0.6426,21.7,15.7,115.5,2020.0,74.75,20.52,0
Renault,SUV,NMC,FWD,281.0,127976.0,10.02,18.83,0.02889,0.5857,74.4,45.1,41.0,2016.0,88.69,38.2,1
Rivian,Crossover,NMC,FWD,411.0,179470.0,4.87,,0.02579,0.6623,85.5,69.6,130.3,2021.0,71.68,37.64,1
Lucid,Hatchback,NMC,FWD,1239.0,211091.0,11.12,47.29,0.04126,0.8087,71.7,51.2,60.5,2015.0,34.55,55.17,1
Toyota,SUV,NMC,FWD,153.0,77989.0,6.02,6.55,0.0121,0.45,44.7,12.8,47.7,2020.0,83.04,26.65,0
Ford,Hatchback,NMC,FWD,767.0,263068.0,6.85,36.36,0.03291,0.7537,68.9,48.8,127.5,2019.0,68.04,35.51,0
BMW,SUV,NMC,FWD,1.0,8244.0,2.11,0.2,0.00818,0.3938,46.4,22.1,22.9,2024.0,80.95,38.48,0
Honda,SUV,NMC,AWD,127.0,40270.0,2.05,,0.0073,0.4039,51.0,2.7,73.8,2024.0,69.15,28.9,0
Nissan,SUV,NMC,FWD,171.0,68885.0,5.94,24.43,0.03068,0.6343,64.2,100.0,43.2,2020.0,93.95,52.35,1
Tesla,SUV,NMC,AWD,1.0,2143.0,5.26,0.29,0.01326,0.3578,50.1,0.0,10.1,2021.0,91.25,,0
GM,Hatchback,NMC,AWD,1140.0,363487.0,11.04,49.43,0.04588,0.8476,93.7,100.0,110.4,2015.0,63.19,64.08,1
Volkswagen,SUV,LFP,FWD,151.0,105844.0,11.15,0.2,0.01446,0.57,31.2,32.1,34.4,2015.0,93.93,,0
Tata,Van,LFP,RWD,316.0,70594.0,7.8,2.56,0.00645,0.5618,16.8,55.4,,2018.0,94.18,50.18,0
Volkswagen,Crossover,LFP,RWD,116.0,24300.0,4.08,1.9,0.01466,0.6476,35.6,35.8,18.5,2022.0,64.93,36.23,0
BMW,Crossover,NMC,RWD,922.0,379927.0,10.13,41.42,0.04016,,85.1,45.7,121.1,2016.0,78.45,31.48,1
,Van,LFP,FWD,1.0,51842.0,3.72,0.2,0.00873,0.537,22.2,25.0,40.8,2022.0,95.33,,0
Hyundai,Van,LFP,FWD,170.0,,3.01,7.48,0.01219,0.7217,34.2,100.0,101.2,2023.0,81.32,64.0,0
Volvo,SUV,NMC,FWD,753.0,340524.0,7.98,38.88,0.02661,0.7384,63.4,56.4,152.9,2018.0,89.59,35.71,0
Tesla,Sedan,NMC,AWD,,35691.0,4.95,0.76,0.02064,0.4012,44.3,0.0,27.8,2021.0,75.12,29.48,0
Lucid,Sedan,NMC,AWD,,20526.0,5.19,2.75,0.02073,0.4264,50.0,14.9,3.0,2021.0,50.9,38.47,0
Tata,Sedan,LFP,AWD,1171.0,339744.0,10.85,18.18,0.03274,0.8036,32.6,45.2,104.8,2015.0,61.46,35.47,1
Tesla,SUV,NMC,FWD,55.0,500.0,2.0,12.04,0.01188,0.4652,64.3,,3.0,2024.0,86.49,26.88,0
MG,SUV,LFP,AWD,83.0,30428.0,4.21,1.06,0.01078,0.5561,21.6,52.3,32.0,2022.0,,61.63,0
Hyundai,Hatchback,LFP,FWD,770.0,309483.0,9.03,15.49,0.0205,0.763,19.8,47.6,116.0,2017.0,69.15,34.85,0
Tesla,Hatchback,NCA,AWD,328.0,59974.0,4.1,22.77,0.02219,0.563,76.2,68.7,51.8,2022.0,42.87,50.71,1
Rivian,Sedan,NMC,,796.0,346490.0,11.0,39.51,0.0315,0.6975,64.4,42.7,107.8,,82.11,34.59,1
Nissan,Crossover,NMC,AWD,1128.0,374553.0,11.06,,0.04002,0.7386,71.1,51.3,113.1,2015.0,70.65,41.62,1
Lucid,SUV,NMC,AWD,556.0,255209.0,9.97,26.19,0.03051,0.6367,61.1,25.7,83.8,,101.08,39.22,0
Mercedes,Hatchback,NMC,AWD,,190378.0,5.79,37.15,0.02388,0.6977,69.2,78.5,104.9,2020.0,43.54,54.83,1
Tesla,SUV,NCA,AWD,219.0,91445.0,5.96,28.87,0.02562,0.6569,85.0,100.0,45.6,2020.0,86.84,55.18,1
Renault,Van,NMC,RWD,88.0,9514.0,2.73,1.29,0.01406,0.3882,55.5,36.7,16.3,2023.0,86.6,48.25,0
Kia,Hatchback,NMC,AWD,131.0,40456.0,,5.07,0.01653,0.4298,52.0,43.4,23.3,,49.6,48.03,0
Ford,SUV,NMC,RWD,521.0,,8.08,34.61,0.03192,0.8123,73.1,96.4,84.2,2018.0,86.72,,1
GM,SUV,LFP,AWD,169.0,53957.0,6.88,4.56,0.0169,0.5714,22.4,31.9,,,,44.32,0
Volkswagen,Crossover,NMC,FWD,491.0,167854.0,8.91,33.24,0.02337,0.7391,66.3,100.0,66.3,2017.0,80.07,55.25,1
Hyundai,Sedan,NMC,,556.0,177107.0,6.0,42.14,0.03248,0.8859,68.3,100.0,102.0,2020.0,74.48,45.05,1
BYD,Sedan,LFP,RWD,711.0,249309.0,10.85,10.0,0.0148,0.6849,30.3,39.9,,2015.0,72.3,50.91,0
BMW,Sedan,NMC,AWD,207.0,81778.0,11.23,12.24,0.02617,0.4871,72.7,52.0,28.0,2015.0,64.79,43.75,1
Ford,SUV,NMC,AWD,651.0,262530.0,10.87,29.08,0.03275,0.6192,69.0,33.6,,2015.0,76.98,37.91,1
MG,SUV,LFP,AWD,520.0,221660.0,6.38,5.63,0.007,0.5871,21.0,37.4,105.7,2020.0,85.54,42.87,0
Tesla,Hatchback,NMC,,1335.0,299924.0,9.08,48.31,0.04575,0.8167,71.5,29.8,108.0,2017.0,44.26,48.84,1
Tesla,Crossover,NMC,,115.0,78147.0,6.89,5.85,0.01779,0.4415,64.9,49.4,43.8,2019.0,90.25,59.26,0
Nissan,Hatchback,LMO,AWD,414.0,77112.0,11.1,41.52,0.04624,0.8245,63.1,43.8,19.5,,37.93,42.13,1
BMW,Truck,NMC,FWD,534.0,370874.0,9.05,27.59,0.02957,0.6335,63.3,61.1,132.3,2017.0,130.56,45.21,1
Mercedes,Hatchback,NMC,FWD,1318.0,348842.0,8.13,46.91,0.03797,0.8135,63.6,39.5,138.1,,51.84,33.44,1
Tesla,SUV,NCA,AWD,369.0,145382.0,3.23,,0.03008,0.6283,91.1,69.5,154.0,2023.0,87.84,8.28,1
Tesla,Sedan,NCA,FWD,973.0,248668.0,6.87,53.64,0.03758,0.7626,81.0,78.0,118.5,2019.0,52.14,44.3,1
BMW,SUV,NMC,FWD,1.0,1914.0,,0.2,0.0138,0.4229,59.4,53.3,3.0,2019.0,99.46,17.63,0
,Sedan,NMC,RWD,115.0,45276.0,3.17,2.22,0.00832,0.4063,51.8,17.4,52.9,2023.0,62.91,43.71,0
Tesla,Crossover,NMC,FWD,215.0,85793.0,4.97,10.58,0.02368,0.4521,49.3,,59.8,2021.0,58.38,37.22,0
Toyota,Van,NMC,FWD,519.0,275885.0,,37.86,0.0299,0.8858,72.2,93.4,90.9,2016.0,96.56,24.06,1
Volvo,Van,LFP,FWD,71.0,38003.0,3.99,0.2,0.01134,0.6006,25.9,,,2022.0,77.76,39.27,0
BMW,Sedan,,AWD,943.0,289027.0,8.97,41.34,0.02759,0.7095,58.1,51.2,106.1,2017.0,65.87,43.34,1
GM,,LFP,AWD,1.0,12668.0,6.08,10.41,0.0239,0.7497,35.9,100.0,3.0,2020.0,93.51,36.2,0
BMW,Sedan,,RWD,,69141.0,6.92,11.17,0.02027,0.4997,58.5,39.5,34.2,2019.0,63.14,50.95,0
Tesla,Sedan,NCA,AWD,465.0,118396.0,5.07,38.96,0.0324,0.7107,96.7,100.0,75.2,2021.0,51.77,57.95,1
Honda,Truck,NMC,FWD,305.0,174659.0,4.05,12.77,0.01549,0.4612,52.6,20.1,133.6,2022.0,122.56,25.66,0
MG,SUV,LFP,AWD,340.0,103393.0,4.13,6.31,0.02497,0.688,24.5,11.0,85.4,2022.0,89.51,30.44,0
Nissan,Hatchback,NMC,FWD,789.0,208656.0,10.07,36.5,0.03025,0.6762,65.6,45.7,68.8,2016.0,56.51,42.57,1
Tata,Truck,,FWD,394.0,247126.0,11.07,3.4,0.01316,0.5788,21.4,22.7,73.6,2015.0,117.23,29.54,0
Audi,SUV,NMC,RWD,508.0,187871.0,8.9,30.36,0.02178,0.6609,62.9,29.1,71.6,2017.0,72.13,45.61,0
,Sedan,NCA,RWD,336.0,92985.0,11.28,24.68,0.02866,0.5582,62.7,29.9,29.2,2015.0,62.3,48.19,1
Toyota,SUV,NMC,RWD,29.0,18702.0,3.34,15.33,0.02334,0.5911,71.5,100.0,3.0,2023.0,84.66,27.52,1
BMW,Sedan,,FWD,420.0,124459.0,8.01,22.24,0.02692,0.6551,55.2,31.3,51.4,2018.0,61.3,21.42,0
Toyota,SUV,LFP,RWD,281.0,86310.0,,1.41,0.00584,,27.1,38.9,42.9,2020.0,90.46,52.77,0
Kia,Sedan,NMC,FWD,1110.0,331036.0,10.24,44.25,0.03714,0.7872,67.8,45.2,108.4,,,43.79,1
Nissan,Crossover,LMO,FWD,196.0,84088.0,3.66,33.92,0.0244,0.8675,73.2,100.0,,2022.0,82.46,44.11,1
Tesla,Sedan,NMC,FWD,322.0,96061.0,4.65,17.05,0.02075,0.5214,48.4,22.4,69.2,2021.0,70.35,38.57,0
Renault,Sedan,NMC,RWD,24.0,16274.0,2.17,,0.01366,0.3908,46.5,,31.3,2024.0,80.58,,0
Volvo,SUV,LFP,FWD,91.0,50005.0,3.9,3.19,0.01647,0.5784,25.9,33.8,45.5,2022.0,95.54,27.31,0
Hyundai,SUV,LFP,RWD,39.0,22152.0,4.06,0.2,0.00599,0.6129,20.1,0.6,,2022.0,98.19,,0
Tesla,Van,NCA,RWD,571.0,232484.0,9.18,32.68,0.03338,0.5661,79.6,38.0,79.9,2017.0,83.18,45.38,1
Ford,Truck,NMC,FWD,176.0,74738.0,7.74,3.64,0.0133,0.4097,45.6,0.0,31.7,2018.0,,34.81,0
Kia,Sedan,LFP,AWD,685.0,219380.0,7.94,,0.01542,0.7606,32.3,55.2,83.1,,62.28,55.59,0
BYD,SUV,NMC,AWD,746.0,332508.0,9.65,40.5,0.03757,0.7988,83.8,78.5,110.6,,90.8,51.19,1
Renault,Hatchback,NMC,FWD,341.0,117771.0,8.23,17.83,0.01399,,51.8,37.2,54.5,2018.0,67.64,,0
Kia,Hatchback,NMC,RWD,729.0,,4.9,33.48,0.02453,0.6589,59.7,49.7,,2021.0,52.33,44.23,1
Ford,Crossover,,,665.0,206726.0,8.06,27.55,0.02305,0.571,67.6,44.0,86.4,2018.0,69.03,32.27,1
Audi,SUV,NMC,FWD,640.0,246670.0,9.76,30.59,0.02742,0.6228,65.6,49.5,85.1,2016.0,85.28,42.82,1
Volkswagen,Crossover,NMC,FWD,934.0,341116.0,7.94,42.16,0.03882,0.7337,67.1,60.2,136.4,2018.0,67.32,58.84,1
Ford,SUV,LFP,AWD,,146523.0,5.97,5.49,0.01554,0.6395,18.1,43.2,79.3,2020.0,94.36,,0
Ford,Sedan,LFP,RWD,100.0,49255.0,3.05,7.4,0.01635,0.6605,22.1,47.7,54.2,2023.0,62.95,42.25,0
BMW,Hatchback,,FWD,1423.0,328343.0,7.83,,0.04594,1.0749,90.8,86.9,138.6,2018.0,46.82,26.52,1
Kia,Hatchback,NMC,FWD,505.0,143808.0,7.87,25.67,0.0262,0.5912,53.3,15.8,57.0,2018.0,56.32,20.2,0
Kia,Hatchback,NMC,FWD,812.0,191214.0,10.83,33.63,0.03098,0.6584,,38.8,56.5,2015.0,47.84,42.31,1
Hyundai,Crossover,NMC,FWD,571.0,227699.0,9.05,37.56,0.02929,0.7554,72.1,71.6,80.2,2017.0,,49.54,1
Tesla,Crossover,NCA,FWD,4.0,17248.0,4.65,0.2,0.00928,0.3113,,7.3,11.0,2021.0,81.73,21.82,0
Honda,SUV,NMC,FWD,347.0,154509.0,9.9,14.45,0.02301,0.5052,52.3,1.3,52.2,2016.0,80.39,34.93,0
Hyundai,Crossover,NMC,FWD,593.0,191299.0,,29.41,0.03219,0.6184,56.6,20.9,75.1,2017.0,56.77,40.76,1
Tesla,Hatchback,NMC,FWD,1081.0,181268.0,4.79,45.96,0.03685,0.7312,70.5,59.0,125.0,2021.0,34.75,67.24,1
Kia,Sedan,NMC,,286.0,113635.0,,12.7,,0.4326,48.8,29.4,58.6,2020.0,75.64,49.17,0
,Sedan,,RWD,1094.0,355612.0,8.96,46.43,0.03307,0.8199,55.1,66.1,127.3,2017.0,69.19,54.42,1
BYD,Crossover,LFP,FWD,,160794.0,7.97,4.48,0.01746,0.585,24.8,25.9,69.8,2018.0,72.37,32.75,0
Tesla,SUV,NMC,RWD,90.0,2023.0,6.84,5.09,0.01617,0.3751,48.9,,3.0,2019.0,82.53,48.11,0
Honda,Van,NMC,AWD,332.0,117346.0,10.17,26.02,0.0266,0.5938,64.3,52.8,42.6,2016.0,76.6,45.52,1
Volvo,Crossover,NMC,FWD,221.0,58909.0,4.95,11.59,0.01899,0.5087,53.6,24.4,30.5,2021.0,68.2,34.26,0
Tesla,Sedan,NCA,FWD,,395987.0,11.06,55.51,0.03789,0.7254,81.8,64.1,118.3,2015.0,57.55,57.31,1
Rivian,SUV,NMC,AWD,115.0,39210.0,,6.63,0.00933,0.4262,55.2,27.4,31.0,2022.0,84.76,33.15,0
Mercedes,SUV,NMC,RWD,733.0,382194.0,11.0,32.71,0.0285,0.6236,63.0,49.8,113.3,2015.0,104.24,55.17,1
Ford,Sedan,LFP,RWD,144.0,38517.0,2.02,7.63,0.01692,0.5543,27.6,63.1,41.6,2024.0,68.19,58.65,0
GM,Truck,NMC,RWD,104.0,,7.1,3.23,0.00956,0.3974,50.2,23.9,41.4,2019.0,124.24,48.42,0
Audi,SUV,NMC,FWD,498.0,292847.0,10.95,25.63,0.03274,0.6047,,53.5,90.9,2015.0,100.05,57.65,1
BMW,SUV,NMC,FWD,117.0,,2.86,18.86,0.01959,0.6737,66.1,81.5,3.0,2023.0,92.91,17.54,0
Toyota,Sedan,LFP,RWD,973.0,314987.0,7.87,22.12,0.01876,0.9441,40.0,66.2,128.0,2018.0,63.48,32.47,1
Honda,SUV,NMC,RWD,423.0,164716.0,6.09,22.03,0.02052,0.5824,52.8,15.0,96.8,,82.74,25.18,0
Tata,Crossover,NMC,AWD,614.0,237431.0,8.76,34.48,0.03499,0.6556,66.7,38.8,90.7,,74.3,34.83,1
Lucid,SUV,NMC,AWD,784.0,327187.0,8.92,36.49,0.03089,0.6948,83.4,42.4,123.3,2017.0,83.8,41.89,1
GM,Sedan,LFP,FWD,326.0,89577.0,4.93,2.64,0.00951,0.5814,14.6,14.2,56.1,2021.0,66.65,31.17,0
BMW,SUV,NMC,RWD,811.0,383990.0,10.14,43.75,0.04066,0.792,66.0,64.3,126.4,2016.0,86.91,51.75,1
Nissan,SUV,LMO,FWD,85.0,34781.0,2.97,7.3,0.01036,0.4976,41.4,10.4,,2023.0,95.46,32.53,0
Mercedes,SUV,NMC,AWD,82.0,,4.81,,0.01209,0.4611,59.7,52.6,3.0,2021.0,94.0,40.53,0
Tesla,Sedan,NMC,AWD,268.0,108576.0,8.91,11.34,0.01898,0.4687,51.3,33.1,41.3,,73.06,40.59,0
GM,SUV,NMC,FWD,1.0,14355.0,,2.45,0.001,0.3452,52.9,45.5,7.5,2022.0,95.32,53.8,0
Audi,SUV,NCA,AWD,257.0,,,22.96,0.01962,0.6106,83.8,36.1,46.3,2019.0,94.03,15.06,0
GM,Crossover,NMC,FWD,776.0,314571.0,11.0,33.05,0.03107,,63.9,71.5,92.6,2015.0,73.31,67.47,1
GM,Sedan,NMC,RWD,1004.0,303558.0,10.94,37.09,,0.6759,66.4,0.0,93.8,2015.0,62.59,18.76,1
Hyundai,Sedan,NMC,RWD,223.0,63983.0,5.96,16.92,0.02017,0.5993,67.6,30.4,32.9,2020.0,62.74,36.8,0
BYD,Sedan,NMC,FWD,697.0,187176.0,10.8,35.95,0.03216,0.7564,80.0,33.1,58.8,2015.0,55.53,33.32,1
Volkswagen,Hatchback,NMC,FWD,846.0,238643.0,6.82,43.55,0.03102,0.7983,76.3,92.7,115.4,2019.0,59.64,29.65,1
GM,Hatchback,NMC,FWD,1.0,500.0,2.91,2.68,0.00728,0.3727,57.0,40.9,6.8,2023.0,43.2,45.61,0
MG,Van,NMC,FWD,117.0,23303.0,1.94,6.0,,0.3934,51.7,20.5,40.0,2024.0,79.47,33.2,0
Toyota,Van,LFP,AWD,181.0,67707.0,2.07,5.3,0.01169,0.6427,18.8,54.1,136.9,2024.0,87.33,46.01,0
Kia,Sedan,NMC,FWD,6.0,8918.0,11.14,0.2,0.01574,0.3942,48.0,57.3,3.0,2015.0,83.65,47.75,0
Volvo,Sedan,NMC,FWD,567.0,151535.0,2.76,21.49,0.02006,0.566,58.9,42.8,,2023.0,55.84,42.09,0
Hyundai,Hatchback,NMC,RWD,997.0,229515.0,7.12,43.25,0.03234,0.7902,83.2,45.1,102.2,2019.0,43.67,22.63,1
GM,Sedan,NMC,AWD,99.0,45723.0,10.97,4.93,0.01389,0.4919,59.7,30.7,15.7,2015.0,57.6,26.84,0
BYD,SUV,NMC,FWD,330.0,182030.0,10.67,28.69,0.0298,0.7359,69.8,96.3,58.5,2015.0,94.97,23.58,1
Tesla,SUV,NCA,FWD,174.0,74164.0,5.99,12.18,0.01967,0.4389,,48.3,37.9,2020.0,86.38,62.58,0
BMW,Hatchback,NMC,FWD,1007.0,220078.0,7.2,43.83,,0.765,71.9,41.0,99.2,2019.0,41.95,34.52,1
,Truck,NMC,FWD,368.0,244142.0,8.92,18.0,0.02207,0.5679,54.8,36.3,92.1,2017.0,125.24,28.66,0
Volkswagen,Sedan,NMC,RWD,431.0,205916.0,10.99,23.66,0.02114,0.5974,54.8,45.7,62.7,2015.0,84.13,33.18,1
Honda,SUV,NMC,RWD,,390884.0,10.88,38.97,0.0306,0.7473,66.1,67.6,122.3,2015.0,86.71,,1
Nissan,SUV,LMO,FWD,453.0,187117.0,,46.09,0.03168,0.8051,54.9,36.6,101.7,2020.0,81.34,30.69,1
GM,SUV,LFP,RWD,303.0,62421.0,5.83,4.12,0.01973,0.661,,,33.3,2020.0,85.12,43.04,0
Hyundai,Truck,NMC,AWD,56.0,63699.0,2.02,0.2,0.01084,0.4039,42.4,40.5,125.0,2024.0,,51.94,0
BMW,Sedan,NMC,AWD,1.0,25461.0,1.96,0.2,0.00853,0.4389,40.6,,52.7,2024.0,76.82,56.31,0
Mercedes,Hatchback,NMC,FWD,1098.0,226725.0,7.07,42.58,0.03377,0.7184,65.7,82.4,110.0,2019.0,38.36,78.15,1
Toyota,SUV,NMC,AWD,325.0,,,18.21,0.0217,0.5402,62.4,9.7,42.4,2015.0,102.21,26.1,1
Mercedes,Crossover,,FWD,507.0,157141.0,7.22,32.16,0.02546,0.722,80.6,73.4,75.0,,75.51,35.47,1
BMW,Sedan,NMC,FWD,48.0,,9.85,1.09,0.00651,0.4305,45.8,50.3,3.0,2016.0,55.42,48.15,0
Nissan,Crossover,NMC,AWD,507.0,195833.0,8.94,21.48,0.02892,0.5738,59.7,12.3,65.6,2017.0,,37.39,0
Mahindra,Van,NMC,FWD,396.0,163233.0,10.88,23.15,0.02447,0.6587,64.8,66.1,49.6,2015.0,74.97,51.96,0
Nissan,Crossover,LMO,FWD,711.0,182069.0,9.78,56.81,0.03568,0.974,61.7,26.7,60.7,2016.0,53.25,18.62,0
Rivian,SUV,NCA,FWD,358.0,208361.0,5.91,32.32,0.02391,0.6535,94.1,77.0,115.9,2020.0,103.62,24.84,1
Volvo,Sedan,NMC,RWD,1304.0,342620.0,7.07,,0.03015,,71.8,53.6,158.4,2019.0,54.97,31.38,1
Volvo,Sedan,NMC,FWD,695.0,217233.0,10.27,32.37,0.02492,0.6953,65.0,45.8,66.1,2016.0,61.28,29.59,1
Toyota,Sedan,NMC,RWD,,71868.0,5.07,11.48,0.01349,0.5265,75.5,52.8,38.6,2021.0,74.23,38.87,0
BYD,Hatchback,LFP,FWD,228.0,28237.0,3.14,0.2,0.01226,0.5229,14.6,0.0,34.0,2023.0,44.21,23.3,0
Tesla,Sedan,NCA,RWD,761.0,223832.0,10.87,38.32,0.03572,0.5745,82.4,8.9,65.8,,55.12,33.21,0
GM,SUV,NMC,AWD,609.0,268443.0,10.88,29.69,0.03064,0.6976,71.9,71.0,79.0,2015.0,89.38,54.84,1
Rivian,SUV,NCA,AWD,579.0,272922.0,7.07,35.47,0.03563,0.5467,81.7,57.9,130.0,2019.0,98.1,41.71,1
Volkswagen,Sedan,NMC,RWD,115.0,38633.0,5.87,3.1,0.00995,0.3766,,31.2,24.8,2020.0,62.91,39.72,0
MG,Sedan,NMC,RWD,1374.0,439270.0,10.11,50.14,0.04029,0.8253,68.2,69.8,147.1,2016.0,64.53,49.55,1
Volkswagen,Hatchback,NMC,AWD,35.0,14269.0,4.07,0.2,0.00705,0.3408,44.2,15.6,7.9,,45.56,19.42,0
Hyundai,SUV,NMC,AWD,437.0,226556.0,9.91,21.1,0.01729,0.5456,61.6,26.3,74.5,2016.0,93.15,28.3,0
Nissan,SUV,NMC,AWD,63.0,29574.0,2.91,6.19,0.01027,0.4877,49.4,50.9,42.2,2023.0,90.07,43.79,0
Tesla,SUV,,AWD,352.0,133885.0,5.91,34.89,0.03299,0.6705,91.2,92.4,79.3,2020.0,83.09,,1
BMW,Hatchback,NMC,AWD,803.0,177885.0,8.35,40.35,0.03706,0.6414,71.9,42.0,66.3,2018.0,44.1,41.9,1
Mercedes,Van,NCA,RWD,502.0,221501.0,6.86,34.71,0.02333,0.5665,72.4,36.3,104.6,2019.0,90.93,,1
Renault,Sedan,LMO,FWD,40.0,22888.0,,5.41,0.01281,0.5364,48.8,22.3,25.9,2021.0,70.0,14.01,0
Tata,Truck,LFP,FWD,472.0,282574.0,9.91,2.74,0.01477,0.5923,25.4,51.6,92.0,2016.0,118.37,50.24,0
Nissan,Sedan,NMC,RWD,199.0,69954.0,5.98,12.86,0.01946,0.51,50.8,,40.0,2020.0,59.37,,0
Volkswagen,Hatchback,NMC,AWD,992.0,173562.0,3.98,42.34,0.03238,0.6622,64.8,68.6,147.4,2022.0,38.18,46.31,1
Toyota,Van,NMC,AWD,779.0,238869.0,,38.57,0.02722,0.7244,58.4,47.6,107.5,2019.0,,36.49,1
,SUV,NMC,RWD,648.0,284944.0,9.01,38.26,0.03608,0.7546,84.8,100.0,104.4,2017.0,88.73,60.32,1
Audi,Truck,NMC,FWD,291.0,89216.0,3.82,,0.01699,0.4317,58.8,23.9,80.8,2022.0,107.67,46.01,0
Tata,Crossover,LFP,FWD,1.0,,9.96,0.2,0.00857,0.5444,19.0,34.1,3.0,2016.0,64.51,40.38,0
Mercedes,Hatchback,NMC,FWD,1439.0,341375.0,,49.03,0.03593,0.7704,82.0,37.5,101.6,2015.0,45.54,37.04,1
Audi,SUV,NMC,FWD,599.0,301566.0,10.92,,0.02884,0.6932,64.3,71.0,90.8,2015.0,95.26,33.95,1
GM,Van,NMC,RWD,75.0,73727.0,5.06,4.0,0.00893,0.4351,,44.6,49.2,2021.0,,56.66,0
Mercedes,Crossover,,FWD,,169647.0,5.13,21.47,0.02705,0.6122,62.8,43.4,113.1,2021.0,78.45,46.23,0
,Truck,NCA,RWD,181.0,91211.0,3.14,20.88,0.01748,0.578,78.3,90.4,99.0,2023.0,114.17,41.1,1
Volkswagen,Sedan,NMC,AWD,1046.0,330402.0,9.96,46.85,0.0348,0.8189,72.6,44.4,,2016.0,,26.23,1
Volvo,Sedan,NMC,AWD,1005.0,313866.0,8.92,44.44,0.03586,0.7816,64.7,40.3,118.4,2017.0,61.64,62.56,1
Renault,SUV,,AWD,325.0,131230.0,10.94,34.85,0.02985,,55.4,35.4,37.8,2015.0,83.21,46.81,1
Audi,Sedan,NMC,AWD,572.0,131354.0,5.02,28.52,0.03148,0.7395,73.4,51.6,99.9,2021.0,55.21,33.0,1
Audi,Sedan,NMC,FWD,172.0,49273.0,8.15,9.58,0.0155,0.5666,58.3,51.9,24.7,2018.0,45.11,54.4,1
Renault,Crossover,NMC,AWD,234.0,68896.0,4.9,11.18,0.02397,0.4828,51.0,13.8,38.2,2021.0,63.42,32.5,0
Nissan,Crossover,NMC,FWD,196.0,88196.0,8.95,15.51,0.02161,0.5771,68.8,36.6,31.6,2017.0,65.83,36.97,0
BMW,Sedan,NMC,FWD,1234.0,423006.0,11.11,47.67,0.0442,0.7576,70.5,20.2,125.3,2015.0,67.73,24.52,1
Hyundai,Van,NMC,RWD,8.0,,2.95,0.2,,0.3928,53.6,15.8,3.0,2023.0,107.3,27.64,0
Tesla,Hatchback,NCA,AWD,742.0,194759.0,11.22,42.54,0.03749,0.6195,75.2,55.7,56.6,2015.0,52.16,47.31,1
Nissan,Hatchback,LMO,AWD,615.0,124672.0,6.0,50.77,0.03573,0.8694,71.6,75.8,76.0,2020.0,41.91,67.42,1
Volvo,Hatchback,NMC,AWD,1005.0,305727.0,9.81,41.58,0.03394,0.7499,62.9,53.7,105.5,2016.0,56.54,26.43,1
Hyundai,SUV,NMC,FWD,479.0,203194.0,8.04,28.21,0.02663,0.6291,55.8,56.9,83.5,2018.0,81.51,24.74,1
Volkswagen,Sedan,LFP,AWD,373.0,149819.0,5.12,3.25,0.00606,0.6698,22.2,43.0,90.7,2021.0,75.79,38.11,0
Tesla,SUV,NCA,AWD,109.0,26973.0,10.03,6.27,0.01368,0.3746,65.8,14.8,12.3,2016.0,84.1,35.34,0
Hyundai,Hatchback,NMC,RWD,1209.0,325490.0,,52.6,0.03878,0.8041,70.1,28.3,122.6,2017.0,56.63,36.18,1
,Hatchback,NMC,RWD,245.0,39010.0,1.89,11.11,0.01376,,48.8,38.0,66.6,2024.0,34.21,50.78,0
Audi,Truck,NMC,FWD,1.0,22873.0,1.91,0.3,0.01079,0.3865,44.5,41.8,42.1,2024.0,114.86,42.63,0
Renault,Hatchback,,RWD,59.0,6647.0,5.9,5.46,0.01414,0.5064,38.5,16.3,3.7,2020.0,56.59,13.22,0
GM,Crossover,NMC,RWD,1146.0,446971.0,11.14,45.46,0.0314,0.7366,60.5,25.3,136.5,2015.0,82.08,16.31,1
Hyundai,SUV,NMC,FWD,,223819.0,10.28,,0.0218,0.6014,59.9,7.5,67.3,2016.0,78.5,42.87,0
Renault,Crossover,NMC,AWD,120.0,63813.0,10.17,3.72,0.01588,0.4212,50.6,26.7,18.9,2016.0,69.49,46.52,0
Volkswagen,Hatchback,NMC,,1068.0,259954.0,11.18,48.9,0.04153,0.8359,83.4,67.3,77.2,2015.0,45.46,24.36,1
Nissan,Hatchback,NMC,FWD,1518.0,414969.0,,51.75,0.03589,0.7975,68.5,,125.5,2015.0,52.98,25.7,1
Mercedes,Hatchback,NMC,RWD,1938.0,367080.0,10.08,58.26,0.04863,0.8598,61.7,46.7,123.8,2016.0,36.66,33.65,1
,Crossover,LFP,AWD,750.0,275364.0,8.21,9.62,0.02443,0.602,26.1,35.6,110.8,2018.0,83.25,41.95,0
Ford,Crossover,NMC,RWD,938.0,337119.0,10.32,37.92,0.03347,0.7265,67.1,26.3,107.2,2016.0,67.66,36.55,1
Rivian,Crossover,NMC,RWD,139.0,46480.0,7.84,9.44,0.0149,0.4489,53.6,49.2,21.2,2018.0,67.96,53.86,0
Tata,Hatchback,LFP,FWD,662.0,,,10.08,0.01981,0.6444,25.2,53.5,86.4,2020.0,57.97,38.89,0
Nissan,SUV,LMO,,558.0,261963.0,10.92,53.25,0.03352,1.0365,77.8,78.7,81.2,2015.0,90.52,59.89,1
,SUV,LFP,AWD,387.0,144654.0,11.16,13.73,0.03046,0.7282,35.8,36.8,39.4,,74.96,40.22,1
BYD,Sedan,NMC,AWD,860.0,262250.0,8.06,35.76,0.02782,0.7334,59.6,15.9,105.8,2018.0,62.44,21.78,1
MG,Hatchback,NMC,RWD,1190.0,307481.0,9.93,46.01,0.03408,0.8443,69.7,91.1,104.0,2016.0,49.85,66.22,1
Tesla,Hatchback,NCA,FWD,983.0,320412.0,7.9,51.87,0.04002,0.7687,98.5,71.2,133.1,2018.0,63.73,46.37,1
Tesla,Truck,NCA,FWD,675.0,415644.0,8.94,43.39,0.0319,0.6272,74.6,25.7,155.9,2017.0,121.85,17.21,1
Kia,Crossover,NMC,FWD,1415.0,412554.0,10.91,49.26,0.03558,0.7735,71.2,37.3,127.7,2015.0,,30.99,1
Hyundai,Hatchback,NMC,AWD,824.0,138058.0,8.94,33.85,0.0295,0.6402,63.6,44.1,50.8,2017.0,33.22,,1
Hyundai,SUV,NMC,FWD,851.0,388056.0,10.3,38.77,0.04276,0.7411,67.7,41.5,125.0,,96.59,40.34,1
Tesla,Sedan,NMC,RWD,1069.0,399308.0,10.83,48.51,0.03968,0.9143,81.3,89.7,122.2,2015.0,71.69,55.01,1
GM,Crossover,NMC,RWD,621.0,210915.0,7.21,33.48,0.02407,0.7342,80.6,45.9,94.2,2019.0,67.06,27.38,1
Renault,SUV,LMO,RWD,282.0,129300.0,3.85,32.68,0.02748,0.7384,54.2,63.9,106.6,2022.0,103.61,56.4,0
Tata,,NMC,FWD,640.0,,10.87,34.4,0.0293,0.6699,63.2,45.5,106.2,2015.0,88.58,45.95,1
Tesla,Hatchback,NCA,AWD,286.0,70611.0,6.95,19.99,0.02315,0.4583,75.1,28.2,29.8,2019.0,53.51,44.02,1
Hyundai,Hatchback,NMC,AWD,77.0,21314.0,4.87,0.2,0.01121,0.3811,44.2,33.4,12.6,2021.0,46.11,45.77,0
Tesla,SUV,NMC,AWD,600.0,235631.0,8.82,27.13,0.02385,0.5513,52.0,48.9,,2017.0,87.93,39.52,1
Rivian,Hatchback,NCA,AWD,694.0,171003.0,10.88,40.66,0.02738,0.6614,88.1,30.1,52.4,2015.0,49.11,36.47,0
Mercedes,Sedan,NMC,AWD,844.0,272227.0,8.05,40.25,0.03226,0.7221,60.0,50.8,107.4,,61.97,45.95,1
Tesla,SUV,NCA,RWD,136.0,37997.0,4.02,4.3,0.0101,0.3511,64.3,31.7,28.5,2022.0,94.01,45.22,0
BYD,Hatchback,LFP,FWD,379.0,114802.0,9.05,0.2,0.01066,0.5583,10.4,0.0,,2017.0,58.62,22.39,0
Kia,Crossover,NMC,FWD,161.0,53757.0,2.19,8.79,0.01494,0.4503,,42.9,78.0,2024.0,67.41,39.61,0
Audi,Hatchback,NMC,RWD,280.0,56384.0,3.97,13.77,0.01558,0.4646,51.1,24.5,47.6,2022.0,40.13,43.55,0
Honda,Sedan,NMC,FWD,203.0,63387.0,5.92,10.66,0.01019,0.502,43.2,11.3,37.4,2020.0,58.15,30.31,0
GM,Hatchback,LFP,AWD,1496.0,290715.0,9.98,23.46,0.01941,0.8632,43.5,57.5,97.7,2016.0,37.23,47.95,1
BMW,Hatchback,NMC,AWD,1717.0,387621.0,9.1,58.4,0.03908,0.8907,72.4,66.9,143.4,2017.0,44.35,56.95,1
Honda,Sedan,NMC,RWD,83.0,32618.0,2.95,8.18,0.01716,0.4269,56.7,22.5,34.9,2023.0,63.73,44.05,0
Audi,Crossover,NMC,AWD,356.0,124584.0,6.89,17.74,0.02592,0.5093,54.6,29.7,62.0,2019.0,69.65,35.66,0
Ford,Crossover,LFP,FWD,190.0,77617.0,3.01,0.55,0.01444,0.5378,32.6,42.8,96.8,2023.0,68.31,43.58,0
Nissan,SUV,NMC,FWD,44.0,500.0,2.12,0.2,0.00782,0.3134,47.2,0.0,8.6,2024.0,84.77,18.71,0
Kia,Sedan,NMC,FWD,658.0,206480.0,9.06,23.3,0.01843,0.5767,50.4,20.6,74.0,2017.0,65.86,50.72,0
Nissan,Truck,LMO,AWD,250.0,152154.0,6.14,31.33,0.02839,0.7504,58.6,59.1,,2020.0,119.04,49.28,1
Hyundai,Crossover,NMC,RWD,89.0,56580.0,10.95,4.32,0.00516,0.4299,46.7,37.6,17.9,2015.0,66.93,31.17,0
Renault,Sedan,LMO,AWD,116.0,30792.0,1.86,15.69,0.01671,,56.9,24.4,53.8,2024.0,85.57,27.86,0
BYD,Hatchback,NMC,FWD,1526.0,310384.0,7.76,62.46,0.04243,0.9953,95.7,100.0,136.9,2018.0,40.53,49.98,1
Nissan,Sedan,LMO,AWD,406.0,98209.0,9.03,43.35,0.03167,0.8935,58.4,62.6,40.1,2017.0,50.09,42.69,1
Tesla,,NCA,FWD,637.0,297851.0,8.78,37.9,0.035,0.577,74.9,,110.4,,91.5,35.73,1
Renault,SUV,NMC,FWD,66.0,29176.0,4.89,3.39,,0.4592,43.2,11.6,24.1,2021.0,92.58,17.41,0
Tesla,Van,NCA,FWD,374.0,114598.0,3.25,32.35,0.02992,,86.6,61.8,109.5,2023.0,80.04,34.04,1
Mahindra,Crossover,LFP,RWD,382.0,99802.0,7.09,3.27,,0.6136,15.9,12.8,46.9,2019.0,82.08,25.83,0
Tata,SUV,LFP,RWD,231.0,110133.0,7.92,4.13,0.01324,0.611,11.9,47.1,44.3,2018.0,90.88,44.94,0
Volkswagen,SUV,NMC,FWD,84.0,27094.0,3.96,5.94,0.01188,0.4389,54.1,51.7,33.5,2022.0,91.3,52.69,0
Kia,Crossover,NMC,FWD,227.0,97987.0,2.98,10.04,0.01194,0.4843,43.2,32.6,107.0,2023.0,88.35,37.77,0
Renault,SUV,LMO,FWD,438.0,221066.0,9.24,42.16,0.0324,,76.4,29.8,76.1,2017.0,102.99,18.37,1
Audi,Hatchback,NCA,RWD,273.0,57562.0,1.9,25.69,0.02406,0.5961,83.5,73.9,95.6,2024.0,48.62,34.43,0
MG,Van,NMC,FWD,792.0,290783.0,11.24,41.28,0.03924,0.783,83.2,63.0,87.8,2015.0,78.27,28.53,1
Ford,Crossover,NMC,RWD,1104.0,450000.0,9.9,44.09,0.03084,0.7582,58.4,85.1,166.1,,78.66,53.93,1
Hyundai,SUV,LFP,RWD,531.0,229806.0,,5.72,0.0138,0.6031,25.2,,90.8,2018.0,97.78,39.96,0
Kia,Hatchback,LFP,RWD,348.0,118880.0,9.28,3.76,0.02021,0.6366,24.4,30.0,43.6,2017.0,48.35,39.26,0
Tesla,Sedan,NCA,RWD,506.0,185594.0,8.8,35.97,0.03654,,78.6,76.1,75.7,2017.0,71.25,55.62,1
Tata,Crossover,LTO,AWD,486.0,128675.0,8.93,12.66,,0.3609,24.5,100.0,47.3,2017.0,64.03,53.7,0
Toyota,Hatchback,NMC,AWD,475.0,142061.0,4.07,25.23,0.02724,0.6057,71.8,57.5,121.7,2022.0,56.47,44.27,1
Toyota,,NMC,RWD,1402.0,409079.0,10.02,51.65,0.04242,0.8231,64.7,37.2,132.9,2016.0,57.16,28.33,1
Hyundai,SUV,NMC,FWD,134.0,83108.0,3.75,9.14,0.01332,0.5164,52.8,10.1,66.2,2022.0,92.72,13.78,0
BYD,SUV,LFP,FWD,164.0,84228.0,5.96,1.55,0.00974,0.5663,22.2,14.6,40.3,2020.0,85.22,35.74,0
Tesla,Truck,NCA,AWD,268.0,160566.0,5.8,15.13,0.01879,0.486,62.3,63.0,105.9,2020.0,132.66,57.5,0
Tesla,SUV,NMC,FWD,344.0,,5.02,24.37,0.02212,0.5979,70.3,,116.5,2021.0,99.08,38.85,1
BYD,Sedan,LFP,RWD,620.0,185114.0,9.99,8.07,0.02548,0.6837,25.2,6.1,68.3,2016.0,53.2,15.47,0
Kia,Truck,NMC,FWD,679.0,450000.0,10.35,32.4,0.02516,0.7446,66.7,41.6,147.2,2016.0,124.1,35.45,1
Mahindra,,NMC,FWD,198.0,89941.0,8.13,14.07,0.01734,0.457,53.4,42.9,41.3,2018.0,63.08,43.47,0
Rivian,Hatchback,NMC,FWD,715.0,222086.0,10.16,34.85,0.02582,0.6861,67.3,,71.8,2016.0,62.96,,1
Rivian,Sedan,NMC,RWD,363.0,117690.0,6.81,22.34,0.0217,0.5608,,38.0,59.2,2019.0,63.64,27.35,0
Renault,Sedan,NMC,RWD,464.0,130736.0,7.92,29.19,0.02858,0.735,78.2,60.7,61.3,2018.0,58.66,47.03,1
BYD,Hatchback,NMC,AWD,130.0,42219.0,5.82,10.35,0.01604,0.4499,51.7,23.5,23.1,2020.0,43.2,22.05,0
Volkswagen,SUV,LFP,RWD,232.0,109810.0,5.06,6.34,0.01422,0.6673,24.9,36.3,69.1,2021.0,86.18,50.17,0
Nissan,Van,LMO,FWD,107.0,40701.0,1.94,12.3,0.01538,0.6055,46.1,9.9,56.0,2024.0,86.7,31.32,0
Tesla,SUV,NCA,AWD,593.0,309083.0,8.63,36.16,0.03397,0.5962,76.6,44.8,122.4,2017.0,106.56,31.23,1
Toyota,Crossover,NMC,AWD,1049.0,396921.0,10.53,47.04,0.03087,0.8077,73.6,27.3,123.1,2015.0,72.32,25.89,1
GM,Hatchback,NMC,AWD,1525.0,247120.0,8.29,45.63,0.02691,0.6949,56.7,13.5,98.4,2018.0,33.7,29.57,0
Audi,Hatchback,NMC,RWD,112.0,36691.0,3.05,5.49,0.01517,0.4607,56.0,25.0,35.4,2023.0,40.14,41.6,0
Tesla,SUV,NMC,RWD,139.0,66676.0,5.96,3.39,0.00931,0.3967,43.5,17.2,38.3,2020.0,92.32,43.8,0
Hyundai,SUV,NMC,,487.0,247836.0,9.12,26.45,0.02655,0.603,59.3,41.6,90.3,,90.57,50.82,0
Honda,Hatchback,NMC,FWD,566.0,126394.0,8.74,20.31,0.01623,0.5356,53.5,10.9,48.4,2017.0,42.89,17.05,0
Kia,Sedan,NMC,RWD,453.0,164912.0,9.6,24.82,0.02565,0.6369,79.1,81.3,54.1,,72.26,33.77,1
Toyota,SUV,LFP,RWD,65.0,24102.0,1.9,0.2,0.01023,0.5866,13.9,45.9,61.1,2024.0,98.43,39.94,0
Nissan,Sedan,LMO,FWD,141.0,42808.0,,12.78,0.01662,0.5206,46.2,6.2,24.9,,63.72,,0
Nissan,Van,NMC,AWD,470.0,205350.0,9.03,22.27,0.02942,,,12.5,81.1,2017.0,91.71,28.4,1
BMW,Crossover,NMC,FWD,981.0,358900.0,9.09,42.01,0.03384,0.8034,71.4,54.5,129.5,2017.0,,37.59,1
Nissan,Hatchback,NMC,RWD,1325.0,241343.0,8.17,51.33,0.04256,0.7967,68.7,42.8,100.5,2018.0,37.46,32.14,1
Mercedes,Crossover,NMC,FWD,543.0,239911.0,11.11,44.17,,0.8904,75.7,100.0,72.2,2015.0,79.98,31.4,1
Kia,Sedan,NMC,FWD,1404.0,403366.0,10.87,57.44,0.04156,0.9708,82.8,100.0,124.1,2015.0,52.98,44.95,1
Renault,SUV,NMC,FWD,806.0,341964.0,10.99,46.17,0.03085,0.8576,81.2,87.1,101.1,2015.0,86.85,41.72,1
BYD,Hatchback,LFP,AWD,405.0,103194.0,8.94,7.37,0.01173,0.656,25.4,20.6,38.8,2017.0,53.27,28.53,0
MG,Sedan,NMC,FWD,327.0,69082.0,5.84,16.95,0.01923,0.5285,56.9,18.9,33.1,2020.0,,24.73,0
Tesla,Crossover,NCA,AWD,191.0,64763.0,2.41,15.23,0.01381,0.4365,76.2,52.4,80.6,2023.0,57.81,30.8,0
Honda,Hatchback,NMC,RWD,1752.0,412910.0,11.02,58.82,0.0357,0.8716,77.8,31.0,123.1,2015.0,46.63,31.89,1
Honda,Crossover,NMC,FWD,173.0,,3.9,9.1,0.01513,,52.7,18.4,59.9,2022.0,76.76,45.58,0
Mercedes,Crossover,NMC,FWD,1003.0,398651.0,,42.6,0.03158,0.6766,64.6,69.2,122.0,2015.0,78.39,53.0,1
Honda,Crossover,NMC,FWD,775.0,287940.0,8.03,35.32,0.02954,0.7317,64.8,55.3,118.6,2018.0,65.66,60.16,1
Hyundai,Sedan,NMC,RWD,771.0,249983.0,10.0,27.78,0.02149,0.6495,65.8,16.7,84.0,2016.0,60.67,24.02,1
Tata,Hatchback,NMC,FWD,634.0,138778.0,5.12,36.98,0.03196,0.6892,68.3,60.8,85.4,2021.0,46.08,56.28,1
Mercedes,Crossover,NMC,AWD,479.0,230763.0,8.98,,0.02453,0.483,68.8,24.4,82.9,2017.0,91.13,22.31,1
Toyota,Sedan,NMC,FWD,1586.0,397128.0,11.33,58.6,0.04856,0.9415,91.2,61.7,112.8,2015.0,49.42,34.67,1
Tesla,Van,NCA,FWD,254.0,119654.0,11.17,17.26,0.02759,0.4715,70.9,9.8,33.7,2015.0,89.94,30.69,1
GM,Sedan,LFP,FWD,202.0,71961.0,7.92,5.81,0.00888,0.6435,35.4,64.6,30.3,2018.0,66.91,55.26,0
Toyota,SUV,LFP,RWD,1.0,8243.0,2.72,0.2,0.00782,0.5281,20.3,32.7,16.9,2023.0,89.85,37.26,0
BYD,Hatchback,LFP,RWD,1076.0,201153.0,9.79,21.94,0.03074,0.9458,34.6,68.2,68.8,2016.0,38.35,46.25,1
BYD,SUV,LFP,FWD,135.0,72076.0,5.08,9.35,0.01141,0.7394,41.4,37.1,52.9,2021.0,85.32,18.07,0
Tesla,Crossover,NCA,RWD,475.0,192432.0,6.13,36.35,0.03476,0.6105,79.0,53.3,110.1,2020.0,72.37,19.32,1
Toyota,SUV,NMC,FWD,195.0,97707.0,4.11,11.21,0.0175,0.4511,51.0,35.3,79.4,2022.0,83.19,38.6,0
Kia,Truck,NMC,FWD,599.0,340389.0,11.04,38.45,0.03485,0.7213,69.5,66.2,102.6,2015.0,119.43,49.39,1
BYD,Van,LFP,AWD,716.0,285260.0,8.19,18.26,0.02499,0.8739,41.9,88.8,114.7,2018.0,78.3,54.54,0
Renault,Crossover,NMC,FWD,917.0,265532.0,,44.87,0.03119,0.7632,80.0,56.2,118.4,2018.0,57.08,30.92,1
Nissan,SUV,NMC,FWD,524.0,241211.0,11.07,,,0.628,58.7,,72.6,2015.0,99.78,33.57,1
Toyota,Crossover,NMC,AWD,939.0,330183.0,10.9,46.42,0.03786,0.8067,71.8,32.6,104.9,2015.0,68.81,39.75,1
Kia,Hatchback,NMC,FWD,143.0,28079.0,2.24,,0.01275,0.4095,45.4,10.0,56.6,2024.0,39.69,36.3,0
Tesla,Sedan,NMC,RWD,242.0,61618.0,6.91,23.88,0.02265,,68.3,81.3,38.1,2019.0,59.82,,1
Nissan,Crossover,NMC,FWD,445.0,169114.0,9.18,,0.03433,0.5588,57.3,37.2,59.6,2017.0,71.13,51.55,0
Nissan,SUV,LMO,AWD,367.0,191482.0,9.87,38.72,0.03009,0.7677,46.1,74.1,63.9,2016.0,104.13,68.23,1
Kia,SUV,NMC,FWD,248.0,94371.0,6.87,10.65,0.01251,0.4709,53.5,44.1,50.7,2019.0,83.12,44.19,0
Mercedes,Hatchback,NMC,FWD,1.0,10018.0,8.0,,0.01072,0.4831,48.3,9.0,8.8,2018.0,56.23,37.3,0
BYD,Crossover,NMC,RWD,478.0,182518.0,10.15,27.2,0.02797,0.5948,80.4,44.7,62.8,2016.0,71.02,44.97,1
BYD,,LFP,AWD,272.0,171973.0,9.85,2.18,0.01301,0.5516,14.3,27.0,58.4,2016.0,93.09,40.26,0
Lucid,Hatchback,NCA,FWD,575.0,111608.0,5.06,31.63,0.02754,0.6127,80.7,19.4,77.4,2021.0,42.07,32.58,0
Audi,Sedan,NMC,FWD,387.0,116066.0,3.93,13.1,0.02065,0.4806,55.9,29.1,94.3,2022.0,73.74,43.41,0
Audi,Hatchback,NMC,RWD,418.0,95369.0,10.81,24.92,0.03727,0.5635,65.0,15.9,30.5,2015.0,61.92,,1
BMW,Hatchback,NMC,AWD,1072.0,295013.0,10.16,42.96,0.03278,0.7807,72.5,36.0,101.1,2016.0,53.84,42.88,1
Volvo,Truck,NMC,FWD,426.0,263139.0,10.85,19.61,0.01954,0.5663,53.3,58.6,83.8,2015.0,129.15,45.69,1
BMW,Sedan,NMC,FWD,235.0,38482.0,1.92,19.97,0.02446,0.5257,50.8,58.3,52.1,2024.0,59.34,30.41,1
Hyundai,Hatchback,NMC,FWD,874.0,198215.0,5.83,40.54,0.02677,0.719,67.5,59.6,117.6,2020.0,44.79,48.33,0
BYD,Crossover,LFP,RWD,440.0,148404.0,8.9,3.28,0.01201,0.6233,20.8,27.5,55.2,2017.0,65.48,39.86,0
Tata,Hatchback,LFP,FWD,2053.0,359600.0,9.93,30.76,,0.8782,31.2,34.6,117.4,2016.0,34.58,39.15,1
GM,Sedan,LFP,AWD,198.0,60442.0,8.0,4.2,0.01475,0.6023,23.1,21.8,24.8,2018.0,60.36,33.77,0
Audi,Sedan,NCA,AWD,198.0,47508.0,,13.69,0.01756,0.4293,66.7,51.9,23.4,2021.0,,30.5,0
Kia,SUV,LFP,FWD,558.0,,9.98,10.85,0.01531,,42.0,60.2,87.0,2016.0,90.6,48.64,0
BYD,SUV,LFP,RWD,993.0,409743.0,11.19,16.2,,0.7615,23.9,65.6,121.3,2015.0,81.52,25.25,1
Tesla,,NMC,AWD,201.0,53474.0,8.95,9.37,0.0169,0.4589,49.6,50.9,23.3,2017.0,92.39,37.28,0
Mahindra,SUV,LFP,FWD,226.0,92111.0,2.99,4.41,0.0107,0.533,15.5,39.7,108.3,2023.0,73.66,32.16,0
Tata,SUV,NMC,AWD,846.0,354928.0,10.15,,0.02794,0.6328,70.6,0.0,,2016.0,89.65,7.4,1
,SUV,NMC,AWD,,275155.0,7.94,32.57,0.02784,0.5984,62.7,78.0,114.5,2018.0,93.4,43.61,1
Volkswagen,Van,NMC,AWD,92.0,45480.0,9.05,5.94,0.01618,0.3949,48.7,47.3,13.6,2017.0,91.75,42.8,0
Nissan,Hatchback,NMC,FWD,731.0,176313.0,4.64,34.9,0.02766,0.6759,72.8,68.4,125.6,2021.0,49.39,61.07,0
Lucid,Hatchback,NCA,FWD,377.0,143462.0,4.83,37.91,0.03588,0.679,93.6,80.8,92.5,2021.0,66.01,32.28,1
GM,Hatchback,NMC,AWD,292.0,48840.0,4.95,16.55,0.02255,0.5674,71.9,29.6,31.8,2021.0,32.65,25.6,0
Tesla,Sedan,NCA,RWD,1485.0,404963.0,10.01,55.09,0.04224,0.7851,88.9,57.8,137.9,2016.0,,40.62,1
Tesla,Truck,NCA,AWD,,187949.0,6.85,25.16,0.01715,0.5217,83.9,63.8,90.2,2019.0,117.94,,1
Toyota,Hatchback,NMC,AWD,773.0,220172.0,10.98,34.65,0.03478,0.6661,57.8,41.6,67.6,2015.0,54.0,47.99,1
Mercedes,SUV,NCA,FWD,,,11.08,,,0.5874,65.0,44.3,83.2,2015.0,95.43,,1
Volkswagen,Sedan,NMC,FWD,819.0,296243.0,10.98,37.44,0.03617,0.7796,68.4,40.3,88.5,2015.0,71.36,39.71,1
BMW,Sedan,NMC,RWD,1310.0,366203.0,10.93,48.08,0.03699,0.7504,71.2,26.8,116.2,2015.0,57.38,28.09,1
Audi,Sedan,NMC,FWD,1171.0,334319.0,9.77,45.3,0.03174,0.749,71.8,28.2,116.2,,56.58,48.83,0
Nissan,Crossover,LMO,FWD,333.0,122133.0,8.96,38.31,0.03314,0.7677,56.0,22.4,53.0,2017.0,77.74,28.36,1
Tesla,Crossover,NCA,RWD,325.0,99332.0,8.88,20.32,0.02767,0.5083,71.0,21.2,39.6,2017.0,71.63,22.59,1
Volvo,Crossover,NMC,AWD,862.0,300402.0,8.93,42.16,0.03364,0.7889,,74.8,,2017.0,70.39,40.33,1
Renault,Hatchback,NMC,AWD,1158.0,,9.13,45.63,0.03333,0.774,73.9,19.2,125.1,2017.0,57.69,32.19,1
BYD,Crossover,LFP,FWD,250.0,75870.0,5.07,4.92,0.01353,0.6521,19.4,46.4,53.1,2021.0,68.98,49.55,0
Tesla,Hatchback,LFP,RWD,383.0,45392.0,3.16,6.27,0.01606,0.6417,27.1,56.2,55.3,2023.0,43.6,47.55,0
Rivian,Sedan,NMC,AWD,871.0,291540.0,11.03,31.01,0.02916,0.6615,59.1,34.7,89.3,2015.0,68.61,55.46,1
Renault,SUV,LMO,AWD,137.0,54055.0,7.91,14.79,0.01048,0.5779,49.0,8.9,25.1,2018.0,89.61,25.39,0
BMW,SUV,NMC,RWD,196.0,60102.0,5.97,14.51,0.01269,0.5961,66.1,56.0,27.0,2020.0,82.89,49.99,0
BMW,SUV,,FWD,388.0,169955.0,6.88,33.12,0.03198,0.6484,76.3,74.3,,2019.0,90.42,59.16,1
Toyota,Sedan,NMC,FWD,102.0,18052.0,2.04,7.11,,0.4432,47.7,62.9,31.8,2024.0,66.31,48.89,0
Volvo,Sedan,NMC,AWD,1042.0,330016.0,8.27,45.94,,0.8507,80.7,43.5,126.8,2018.0,62.1,39.84,1
Tata,Hatchback,NMC,FWD,1291.0,308693.0,10.05,56.0,0.03811,0.88,75.8,70.7,107.6,2016.0,47.36,55.18,1
BYD,SUV,LFP,RWD,1.0,8271.0,9.17,,0.01727,0.5594,16.7,31.9,3.2,2017.0,90.23,41.9,0
GM,Sedan,NMC,AWD,,63226.0,4.89,10.49,0.01424,0.5393,53.5,26.3,39.0,2021.0,77.13,42.57,0
Tesla,Sedan,NMC,RWD,824.0,287334.0,8.14,39.48,0.03249,0.7159,,41.0,120.1,2018.0,69.08,37.45,1
Hyundai,Truck,NMC,FWD,437.0,272830.0,8.91,27.64,0.02525,0.685,66.9,80.2,109.2,2017.0,118.25,42.27,1
BYD,Crossover,LFP,RWD,351.0,90511.0,8.09,3.7,0.01759,0.5894,19.5,31.6,39.1,2018.0,59.18,39.58,0
,Crossover,NMC,AWD,697.0,218177.0,8.12,22.68,0.0148,0.6059,65.1,24.4,90.8,2018.0,66.27,36.23,0
Ford,Crossover,LFP,FWD,239.0,61403.0,2.85,2.56,0.01324,0.5056,11.8,57.1,52.8,2023.0,69.68,31.75,0
Renault,Hatchback,NMC,AWD,1449.0,367745.0,10.95,,0.03561,0.9108,70.7,62.8,112.0,2015.0,51.29,49.19,1
BMW,Sedan,NMC,FWD,98.0,22022.0,4.91,7.16,0.01055,0.53,42.7,17.1,10.6,2021.0,41.48,20.4,0
Mercedes,Crossover,NMC,AWD,,46383.0,9.99,10.69,0.0166,0.5325,65.0,83.3,11.3,2016.0,79.88,35.89,1
GM,Truck,LFP,FWD,227.0,80084.0,4.94,0.2,0.00693,0.5759,7.5,0.0,46.8,2021.0,109.51,7.99,0
Ford,Hatchback,NMC,FWD,33.0,,8.97,0.95,0.01136,0.374,47.5,31.7,3.0,2017.0,53.6,55.74,0
Toyota,SUV,NMC,AWD,345.0,156218.0,10.73,27.67,0.03015,0.7703,73.6,96.2,51.5,2015.0,90.86,47.93,1
Mercedes,Crossover,NMC,RWD,774.0,245910.0,7.98,45.67,0.03782,0.7605,65.2,79.8,106.0,2018.0,,51.78,1
Renault,Hatchback,NMC,RWD,649.0,140367.0,5.14,33.88,0.02537,0.71,,21.2,86.8,2021.0,43.7,35.79,1
GM,SUV,NMC,FWD,1.0,8167.0,3.92,0.2,0.00576,0.4119,52.2,33.4,16.1,2022.0,75.61,43.02,0
Hyundai,Hatchback,NMC,AWD,832.0,248937.0,10.93,39.51,,0.652,66.1,59.4,74.9,2015.0,62.03,40.21,1
Volkswagen,Sedan,NMC,FWD,825.0,231560.0,11.14,38.07,0.03853,0.667,57.7,17.6,68.5,2015.0,63.3,36.07,1
Mercedes,Sedan,NCA,RWD,533.0,183974.0,11.27,27.68,0.03005,0.5374,75.8,50.6,52.9,2015.0,67.23,49.51,1
Toyota,Crossover,NMC,FWD,315.0,101926.0,5.01,21.48,0.02808,0.5404,56.9,59.4,70.0,2021.0,74.54,47.77,0
Renault,Hatchback,NMC,RWD,665.0,,10.89,34.31,0.03746,0.6907,,68.7,,2015.0,46.29,58.36,1
BYD,Crossover,NMC,FWD,272.0,111969.0,10.78,13.58,0.01495,0.4611,49.5,2.1,,2015.0,79.62,24.67,0
Volvo,Hatchback,NMC,FWD,476.0,116909.0,10.95,23.25,0.02432,0.5867,68.4,20.8,35.6,2015.0,52.1,27.97,0
Volkswagen,Crossover,NMC,FWD,838.0,323630.0,10.95,37.14,,0.6495,62.2,38.0,99.6,2015.0,80.64,,1
Tesla,Hatchback,NCA,FWD,701.0,138482.0,10.4,35.08,0.02801,0.5748,75.3,37.2,44.5,2016.0,37.82,51.52,0
BYD,Truck,,AWD,1.0,75875.0,5.65,0.2,0.00293,0.5276,17.0,25.2,44.5,2020.0,121.86,14.63,0
Volvo,SUV,NMC,AWD,731.0,380337.0,10.05,35.66,0.03088,0.6788,67.3,44.9,123.5,2016.0,111.17,22.71,1
Tesla,Crossover,LFP,FWD,161.0,45449.0,6.89,0.76,0.00879,0.5719,23.3,35.6,19.3,2019.0,77.29,42.44,0
Mercedes,Crossover,NMC,RWD,673.0,228502.0,7.03,29.06,0.02204,0.6009,68.6,28.0,105.2,2019.0,79.54,34.39,0
Toyota,Sedan,NMC,FWD,37.0,38540.0,4.03,1.04,0.01252,0.3818,48.9,18.1,43.2,2022.0,63.69,32.73,0
Hyundai,SUV,NMC,FWD,107.0,41865.0,5.06,6.06,0.011,0.4326,51.3,53.2,25.1,2021.0,96.65,56.74,0
Tesla,Sedan,NMC,AWD,584.0,,9.0,33.68,0.03178,0.6465,62.8,58.6,75.4,2017.0,63.75,47.28,1
Ford,Sedan,NMC,FWD,1.0,2793.0,3.75,0.2,0.00859,0.3951,44.7,38.9,7.0,2022.0,70.25,39.8,0
,SUV,,FWD,801.0,343586.0,9.92,11.52,0.0317,0.6835,30.6,41.0,111.9,2016.0,89.7,42.83,1
BYD,Hatchback,LFP,FWD,578.0,106504.0,6.0,8.84,0.01062,0.6949,30.5,61.2,62.1,2020.0,50.34,62.49,0
Hyundai,SUV,LFP,FWD,18.0,23835.0,6.0,0.2,0.00473,0.6112,15.4,0.0,,2020.0,95.12,34.18,0
GM,Hatchback,NMC,RWD,140.0,30878.0,7.86,9.32,0.02164,0.4066,50.1,8.6,13.7,2018.0,44.46,27.01,0
Mercedes,,NMC,RWD,339.0,151442.0,6.01,18.25,0.01947,0.5707,59.9,63.0,89.2,2020.0,99.61,58.48,0
Toyota,Sedan,LFP,FWD,511.0,167604.0,4.99,11.6,0.0145,0.642,28.6,68.0,112.6,2021.0,69.67,43.9,0
Hyundai,Hatchback,NMC,AWD,,81759.0,9.93,19.03,0.02308,0.5501,45.0,0.0,29.4,2016.0,43.12,26.14,0
,Sedan,NCA,RWD,442.0,172732.0,8.24,32.19,0.03476,0.5508,65.1,31.3,72.7,2018.0,77.45,29.66,1
Kia,Crossover,NMC,FWD,942.0,231108.0,,38.75,0.03519,0.7523,69.3,28.2,69.2,2015.0,54.94,30.08,1
Toyota,Van,,FWD,42.0,42387.0,2.87,0.2,0.00961,0.5422,26.2,22.1,44.3,2023.0,98.01,39.33,0
Tesla,SUV,NMC,FWD,442.0,146243.0,3.21,25.58,0.02786,0.6826,79.2,48.4,170.0,2023.0,74.64,57.05,1
Ford,Truck,NMC,AWD,668.0,354228.0,10.25,41.57,0.02741,,77.3,100.0,113.0,2016.0,118.62,41.93,1
,SUV,LFP,FWD,537.0,200356.0,8.29,13.52,0.02483,0.7585,38.9,38.5,82.1,2018.0,79.89,18.27,0
Renault,SUV,,FWD,485.0,205985.0,7.14,46.62,0.03682,0.8922,60.1,41.7,103.4,2019.0,86.88,58.7,1
Rivian,Crossover,NCA,FWD,207.0,81809.0,5.89,26.52,0.02512,0.5897,67.7,,48.5,2020.0,76.77,36.58,1
Kia,Hatchback,NMC,AWD,2091.0,347992.0,8.07,56.28,,0.9048,73.3,62.5,146.6,,34.45,44.55,1
BYD,Crossover,LFP,FWD,143.0,74701.0,1.92,4.9,0.01047,0.5559,26.5,55.6,131.1,2024.0,66.99,41.14,0
Tesla,SUV,NCA,FWD,708.0,312898.0,8.11,47.21,,0.6793,72.8,64.3,127.2,2018.0,87.02,50.15,1
Volkswagen,Crossover,NMC,,992.0,346206.0,10.09,37.87,0.03398,0.6995,68.6,29.0,112.2,,70.78,30.56,1
Tesla,Crossover,NCA,FWD,579.0,228162.0,9.8,39.16,0.02882,0.7403,71.2,34.9,79.3,2016.0,77.21,28.71,1
Nissan,Truck,LMO,FWD,471.0,304924.0,10.1,39.85,0.03399,0.7428,61.4,37.9,97.3,2016.0,128.25,,0
Audi,SUV,NCA,AWD,499.0,175893.0,8.82,32.27,0.03553,0.5384,75.2,54.7,67.0,2017.0,75.71,59.22,1
Volkswagen,SUV,LFP,RWD,1.0,23045.0,2.09,0.2,0.00775,0.5459,8.5,0.0,26.9,2024.0,95.0,15.77,0
Volkswagen,SUV,LFP,FWD,116.0,44407.0,3.9,0.2,0.00945,2.50782,20.6,25.8,37.6,2022.0,87.96,33.06,0
MG,SUV,LFP,AWD,49.0,46835.0,4.88,0.2,0.00907,0.5405,9.7,22.7,37.3,,86.12,41.32,0
BYD,Sedan,LFP,AWD,411.0,130049.0,5.94,4.08,0.01663,0.6227,21.8,31.1,69.5,2020.0,77.69,46.51,0
Tesla,Crossover,,RWD,102.0,27511.0,,3.47,0.00942,0.3912,56.9,4.8,67.0,2024.0,65.86,32.17,0
Toyota,Crossover,NMC,,266.0,123067.0,8.88,20.59,0.02835,0.6251,68.0,74.1,46.7,2017.0,70.64,30.83,1
Honda,Hatchback,NMC,AWD,696.0,210140.0,9.01,31.2,0.03242,0.6211,69.0,21.2,79.1,2017.0,53.27,22.27,1
Volkswagen,Sedan,NMC,RWD,544.0,161746.0,4.22,34.26,0.02385,0.6937,64.7,100.0,129.3,2022.0,61.59,65.51,1
Tesla,SUV,NCA,RWD,64.0,21101.0,6.23,,,0.3884,66.2,30.9,,2020.0,85.58,38.64,0
Mahindra,Hatchback,,AWD,576.0,138393.0,10.12,10.85,0.01665,0.6591,24.7,75.0,,2016.0,47.58,59.25,0
Rivian,Sedan,NMC,RWD,175.0,62041.0,3.04,12.3,0.02009,0.53,58.6,87.8,82.0,2023.0,76.53,64.79,0
Kia,Sedan,NMC,FWD,410.0,158810.0,3.99,24.64,0.02085,0.6515,68.3,73.5,131.4,,77.16,53.78,1
Toyota,SUV,LFP,FWD,788.0,409095.0,10.06,13.14,0.02065,0.7206,35.2,33.3,131.0,2016.0,89.9,47.59,0
Mercedes,,NMC,RWD,720.0,207543.0,9.92,34.38,0.03168,0.7267,64.7,45.2,64.3,2016.0,64.09,41.34,1
,Crossover,NCA,AWD,817.0,223343.0,10.09,45.16,0.03808,0.6038,83.5,36.5,73.3,2016.0,59.94,59.47,1
,Crossover,NMC,RWD,206.0,62816.0,5.94,10.31,0.01642,0.4609,56.5,20.2,32.8,,,32.36,0
Volkswagen,Sedan,NMC,AWD,25.0,11869.0,1.9,2.01,0.01221,0.3949,45.3,12.9,16.5,2024.0,67.65,28.82,0
Nissan,Truck,LMO,AWD,124.0,73126.0,7.94,14.59,0.0148,0.603,51.7,14.9,27.4,2018.0,125.92,21.56,0
,Crossover,NMC,FWD,1477.0,450000.0,10.04,55.26,0.0372,0.8942,71.2,64.1,147.9,2016.0,60.42,41.79,1
Ford,Crossover,LFP,FWD,352.0,201750.0,9.98,6.9,0.01534,0.5993,26.1,23.5,,2016.0,87.58,30.74,0
Volvo,Hatchback,NMC,FWD,997.0,216764.0,7.93,38.58,0.03223,,89.9,27.5,92.4,2018.0,42.99,31.45,1
Kia,Hatchback,NMC,RWD,691.0,155984.0,6.25,35.88,0.02596,,68.5,78.1,79.8,2020.0,47.2,54.61,1
Mercedes,Sedan,NMC,AWD,762.0,250309.0,7.83,,0.03081,0.6278,66.1,40.7,106.5,,64.42,47.96,0
Tesla,Hatchback,NMC,FWD,126.0,17339.0,5.82,4.63,0.00903,0.4114,49.4,45.4,4.0,2020.0,55.09,48.97,0
Mahindra,SUV,NMC,AWD,436.0,164115.0,5.94,32.17,0.03174,0.7868,76.8,100.0,98.0,2020.0,70.42,41.62,1
Volvo,SUV,NMC,AWD,548.0,233617.0,10.17,29.73,0.03746,0.6441,56.9,46.7,80.2,2016.0,93.09,43.03,1
GM,Sedan,LFP,RWD,147.0,63412.0,9.17,1.13,,0.5967,28.3,31.0,27.0,2017.0,,43.95,0
,Hatchback,NMC,AWD,788.0,232531.0,,36.87,0.02177,0.6915,60.7,54.3,106.9,2019.0,62.52,41.93,1
Nissan,Hatchback,LMO,AWD,736.0,223502.0,8.05,,0.03663,0.9243,63.7,16.1,84.2,2018.0,59.27,,1
Mahindra,SUV,NMC,RWD,130.0,31663.0,1.94,3.42,0.0108,0.3872,46.9,30.4,42.1,2024.0,79.9,36.95,0
Ford,SUV,LFP,FWD,214.0,68745.0,5.86,1.97,0.0092,0.6041,19.8,12.5,,2020.0,95.68,35.83,0
Nissan,Sedan,NMC,FWD,851.0,217809.0,8.1,,0.03772,0.6888,68.4,53.6,86.9,,51.0,52.19,1
Hyundai,Sedan,NMC,FWD,447.0,135354.0,5.19,23.7,0.02262,0.5276,54.4,,90.7,2021.0,65.74,25.89,0
Mercedes,Sedan,NMC,RWD,1110.0,360189.0,10.07,59.13,0.04111,,91.4,100.0,,2016.0,64.45,35.86,1
Hyundai,Sedan,NMC,FWD,456.0,142315.0,4.94,,0.02226,0.6031,65.8,34.6,96.5,2021.0,65.42,27.43,0
Audi,Van,NMC,FWD,41.0,3823.0,4.04,0.2,0.01389,0.4082,46.4,0.0,3.0,2022.0,82.85,5.45,0
Hyundai,Sedan,NMC,FWD,823.0,266260.0,9.88,38.52,0.02849,0.6766,67.2,61.6,88.9,2016.0,62.64,66.66,1
BMW,SUV,NMC,RWD,439.0,185833.0,3.93,25.84,0.02468,,63.0,63.7,152.2,,86.16,49.88,1
Kia,Crossover,NMC,RWD,613.0,177880.0,11.07,29.2,0.02686,0.6118,68.8,20.4,53.1,2015.0,60.44,34.26,1
Volvo,Hatchback,NMC,RWD,178.0,38294.0,5.99,11.45,0.02091,0.4629,52.1,22.1,22.6,2020.0,46.42,36.04,0
Toyota,Sedan,,FWD,175.0,54944.0,5.12,7.93,0.01835,0.4161,43.3,40.4,,2021.0,67.63,42.24,0
Tesla,Sedan,NCA,FWD,438.0,160216.0,11.12,28.01,0.03666,0.5966,76.8,28.3,48.1,2015.0,75.47,,1
Tesla,Hatchback,NMC,AWD,2010.0,268308.0,,57.39,0.03303,0.8626,75.3,6.9,100.1,2017.0,26.01,24.09,1
Toyota,Sedan,NMC,RWD,470.0,154694.0,9.97,,0.02476,0.5958,56.4,25.6,47.6,2016.0,64.39,48.49,0
Kia,Sedan,NMC,RWD,401.0,131971.0,8.11,23.5,0.03158,0.6115,65.9,77.9,57.4,2018.0,69.1,68.19,1
Tesla,Sedan,NCA,FWD,1048.0,344669.0,10.98,47.37,0.03615,0.6819,76.8,25.8,108.3,2015.0,68.7,39.99,1
Volkswagen,Crossover,NMC,AWD,248.0,78576.0,9.06,16.63,0.02451,0.6228,58.8,23.5,24.7,2017.0,68.68,12.87,0
Mercedes,Hatchback,NMC,RWD,662.0,140804.0,8.18,28.3,,0.6594,58.4,34.8,59.8,2018.0,47.24,42.26,0
BMW,SUV,NCA,FWD,29.0,29630.0,7.9,0.2,0.01338,0.3354,59.4,5.3,11.7,2018.0,87.87,30.69,0
Volkswagen,SUV,NMC,RWD,123.0,45747.0,8.99,8.16,0.01103,0.4455,45.1,3.5,16.4,2017.0,,30.8,0
BYD,SUV,,RWD,402.0,88992.0,,12.33,0.01172,0.7209,21.8,74.3,89.1,2023.0,94.03,45.64,0
Ford,SUV,NMC,FWD,574.0,268975.0,8.91,32.98,0.02375,0.6913,54.6,55.1,106.6,2017.0,96.39,50.52,1
,SUV,NCA,AWD,141.0,47362.0,1.86,9.31,0.01328,0.407,65.7,12.4,67.0,,90.98,23.38,0
Renault,Hatchback,LMO,RWD,1858.0,365634.0,10.19,69.43,0.05246,1.0641,70.7,27.8,118.7,2016.0,39.36,,1
Mercedes,Sedan,NMC,FWD,891.0,312841.0,9.84,41.17,0.03839,0.7431,69.3,72.2,103.4,2016.0,70.86,62.07,1
Tesla,Crossover,NCA,FWD,755.0,319334.0,7.99,47.24,0.0366,0.6563,92.2,47.3,135.7,2018.0,82.66,38.68,1
Tesla,Hatchback,NMC,RWD,877.0,149221.0,5.22,47.5,,0.9224,95.2,88.8,91.1,2021.0,33.23,35.8,1
MG,SUV,LFP,FWD,439.0,183536.0,5.97,6.06,0.01035,0.643,14.9,36.1,98.9,2020.0,79.32,31.76,0
Volkswagen,Hatchback,NMC,AWD,1353.0,270892.0,7.92,49.53,0.04408,0.8029,65.8,34.9,109.1,2018.0,38.24,26.01,1
BMW,SUV,NMC,FWD,965.0,404816.0,11.3,42.73,0.02793,0.7346,63.2,,,2015.0,91.91,48.54,1
BYD,Hatchback,LFP,FWD,2191.0,450000.0,11.2,28.51,0.03317,0.9113,32.1,45.3,136.6,2015.0,42.6,37.61,1
Tata,Hatchback,LFP,AWD,791.0,231921.0,6.64,15.32,0.01926,0.6783,21.1,24.0,115.3,2019.0,59.04,21.72,0
GM,Sedan,NMC,RWD,753.0,257144.0,10.98,35.05,0.03283,0.7468,61.9,77.9,82.2,2015.0,65.08,59.37,1
Hyundai,SUV,NMC,AWD,122.0,52088.0,3.07,9.61,,0.5075,50.7,30.4,58.3,2023.0,94.04,43.82,0
Renault,SUV,NMC,AWD,349.0,177465.0,9.87,18.46,0.02046,0.5216,55.5,42.1,62.0,2016.0,101.18,23.32,0
BMW,SUV,NMC,RWD,142.0,94966.0,4.01,8.63,0.01459,0.4137,49.4,,87.7,2022.0,,45.47,0
BYD,Van,LFP,AWD,,11776.0,1.75,9.02,0.01503,0.7682,34.3,87.3,3.8,2024.0,83.02,36.0,0
BYD,Crossover,NMC,AWD,1.0,500.0,2.21,0.2,0.00582,0.3395,44.3,15.3,16.3,2024.0,82.27,15.42,0
Lucid,Sedan,NCA,AWD,933.0,301795.0,7.86,48.26,0.03545,0.7391,71.4,54.0,128.6,2018.0,64.37,30.65,1
MG,SUV,LFP,RWD,580.0,203091.0,10.11,13.14,0.02101,0.7754,38.4,67.6,67.8,2016.0,89.1,29.25,0
Rivian,Hatchback,NMC,AWD,805.0,140697.0,7.96,33.81,0.02762,0.6602,59.3,0.0,58.6,2018.0,37.39,22.96,0
Volkswagen,Hatchback,NMC,FWD,996.0,218707.0,10.87,37.19,0.03594,0.6736,,42.5,65.9,2015.0,45.99,51.99,1
Audi,SUV,NMC,RWD,550.0,221882.0,8.98,32.32,0.02646,0.7433,71.0,69.9,83.3,2017.0,87.35,61.25,1
Mercedes,Sedan,NMC,RWD,1200.0,334182.0,9.94,51.45,0.03655,0.8142,68.6,46.5,113.1,2016.0,54.72,30.84,1
Tesla,Crossover,NCA,FWD,695.0,234792.0,10.83,37.34,0.02855,0.5872,72.1,57.1,74.0,2015.0,72.31,37.66,1
BYD,Crossover,NMC,FWD,289.0,120554.0,6.93,13.61,0.02346,0.4897,49.7,15.9,62.0,2019.0,83.42,15.28,0
,Hatchback,NMC,RWD,,140274.0,8.02,,0.0237,0.6776,61.7,71.6,59.6,2018.0,43.93,50.44,1
Toyota,Sedan,,FWD,17.0,14286.0,10.09,0.2,0.00998,0.5585,26.4,47.8,3.0,2016.0,69.08,51.37,0
BYD,SUV,LFP,FWD,297.0,196938.0,4.59,,,0.6249,19.7,44.4,143.9,2021.0,99.07,48.99,0
Volkswagen,Crossover,LFP,AWD,230.0,103755.0,6.93,2.89,0.02004,0.5929,23.1,18.6,48.1,2019.0,81.41,29.37,0
Nissan,Hatchback,NMC,FWD,910.0,229655.0,10.03,43.5,0.02926,0.719,69.1,39.1,73.4,2016.0,50.24,35.51,1
Honda,SUV,LFP,AWD,613.0,249070.0,8.81,15.07,0.02454,0.8255,39.8,53.2,92.9,2017.0,91.89,28.69,1
BYD,SUV,NMC,AWD,652.0,,7.92,28.98,0.0299,0.643,59.2,40.3,126.5,2018.0,96.66,50.39,1
Toyota,Sedan,NMC,FWD,606.0,229083.0,6.7,37.77,0.02419,0.6628,66.5,83.6,116.2,2019.0,72.28,57.35,1
GM,SUV,NMC,AWD,335.0,139259.0,10.95,22.27,0.02879,0.6237,,29.7,41.8,2015.0,91.97,21.79,1
Tesla,SUV,NCA,FWD,103.0,42015.0,6.13,3.15,0.00554,0.3222,64.8,45.3,16.3,2020.0,,49.38,0
Tesla,Truck,NCA,AWD,372.0,231831.0,6.12,26.88,,0.4776,81.2,69.0,120.8,2020.0,120.51,67.1,1
Tesla,SUV,NCA,RWD,577.0,237023.0,11.08,36.95,0.03588,0.5925,84.9,34.2,71.1,2015.0,82.9,41.48,1
Rivian,Crossover,NMC,,277.0,71692.0,5.08,19.63,0.02171,0.5343,58.2,13.5,52.4,2021.0,70.7,32.72,0
Volkswagen,Truck,NMC,,21.0,80386.0,10.97,5.86,0.00931,0.4134,53.7,48.3,25.6,2015.0,119.03,58.02,0
Tesla,Hatchback,NMC,FWD,890.0,149146.0,8.95,42.29,,0.8622,84.4,41.0,53.7,2017.0,32.1,18.74,1
Tesla,Crossover,NCA,AWD,640.0,197463.0,6.1,40.34,0.03155,0.6372,75.5,53.9,109.5,2020.0,60.16,43.73,1
BYD,SUV,NMC,AWD,555.0,213730.0,5.0,26.88,0.01985,0.5853,59.8,58.2,133.7,2021.0,85.67,54.32,0
Tesla,Sedan,NCA,RWD,535.0,148203.0,4.9,36.64,0.025,0.6067,79.0,35.2,107.3,2021.0,65.97,28.12,1
Kia,Crossover,NMC,AWD,401.0,121453.0,8.09,16.15,0.01779,0.4464,62.5,0.0,53.6,2018.0,69.1,30.41,0
BMW,Hatchback,,AWD,768.0,155343.0,9.87,39.29,0.03585,0.7983,61.5,73.7,45.0,2016.0,40.75,36.17,1
GM,Crossover,LFP,,62.0,8699.0,4.93,3.65,0.00882,0.6202,16.3,20.1,3.0,2021.0,84.32,28.16,0
Tesla,Crossover,NCA,FWD,531.0,174261.0,4.2,36.66,0.02746,0.6491,88.7,80.6,135.4,2022.0,61.9,45.0,1
Renault,SUV,NMC,AWD,561.0,227956.0,10.95,30.39,0.03042,0.6839,65.6,58.2,73.9,2015.0,80.2,41.19,1
Tesla,,NCA,FWD,95.0,39511.0,2.96,4.11,0.01495,0.3798,56.1,13.5,47.5,2023.0,56.77,45.07,0
Mercedes,Crossover,NMC,FWD,467.0,161901.0,7.93,31.76,0.02651,0.8323,76.6,100.0,77.8,2018.0,68.67,54.94,1
BYD,Sedan,LFP,AWD,25.0,40896.0,2.09,0.2,,0.5584,18.2,0.0,62.7,2024.0,90.32,27.31,0
BMW,Hatchback,NCA,FWD,519.0,124337.0,9.94,31.13,0.03625,0.5771,73.1,17.1,40.9,2016.0,47.04,31.97,1
Toyota,Sedan,NMC,AWD,437.0,150422.0,10.77,26.08,0.01686,0.6049,61.7,17.7,45.3,2015.0,,28.43,1
Nissan,Crossover,LMO,AWD,373.0,127130.0,8.91,41.85,0.03868,0.7992,57.2,61.6,41.3,2017.0,70.04,,1
Tesla,Van,NCA,RWD,219.0,94589.0,5.26,12.88,0.01766,0.4679,58.0,,58.5,2021.0,88.09,35.5,0
Rivian,,NCA,AWD,116.0,37926.0,11.09,,0.00826,0.3439,57.7,23.1,15.6,2015.0,72.96,45.63,0
Nissan,Truck,NMC,FWD,403.0,242568.0,7.14,26.43,0.02182,0.6114,46.9,83.8,118.5,2019.0,117.67,67.28,0
Tesla,SUV,NCA,RWD,660.0,284183.0,10.03,35.35,0.02742,0.5772,73.2,20.9,94.0,2016.0,89.25,,1
Volkswagen,Hatchback,NMC,FWD,1348.0,306486.0,7.8,51.69,0.03401,0.7911,,26.8,128.4,2018.0,,35.18,1
BMW,Hatchback,NMC,AWD,881.0,204718.0,,36.19,0.02541,0.7563,81.4,32.2,75.3,2017.0,51.11,18.35,1
Honda,Sedan,NMC,AWD,1352.0,450000.0,11.27,51.48,0.03589,0.7521,64.9,50.3,136.3,2015.0,65.36,27.66,1
Mercedes,SUV,NMC,AWD,46.0,38526.0,2.09,1.94,0.01108,0.4206,69.4,56.1,47.6,2024.0,91.86,49.71,0
Kia,Hatchback,NMC,FWD,528.0,127144.0,9.89,20.52,0.02165,0.5581,56.5,32.1,44.0,2016.0,48.11,43.53,0
Renault,SUV,NMC,RWD,295.0,135410.0,7.87,19.36,0.0195,0.5258,49.7,53.4,55.2,2018.0,81.29,64.34,0
Renault,Sedan,NMC,FWD,249.0,80124.0,7.21,12.62,0.01937,0.4747,54.5,31.9,43.9,2019.0,60.1,26.5,0
Volkswagen,Crossover,NMC,RWD,878.0,199358.0,,41.12,0.03538,0.6798,67.9,67.6,124.0,2020.0,46.41,42.2,1
,Crossover,NMC,RWD,1072.0,345628.0,9.94,45.61,0.03892,0.7181,65.0,95.7,113.6,2016.0,72.52,42.5,1
Tata,SUV,NMC,FWD,576.0,263274.0,10.0,33.12,,0.6579,64.5,52.1,87.7,2016.0,104.16,47.17,1
Hyundai,SUV,NMC,FWD,348.0,152583.0,10.87,19.92,0.02732,0.5546,55.7,67.5,49.0,2015.0,95.7,67.52,1
Ford,Sedan,NMC,RWD,1009.0,209470.0,11.11,37.66,0.02784,0.7393,69.8,21.2,59.1,2015.0,42.98,32.59,1
Volvo,Hatchback,NMC,FWD,886.0,210428.0,6.08,41.58,0.03307,0.7543,59.8,57.6,116.5,2020.0,46.79,32.17,1
BMW,Sedan,NMC,FWD,955.0,318135.0,10.06,43.68,0.04193,0.7329,71.2,38.7,105.3,2016.0,73.11,29.89,1
Mercedes,SUV,NCA,FWD,646.0,275166.0,6.73,38.31,0.02978,0.587,71.4,60.6,130.8,2019.0,85.31,57.36,1
Tata,SUV,LFP,RWD,242.0,116611.0,8.03,4.45,0.01566,0.5806,25.1,19.2,49.2,2018.0,76.0,36.81,0
Tesla,Truck,NMC,FWD,1.0,9666.0,6.03,0.2,0.01713,0.3953,54.9,0.0,12.0,2020.0,112.8,18.45,0
Ford,Sedan,NMC,FWD,212.0,84539.0,10.2,13.89,0.01952,0.4889,52.1,56.0,31.6,2016.0,66.43,41.96,1
Tesla,Van,NMC,FWD,104.0,60730.0,6.27,7.41,0.0175,0.4292,48.5,37.0,37.3,2020.0,94.7,35.14,0
Audi,SUV,NMC,FWD,481.0,207454.0,8.05,19.8,0.02433,0.5177,62.3,18.8,90.0,2018.0,82.53,47.55,0
Kia,Sedan,NMC,AWD,885.0,245665.0,10.12,,0.03089,0.6712,71.2,54.8,78.8,2016.0,58.95,43.88,1
BMW,Sedan,NMC,FWD,,330427.0,11.03,56.56,0.04538,1.0447,92.8,87.9,,2015.0,59.03,26.27,1
BMW,SUV,NMC,AWD,655.0,263137.0,10.11,30.76,0.02786,0.6489,63.0,45.8,88.7,2016.0,83.12,46.86,1
Tata,Sedan,NMC,AWD,1411.0,450000.0,,51.16,0.03221,,72.3,51.9,,2015.0,64.59,55.86,1
Audi,Hatchback,NMC,FWD,291.0,102090.0,8.04,19.98,0.02015,,50.3,66.7,44.8,2018.0,65.32,64.35,0
Tata,Hatchback,LFP,FWD,132.0,38805.0,2.94,0.2,0.00969,0.5068,22.2,0.0,48.0,2023.0,56.89,23.75,0
Ford,SUV,LFP,FWD,944.0,,10.87,20.77,0.03378,,42.0,45.5,99.0,2015.0,82.7,21.74,1
Mercedes,Hatchback,NMC,FWD,61.0,19293.0,3.15,2.25,0.00995,0.3803,43.9,41.8,18.2,2023.0,41.62,44.31,0
BYD,Crossover,LFP,RWD,320.0,84774.0,6.92,0.2,0.01244,0.6294,22.3,4.8,37.4,2019.0,80.67,40.16,0
Hyundai,Sedan,NMC,FWD,113.0,32640.0,3.12,3.94,0.0103,0.3388,52.6,9.3,41.3,2023.0,64.24,32.64,0
BYD,Van,NMC,AWD,623.0,282611.0,9.08,28.51,0.03358,0.6081,68.8,14.6,107.7,2017.0,99.29,21.09,1
Hyundai,SUV,NMC,AWD,836.0,328304.0,11.15,38.03,0.03986,0.756,62.4,46.6,96.7,2015.0,82.34,41.89,1
BYD,SUV,LFP,FWD,978.0,355028.0,10.77,16.0,0.0183,0.8164,29.3,35.6,110.6,2015.0,78.04,31.9,0
Lucid,Sedan,NMC,RWD,814.0,267609.0,9.78,38.94,0.03475,0.6977,63.5,64.7,90.0,2016.0,66.73,45.45,1
Toyota,Sedan,NMC,,115.0,55825.0,5.11,8.21,0.01079,0.436,42.9,21.9,42.2,2021.0,71.31,35.48,0
Kia,SUV,NMC,RWD,576.0,240765.0,10.04,33.4,,0.7074,72.8,70.3,76.6,2016.0,83.86,45.11,1
Volkswagen,SUV,NMC,FWD,1077.0,450000.0,9.88,47.72,0.03711,0.8,63.8,53.3,156.4,2016.0,86.26,35.26,1
BMW,Hatchback,NMC,AWD,78.0,500.0,3.89,9.62,0.01964,0.5632,66.9,72.6,3.0,2022.0,52.12,37.62,0
Volkswagen,Crossover,NMC,FWD,456.0,147941.0,9.97,24.03,0.02217,0.6038,62.6,19.3,49.6,2016.0,72.96,10.71,1
Kia,Hatchback,NMC,FWD,1.0,14417.0,7.17,0.2,0.0159,0.401,39.4,35.1,3.0,2019.0,52.94,51.91,0
MG,Hatchback,LFP,RWD,1122.0,319473.0,11.03,18.24,0.01615,0.7665,20.4,27.9,,2015.0,54.28,18.74,0
Nissan,Sedan,NMC,RWD,18.0,576.0,5.68,0.2,0.00977,0.3469,46.5,27.6,8.6,2020.0,64.92,58.69,0
Hyundai,Crossover,LFP,FWD,103.0,80445.0,2.88,5.73,0.00871,0.7379,44.9,66.9,,2023.0,80.23,38.78,0
BMW,Hatchback,NMC,AWD,841.0,226577.0,10.12,39.46,0.03212,0.796,83.7,75.0,75.3,2016.0,54.99,30.54,1
Hyundai,Hatchback,NMC,FWD,,168446.0,11.1,30.13,0.02808,0.6555,65.2,34.2,49.4,2015.0,45.29,46.91,1
Renault,Crossover,LMO,AWD,566.0,239147.0,10.2,42.68,0.04205,,,14.7,79.9,2016.0,80.83,35.55,1
Honda,SUV,NMC,RWD,,277532.0,10.1,37.38,0.03272,,85.0,98.2,95.6,,93.21,65.76,1
Volkswagen,Sedan,NMC,FWD,,253731.0,,38.81,0.03483,0.6707,63.8,30.4,96.7,2017.0,62.9,38.96,1
Volkswagen,Sedan,NMC,FWD,1060.0,247304.0,10.1,46.61,0.03265,0.7926,82.5,66.3,79.9,2016.0,46.75,35.98,1
Volkswagen,,NMC,AWD,552.0,248197.0,6.94,28.03,0.02684,0.681,61.8,57.3,120.5,2019.0,84.95,39.97,1
BMW,Truck,NMC,FWD,258.0,169372.0,5.71,13.6,0.02151,0.451,53.3,38.1,101.1,2020.0,125.83,44.24,0
Tesla,Sedan,NCA,AWD,1157.0,430560.0,10.86,52.43,0.04242,0.7224,84.9,37.8,133.1,2015.0,75.66,37.56,1
Volkswagen,Hatchback,NMC,RWD,286.0,53117.0,5.84,21.59,0.02342,0.6419,65.9,82.4,34.0,2020.0,39.21,56.28,1
Kia,Crossover,NMC,FWD,512.0,204224.0,9.98,28.58,0.0265,0.6946,77.8,60.3,64.2,2016.0,69.88,54.77,1
Volkswagen,Van,LFP,FWD,321.0,92326.0,2.91,4.25,0.01113,0.5758,14.6,44.3,92.5,2023.0,74.79,47.55,0
Tesla,SUV,NCA,FWD,279.0,97368.0,6.19,17.13,0.02242,0.505,62.8,33.5,52.0,2020.0,86.5,47.16,0
,Sedan,NMC,AWD,310.0,111113.0,5.07,12.72,0.01181,0.461,50.9,5.0,62.5,2021.0,65.01,31.97,0
Tesla,Hatchback,NCA,FWD,1075.0,256950.0,10.12,51.23,0.03118,0.6951,86.7,28.7,82.2,2016.0,50.34,27.58,1
Hyundai,SUV,NMC,FWD,1015.0,427091.0,9.04,43.96,0.03326,0.7525,73.3,68.8,152.8,2017.0,86.13,53.46,1
GM,SUV,NMC,FWD,233.0,84763.0,5.04,11.66,0.0142,0.4904,44.8,,60.2,,75.04,25.4,0
MG,Sedan,LFP,RWD,227.0,57525.0,4.82,3.28,0.01076,0.6032,21.7,5.3,40.2,2021.0,69.71,19.31,0
Tesla,Sedan,NMC,AWD,337.0,124486.0,7.12,18.95,0.01622,0.5626,69.6,60.1,58.4,2019.0,70.11,,0
GM,Hatchback,NMC,,457.0,111667.0,4.08,25.69,,,54.5,84.6,,2022.0,46.7,83.49,1
Nissan,Crossover,NMC,AWD,192.0,52609.0,3.99,9.77,0.02067,0.4857,53.3,47.7,43.6,2022.0,64.19,40.8,0
Tesla,SUV,NCA,FWD,132.0,78456.0,9.03,10.32,0.01719,0.4255,61.7,14.3,30.4,2017.0,,10.51,0
Tata,SUV,NMC,FWD,810.0,363305.0,10.81,35.0,0.02506,0.6914,61.2,20.0,105.8,2015.0,92.37,25.36,1
Honda,Van,NMC,FWD,610.0,240246.0,6.77,32.68,0.02754,0.6712,54.7,70.5,117.7,2019.0,82.64,52.03,1
Rivian,SUV,NMC,FWD,583.0,292570.0,8.13,37.86,0.02783,0.7842,61.3,80.7,116.1,2018.0,103.8,8.76,1
BYD,Truck,LFP,FWD,38.0,59516.0,11.06,2.8,0.0112,0.5351,25.6,60.7,17.5,2015.0,121.17,63.09,0
,Truck,LFP,AWD,67.0,87915.0,9.03,4.56,0.01482,0.6065,21.7,57.2,33.8,,,47.73,0
Kia,Hatchback,NMC,FWD,1955.0,394957.0,8.88,61.41,0.04554,3.626700000000001,73.1,57.4,149.6,2017.0,,44.19,1
BYD,SUV,LTO,,1.0,25833.0,11.2,1.62,0.00995,0.208,22.5,81.9,6.6,2015.0,,44.54,0
Ford,,NMC,FWD,539.0,234135.0,11.08,23.14,0.02575,0.525,54.0,50.1,70.4,2015.0,82.51,49.78,0
GM,Sedan,LFP,FWD,422.0,150879.0,5.02,7.72,0.01608,0.6496,20.4,54.7,93.3,2021.0,78.12,45.51,0
Tesla,Sedan,NCA,RWD,824.0,266360.0,9.17,43.12,0.02854,0.6943,82.8,24.4,95.4,2017.0,63.75,31.64,1
BMW,Hatchback,NMC,FWD,103.0,11686.0,6.86,3.62,0.01585,0.4112,,0.0,3.0,2019.0,38.3,18.51,0
Tesla,Sedan,NCA,AWD,1690.0,399347.0,9.22,61.54,0.04593,0.7727,86.4,0.6,146.5,2017.0,47.09,7.55,1
Nissan,Truck,LMO,FWD,315.0,188416.0,6.85,35.92,0.02643,0.8575,63.5,89.7,83.7,2019.0,132.4,76.14,1
Hyundai,Hatchback,NMC,AWD,321.0,87623.0,11.32,14.82,0.01564,0.4993,55.6,7.3,26.9,2015.0,57.63,29.16,0
Kia,Sedan,NMC,,418.0,134233.0,8.91,20.68,0.02615,0.5309,68.5,0.0,47.3,2017.0,56.83,31.5,0
Ford,Crossover,NMC,FWD,427.0,165448.0,9.95,25.94,0.03386,0.6951,68.8,69.3,53.9,2016.0,80.52,31.05,1
MG,Sedan,LFP,RWD,224.0,43477.0,5.2,7.6,0.01945,0.7181,22.6,77.0,26.0,2021.0,70.44,76.16,0
MG,Sedan,LFP,AWD,1.0,85181.0,2.99,2.92,0.00961,0.5903,23.0,,90.5,2023.0,75.69,65.16,0
BYD,Crossover,LFP,AWD,421.0,144624.0,7.91,14.78,0.01851,0.8474,32.2,96.1,60.2,2018.0,72.24,63.31,0
BYD,,LFP,AWD,1091.0,347405.0,,17.29,0.0208,,28.6,79.2,114.2,2016.0,62.83,65.74,1
Audi,Crossover,NMC,FWD,681.0,206031.0,9.93,36.81,0.03323,0.7054,61.9,73.2,66.6,2016.0,68.44,74.01,1
Lucid,Sedan,NCA,AWD,457.0,161527.0,11.25,24.31,0.0261,0.4616,76.4,8.2,47.5,2015.0,69.5,38.35,0
Tesla,SUV,NCA,RWD,466.0,196279.0,7.01,31.04,0.01944,0.5312,70.3,57.9,,2019.0,76.33,64.18,1
Mahindra,SUV,LTO,RWD,353.0,116324.0,5.7,0.2,,0.2423,12.0,27.5,64.7,,89.95,47.76,0
Renault,Crossover,LMO,AWD,434.0,132775.0,10.06,45.66,0.03586,0.8289,69.5,29.6,43.2,2016.0,61.48,27.22,1
Tesla,Hatchback,NCA,FWD,82.0,,7.93,6.89,0.01609,0.3748,68.0,52.2,12.8,2018.0,42.16,54.58,0
,SUV,NMC,FWD,245.0,110854.0,4.97,14.92,0.02472,0.4875,62.9,46.5,78.3,2021.0,87.8,51.3,1
,SUV,,RWD,208.0,96440.0,4.87,10.05,0.00864,0.5207,56.9,32.9,61.0,2021.0,73.26,39.02,0
Volkswagen,SUV,NMC,FWD,46.0,14581.0,3.76,0.2,0.00929,0.3906,44.7,42.1,18.6,2022.0,91.62,43.93,0
Renault,Sedan,NMC,RWD,408.0,124186.0,11.12,19.53,0.02517,0.5418,57.6,9.8,36.0,2015.0,60.2,31.4,0
Rivian,Crossover,NMC,RWD,23.0,,10.16,0.2,0.01587,0.3529,55.2,33.3,3.0,2016.0,68.9,34.27,0
Toyota,Crossover,NMC,FWD,636.0,,7.11,30.09,0.02484,0.677,57.1,39.7,109.0,2019.0,68.68,48.02,0
Volkswagen,Sedan,NMC,RWD,278.0,46976.0,3.83,13.93,0.02248,0.5005,52.3,26.9,40.5,2022.0,52.95,30.28,0
Tesla,,NCA,FWD,712.0,325647.0,10.06,43.19,0.03399,0.6919,73.1,55.7,109.3,2016.0,94.96,34.17,1
Lucid,Crossover,NMC,AWD,694.0,285883.0,8.08,38.93,0.04017,0.6927,92.4,55.1,116.2,2018.0,,32.36,1
Toyota,SUV,LFP,AWD,106.0,57560.0,5.98,3.41,0.01736,0.6202,17.3,10.8,37.3,2020.0,83.82,17.25,0
Volkswagen,,NMC,AWD,786.0,316622.0,9.87,36.86,0.03781,0.6538,53.5,32.5,105.7,2016.0,80.98,33.64,1
Volkswagen,Crossover,,AWD,85.0,,1.73,9.31,0.01519,0.4935,68.6,39.0,39.1,2024.0,80.78,43.71,0
,Sedan,NMC,FWD,961.0,359104.0,8.88,43.85,0.04003,,60.1,74.4,133.6,2017.0,67.71,59.56,1
GM,SUV,LFP,RWD,209.0,53525.0,10.91,7.67,0.01402,0.7507,39.4,60.6,10.4,2015.0,102.4,38.15,0
Hyundai,SUV,NMC,FWD,125.0,64667.0,2.03,7.28,0.01572,0.5023,45.8,49.9,,2024.0,72.59,49.19,0
Volkswagen,SUV,NMC,AWD,701.0,308224.0,10.09,47.99,0.04302,,84.3,100.0,102.5,2016.0,89.57,31.87,1
Mercedes,Crossover,NCA,FWD,660.0,200686.0,8.27,43.38,0.03021,0.6774,76.4,,77.2,2018.0,55.94,43.08,1
Volvo,Sedan,NMC,FWD,64.0,11466.0,2.74,4.6,0.01372,0.433,46.1,66.7,,2023.0,72.6,48.51,0
Volkswagen,SUV,NMC,FWD,425.0,221960.0,7.26,23.95,0.02911,0.6,65.3,54.1,101.8,2019.0,102.46,50.6,1
Toyota,Crossover,NMC,FWD,445.0,169664.0,7.9,28.69,0.0207,0.7229,70.2,23.1,59.8,2018.0,64.52,13.76,0
BYD,,LTO,RWD,1.0,36754.0,6.09,0.2,0.01339,0.2323,14.7,1.7,21.6,2020.0,90.51,20.33,0
Audi,Crossover,NMC,AWD,192.0,82081.0,,9.91,0.01625,0.4418,,63.9,37.4,2017.0,75.02,76.09,0
Volkswagen,Sedan,NMC,AWD,91.0,30490.0,2.13,11.18,0.01797,0.5854,60.2,87.0,52.6,2024.0,71.34,42.63,0
Honda,Hatchback,NMC,FWD,827.0,176205.0,10.94,42.52,,0.7165,68.8,25.1,53.3,2015.0,40.63,39.4,1
Renault,Hatchback,NMC,AWD,1105.0,286536.0,11.07,46.72,0.03372,0.7409,73.1,49.5,86.7,2015.0,51.19,53.21,1
Mahindra,SUV,NMC,FWD,264.0,92737.0,6.07,,0.00895,0.4267,46.3,29.5,51.3,2020.0,80.72,45.48,0
Renault,Hatchback,NMC,RWD,894.0,255381.0,10.96,41.01,0.03639,0.8106,76.5,41.5,77.6,2015.0,53.83,33.37,1
Nissan,Sedan,LMO,FWD,1162.0,312643.0,8.04,68.03,0.04567,1.0359,80.6,67.2,131.2,2018.0,54.87,42.16,1
Nissan,SUV,LMO,AWD,557.0,269519.0,10.02,46.04,0.03068,0.8688,63.0,17.4,85.7,,93.0,31.71,0
Nissan,SUV,LMO,FWD,,302505.0,8.32,55.47,0.03992,0.9066,64.3,57.0,119.0,2018.0,88.28,44.58,1
Kia,Crossover,NMC,FWD,740.0,236350.0,6.91,,0.02787,0.784,57.4,60.9,113.6,2019.0,68.97,34.61,1
Kia,Hatchback,NMC,RWD,1017.0,262889.0,7.88,44.04,0.03772,0.7945,87.4,69.8,119.8,2018.0,51.91,56.84,1
Audi,SUV,NMC,FWD,33.0,27948.0,5.8,2.53,0.0161,0.3719,46.5,40.7,20.4,2020.0,92.71,38.38,0
Volkswagen,Sedan,NMC,RWD,160.0,26979.0,9.04,10.72,,0.505,53.3,9.9,10.6,2017.0,70.8,26.72,0
BYD,Sedan,NMC,FWD,423.0,91196.0,10.97,20.93,0.02098,0.5694,57.7,26.4,29.8,2015.0,67.14,28.61,0
Mercedes,Hatchback,NMC,FWD,1888.0,337557.0,7.9,60.44,0.04058,0.8966,68.6,33.7,140.9,2018.0,34.84,47.68,1
Hyundai,SUV,NMC,FWD,670.0,332894.0,9.82,35.75,0.0303,0.688,63.0,31.0,115.5,2016.0,101.53,36.93,1
Volvo,Truck,LFP,RWD,305.0,126867.0,8.09,1.44,0.01896,0.5547,18.5,30.1,44.9,2018.0,108.45,41.41,0
Volkswagen,SUV,NMC,RWD,267.0,90971.0,8.01,14.13,0.01974,0.5376,64.3,58.2,43.3,2018.0,83.73,35.07,0
BYD,SUV,LFP,AWD,805.0,369768.0,10.05,,0.01181,0.6279,38.3,31.5,120.0,2016.0,85.68,28.8,0
Volkswagen,,NMC,AWD,105.0,39875.0,,5.03,0.01017,0.4366,50.5,9.7,,2020.0,85.43,38.67,0
Mercedes,SUV,NMC,FWD,385.0,163810.0,9.08,16.57,0.02593,0.5026,51.6,24.0,59.4,2017.0,,29.66,0
Audi,Van,NMC,AWD,230.0,99643.0,7.19,13.88,0.02395,0.5066,62.2,,45.5,2019.0,73.8,69.39,1
Volkswagen,Hatchback,NMC,RWD,875.0,203007.0,4.98,38.27,0.03167,0.6975,67.6,41.6,133.6,2021.0,47.64,41.8,1
GM,SUV,NMC,AWD,373.0,165233.0,6.26,25.05,0.02628,0.6472,,86.5,90.7,2020.0,76.46,47.84,1
Volvo,Hatchback,NMC,FWD,901.0,220214.0,10.89,,0.02967,0.7254,62.7,0.6,68.9,2015.0,45.91,11.13,0
Tata,SUV,NMC,AWD,121.0,43830.0,6.07,6.48,0.01358,0.4403,52.3,27.6,31.6,2020.0,82.89,39.12,0
Tesla,Hatchback,NCA,RWD,781.0,149609.0,10.76,43.78,0.03556,0.6465,76.1,29.1,42.3,2015.0,39.89,33.43,0
BYD,SUV,NMC,AWD,32.0,14159.0,10.86,2.67,0.01577,0.4837,51.9,,3.8,2015.0,94.45,34.12,0
Ford,Sedan,NMC,FWD,735.0,241963.0,11.13,43.04,0.03753,0.8036,82.3,100.0,70.1,2015.0,67.59,55.78,1
Honda,SUV,NMC,AWD,988.0,408137.0,10.11,41.33,0.04319,0.7388,62.7,44.7,,2016.0,83.64,55.99,1
GM,Crossover,LFP,RWD,1.0,,3.94,,0.01579,0.6146,29.2,1.6,16.3,,74.63,9.22,0
Tesla,SUV,NCA,FWD,124.0,61011.0,7.06,8.36,0.02255,,59.8,44.3,28.8,2019.0,88.69,46.38,0
Rivian,Crossover,NCA,RWD,647.0,196117.0,11.38,49.23,0.0423,0.8296,97.5,77.7,55.2,2015.0,66.98,29.24,1
Lucid,SUV,NCA,AWD,273.0,128891.0,10.14,20.79,0.0302,0.4978,72.7,47.4,40.3,2016.0,83.51,52.24,1
BYD,,LFP,AWD,391.0,114677.0,11.02,9.1,0.01721,0.6992,29.4,58.3,37.5,2015.0,65.36,46.05,0
Volkswagen,Sedan,NMC,AWD,753.0,265461.0,9.11,35.95,0.0321,0.6595,,36.8,92.0,2017.0,72.84,38.41,1
Honda,Crossover,NMC,FWD,722.0,196771.0,6.88,34.86,0.03252,0.7189,60.6,40.7,100.2,2019.0,55.83,29.5,1
Ford,Hatchback,NMC,FWD,1573.0,307458.0,10.1,50.67,0.0442,0.76,67.0,41.3,95.9,2016.0,39.74,38.7,1
Nissan,SUV,LMO,FWD,76.0,60278.0,,9.92,0.00716,0.5293,44.5,20.5,46.9,2022.0,116.5,27.98,0
BYD,SUV,LFP,FWD,1146.0,448288.0,9.84,26.62,,0.9571,51.9,,152.6,2016.0,85.49,48.13,1
Toyota,Hatchback,LFP,FWD,1695.0,429757.0,9.98,24.2,0.02438,,34.5,54.5,139.4,2016.0,48.91,39.21,1
BMW,Hatchback,NMC,FWD,305.0,68700.0,1.82,30.11,0.01747,0.7759,77.6,100.0,121.1,2024.0,54.92,21.69,1
Mercedes,Sedan,NMC,RWD,363.0,78641.0,4.0,17.51,0.02128,0.5344,58.2,8.3,64.7,2022.0,59.3,36.9,0
Volkswagen,Crossover,NMC,RWD,675.0,186543.0,9.89,31.88,0.02361,0.6173,60.5,26.7,64.1,2016.0,59.14,26.12,1
Toyota,SUV,LFP,FWD,199.0,66081.0,5.8,1.43,0.01582,0.5667,12.2,0.0,43.3,2020.0,102.15,18.43,0
BYD,Sedan,LFP,RWD,185.0,21025.0,2.9,0.2,0.01029,0.5209,17.7,9.8,24.2,2023.0,72.62,41.44,0
Mercedes,SUV,NMC,FWD,241.0,111581.0,5.88,17.5,0.01587,0.5288,60.8,35.7,58.7,2020.0,92.43,16.04,0
Kia,Van,NMC,AWD,681.0,300956.0,8.98,,0.03231,0.685,66.5,65.5,109.4,2017.0,86.2,57.68,1
MG,SUV,NMC,FWD,94.0,28982.0,1.92,9.63,0.01328,0.475,61.5,69.6,48.5,2024.0,84.33,37.55,0
Lucid,Crossover,NMC,,235.0,121080.0,5.09,10.78,0.01059,0.5149,45.4,0.0,82.0,2021.0,75.74,5.0,0
Tesla,Sedan,LFP,FWD,157.0,36949.0,6.03,3.75,0.00863,0.6367,19.5,26.5,17.2,2020.0,50.66,20.37,0
Volvo,Truck,,FWD,310.0,,9.68,26.5,0.03528,0.7106,84.1,100.0,50.9,2016.0,119.14,60.92,1
BYD,Sedan,LFP,RWD,98.0,37529.0,4.97,1.19,0.01029,0.6134,19.9,4.6,29.6,2021.0,61.86,26.42,0
Mercedes,Truck,NMC,AWD,116.0,94988.0,3.02,7.52,0.01512,0.4672,59.6,44.1,112.6,2023.0,113.52,40.78,0
Tesla,SUV,NCA,FWD,625.0,321633.0,9.13,36.71,,0.5702,79.7,70.1,115.4,2017.0,96.95,68.94,1
BMW,Sedan,NMC,FWD,704.0,247144.0,10.69,32.48,0.03078,0.6579,65.7,29.3,79.7,2015.0,62.83,26.49,1
Mahindra,Hatchback,NMC,RWD,55.0,41108.0,4.08,1.93,0.01069,0.4242,45.7,37.6,24.5,2022.0,54.68,36.65,0
Mercedes,Hatchback,NMC,FWD,1149.0,284805.0,8.16,43.64,0.03107,0.824,83.5,75.6,115.4,2018.0,,61.3,1
Tata,SUV,NMC,,509.0,205675.0,8.05,27.83,0.02487,0.6734,76.9,60.3,87.7,2018.0,88.26,,1
BMW,Crossover,NMC,AWD,862.0,,10.16,36.44,0.0297,0.6581,70.9,29.1,96.1,2016.0,65.14,37.49,1
Nissan,Crossover,LMO,AWD,378.0,129732.0,4.22,39.53,0.0216,0.7661,55.2,29.2,109.4,2022.0,69.37,30.72,1
Toyota,Truck,NMC,,73.0,500.0,2.02,0.2,0.00775,,,27.2,3.0,,114.55,40.55,0
Tesla,Truck,NMC,FWD,289.0,163625.0,,13.84,0.02082,0.5426,61.5,26.9,91.2,2020.0,114.28,39.96,0
BYD,Crossover,NMC,FWD,266.0,101308.0,5.88,12.12,,0.4945,46.2,31.0,57.7,2020.0,61.79,39.95,0
BMW,Truck,NMC,FWD,70.0,40676.0,3.81,2.48,0.01453,0.38,46.4,38.8,30.9,2022.0,133.33,61.92,0
,Sedan,NMC,AWD,1175.0,439900.0,11.25,46.68,0.03779,0.751,68.5,30.7,126.7,2015.0,70.59,28.89,1
Lucid,,NCA,FWD,247.0,75086.0,10.09,19.66,0.02629,0.4908,65.4,21.4,26.7,2016.0,67.25,32.9,0
MG,Truck,LFP,FWD,110.0,96175.0,6.07,0.2,0.01265,0.5369,14.6,0.0,60.1,2020.0,111.56,32.42,0
Tesla,Sedan,NMC,AWD,74.0,11417.0,2.26,9.25,0.01232,0.4931,61.7,81.6,3.0,2024.0,62.88,57.83,0
BMW,Hatchback,NCA,FWD,656.0,135901.0,4.85,41.17,0.0286,0.6739,86.9,71.0,96.3,2021.0,37.36,45.95,1
Volvo,Hatchback,NMC,FWD,491.0,93158.0,10.13,25.85,0.02757,0.6184,55.1,41.6,,2016.0,36.43,43.06,1
Rivian,Sedan,NMC,RWD,218.0,109826.0,4.91,12.3,0.01131,0.5108,55.5,,71.8,2021.0,69.66,45.65,0
Nissan,Hatchback,LMO,FWD,505.0,136784.0,4.08,48.15,0.03209,0.8565,,56.8,,2022.0,55.08,,1
Hyundai,SUV,,FWD,498.0,201761.0,8.75,27.8,0.03139,0.6592,62.2,38.0,77.9,2017.0,81.89,22.93,1
Mahindra,Crossover,NMC,FWD,298.0,128566.0,11.05,19.72,0.01709,0.5253,55.0,21.4,39.3,,80.35,38.19,0
BMW,Hatchback,NCA,AWD,550.0,167123.0,4.82,42.52,0.03234,0.7309,86.7,85.4,117.5,2021.0,61.07,36.05,1
Toyota,SUV,NMC,RWD,1030.0,450000.0,10.96,47.04,0.03949,0.7731,67.4,,,2015.0,89.69,51.26,1
Kia,SUV,NMC,FWD,37.0,22726.0,7.1,0.2,0.01404,0.4054,44.5,0.7,12.1,2019.0,92.01,30.29,0
Volkswagen,Crossover,NMC,FWD,411.0,132585.0,3.88,22.66,0.01829,0.577,52.4,28.5,109.4,2022.0,81.33,28.96,0
BMW,SUV,NMC,FWD,209.0,64560.0,9.22,19.12,0.02332,0.6221,70.7,74.2,23.2,2017.0,86.84,38.16,1
,Hatchback,NCA,FWD,1043.0,300963.0,9.81,46.3,0.03101,0.6379,73.5,30.0,104.5,2016.0,58.13,39.23,1
Tata,SUV,NMC,FWD,719.0,280176.0,8.84,,0.02617,0.7079,63.5,58.5,105.1,,84.28,49.18,1
Lucid,Crossover,NMC,AWD,1.0,8979.0,,0.2,0.01218,0.3397,39.9,48.9,3.0,2019.0,64.46,50.13,0
MG,Hatchback,,RWD,650.0,132082.0,7.1,13.44,0.01725,0.8194,42.9,76.9,59.6,2019.0,43.12,33.74,0
Kia,Crossover,LFP,RWD,454.0,149879.0,4.85,13.77,,0.6646,27.0,40.2,100.6,2021.0,71.72,39.85,0
Tata,Truck,NMC,,55.0,40693.0,4.94,1.69,0.00249,0.3964,55.6,12.5,,2021.0,115.67,27.17,0
Renault,Truck,LMO,AWD,,67070.0,3.89,16.1,0.01543,0.5527,62.8,0.0,60.4,2022.0,115.4,22.61,0
Ford,Hatchback,LFP,AWD,1.0,500.0,2.07,,0.01783,0.5763,25.8,21.6,3.0,2024.0,40.31,15.33,0
Volvo,SUV,NMC,FWD,117.0,67813.0,4.16,9.98,,0.3965,43.3,35.9,53.8,2022.0,98.51,48.19,0
BYD,Sedan,LFP,FWD,247.0,47313.0,10.75,3.62,0.01776,0.5843,30.9,12.0,10.5,,64.62,38.17,0
Tesla,Sedan,NMC,AWD,659.0,200089.0,7.98,35.07,0.03232,0.7237,65.3,43.6,82.0,2018.0,56.23,30.09,1
BYD,Hatchback,LFP,FWD,540.0,127756.0,4.1,,0.00784,0.5814,9.7,61.2,94.0,2022.0,52.84,62.51,0
,SUV,NMC,AWD,770.0,349450.0,8.99,38.93,0.0355,0.6841,68.0,35.1,130.2,2017.0,90.48,37.64,1
Rivian,Van,NMC,RWD,97.0,,1.88,11.06,0.01486,0.5685,65.8,59.9,14.0,2024.0,87.44,39.99,0
Tesla,Truck,,FWD,493.0,349321.0,10.11,37.46,0.0306,0.7103,89.8,66.5,113.5,2016.0,133.5,37.4,1
BMW,Hatchback,NMC,FWD,363.0,80964.0,2.92,13.76,0.01683,,49.8,17.5,75.2,2023.0,51.88,35.14,0
Rivian,SUV,NMC,AWD,267.0,122810.0,10.13,12.86,0.01417,0.4718,48.6,5.3,41.2,2016.0,78.09,33.11,0
Mahindra,SUV,NMC,AWD,387.0,188112.0,4.91,26.25,0.03576,0.5839,70.2,68.4,128.6,2021.0,96.28,50.87,1
Audi,Sedan,NMC,FWD,575.0,228008.0,6.08,29.83,0.02567,0.6774,64.0,64.0,119.8,2020.0,73.49,34.64,1
Rivian,SUV,NMC,,278.0,113151.0,10.01,23.86,,0.6247,82.1,91.5,40.7,2016.0,90.04,,1
Tesla,SUV,NMC,FWD,145.0,61536.0,3.95,11.91,0.01727,0.4753,50.1,22.9,47.4,2022.0,88.46,35.36,0
MG,Sedan,LFP,AWD,359.0,101948.0,9.0,4.08,0.01311,0.6228,21.6,5.4,,2017.0,57.69,36.08,0
Kia,Sedan,NMC,FWD,66.0,30864.0,,6.34,0.01614,0.4718,53.2,31.6,9.5,2017.0,66.69,32.18,0
Tata,Truck,LFP,AWD,224.0,132831.0,7.81,1.79,0.00333,0.6449,19.3,27.4,56.1,2018.0,121.12,42.08,0
Ford,Hatchback,LFP,RWD,868.0,238498.0,11.26,13.25,0.02258,0.7412,19.3,55.0,75.7,2015.0,47.09,47.89,0
GM,Hatchback,NMC,RWD,790.0,237242.0,11.0,37.6,0.02981,0.7104,74.1,75.1,72.9,2015.0,58.55,66.02,1
Tesla,SUV,NCA,AWD,146.0,96994.0,7.1,7.17,0.01548,0.3861,62.6,15.1,49.6,2019.0,101.1,26.11,0
Lucid,Hatchback,NCA,FWD,183.0,,11.23,11.45,0.02042,0.3998,,17.5,3.0,2015.0,29.69,33.12,0
GM,SUV,NMC,AWD,575.0,,,34.94,0.02601,0.745,57.3,59.6,80.7,2015.0,84.07,41.67,1
Mercedes,SUV,NMC,AWD,727.0,355612.0,9.94,35.97,0.02624,0.6995,59.0,50.1,117.1,2016.0,100.11,49.58,1
Volkswagen,SUV,LFP,AWD,381.0,213038.0,9.19,0.2,0.01295,0.5699,23.0,31.2,78.2,2017.0,93.9,38.72,0
Audi,Crossover,NMC,FWD,621.0,269658.0,8.0,35.61,0.02904,0.8058,69.9,86.7,112.1,2018.0,87.43,46.45,1
Mahindra,SUV,LFP,FWD,205.0,72613.0,3.02,3.82,0.01025,0.5803,19.5,40.7,82.1,2023.0,81.16,55.12,0
Mercedes,SUV,NCA,AWD,443.0,193163.0,5.1,40.66,0.02748,0.7426,92.2,94.2,125.9,2021.0,86.27,50.31,1
GM,SUV,NMC,AWD,484.0,,8.08,21.22,0.02545,0.6018,,37.6,95.8,2018.0,93.49,34.04,0
GM,Sedan,NMC,RWD,186.0,72394.0,7.06,10.86,0.02349,0.4619,58.5,40.1,35.1,,63.39,46.51,0
Volvo,,LFP,RWD,316.0,134689.0,10.19,6.62,0.03128,,27.6,48.8,43.7,2016.0,75.13,29.2,0
MG,Truck,LFP,,276.0,218156.0,8.09,4.91,,0.6544,23.3,38.7,90.1,2018.0,117.16,37.59,0
Tesla,Sedan,NMC,RWD,1541.0,397277.0,10.15,54.47,0.04258,0.8982,64.0,63.8,131.7,2016.0,54.92,45.4,1
Mercedes,SUV,NMC,AWD,637.0,341214.0,9.29,33.44,0.02731,0.6838,69.5,65.8,117.4,2017.0,106.67,44.88,1
Ford,SUV,NMC,FWD,556.0,320015.0,9.1,27.74,0.03117,0.6158,66.6,45.0,122.7,2017.0,,44.68,1
BYD,SUV,LFP,AWD,1.0,,9.12,0.2,0.01445,0.5285,26.8,31.0,41.8,2017.0,101.73,41.61,0
Rivian,SUV,NMC,FWD,283.0,153441.0,10.04,16.75,0.02096,0.5381,54.6,27.9,46.6,2016.0,83.87,31.75,0
BMW,Hatchback,NMC,AWD,389.0,77338.0,,21.46,0.01672,0.5829,57.7,15.9,47.0,2020.0,36.17,42.56,0
MG,Truck,LFP,AWD,79.0,36629.0,2.76,1.33,,0.5813,24.5,32.9,29.5,2023.0,99.77,20.64,0
Hyundai,Crossover,NMC,FWD,676.0,267496.0,9.0,33.92,0.03633,0.6848,80.9,47.6,101.2,2017.0,74.61,27.24,1
Rivian,Crossover,,RWD,483.0,162165.0,4.98,26.1,0.02904,0.6406,71.2,33.5,105.4,2021.0,64.32,26.42,1
Tesla,SUV,NCA,FWD,418.0,227144.0,10.86,34.96,0.0216,0.6998,85.9,88.9,62.8,2015.0,111.09,48.98,1
Toyota,SUV,NMC,FWD,550.0,274128.0,8.78,27.54,0.02685,0.6565,63.7,27.3,98.3,2017.0,102.64,41.79,1
Mercedes,Sedan,NMC,RWD,357.0,125612.0,5.81,13.6,,0.4687,50.8,51.5,74.1,2020.0,65.88,,0
Tesla,Crossover,NCA,RWD,379.0,140756.0,3.77,,0.03532,0.6044,83.6,100.0,122.8,2022.0,68.53,34.08,1
Volkswagen,Sedan,LFP,AWD,1.0,4740.0,7.02,0.2,0.01638,0.6158,28.0,12.7,3.0,2019.0,65.83,43.77,0
Audi,Hatchback,NMC,AWD,1853.0,420489.0,8.06,61.76,0.04013,0.8735,67.0,78.4,169.1,2018.0,44.1,44.59,1
Toyota,Truck,,FWD,474.0,272892.0,5.94,24.82,0.02622,0.6232,65.8,72.5,146.6,2020.0,114.12,53.53,1
GM,Truck,NMC,FWD,381.0,259847.0,10.15,25.53,0.02592,,71.0,52.5,87.7,2016.0,127.69,,1
Volkswagen,Truck,NMC,AWD,448.0,226955.0,9.05,27.12,,0.579,65.5,64.1,85.2,2017.0,102.76,45.19,1
Tesla,SUV,NCA,AWD,,,4.72,5.96,0.01315,0.3971,70.5,38.7,43.3,2021.0,88.42,44.39,0
MG,Sedan,NMC,RWD,1112.0,399463.0,10.02,43.85,0.03738,0.7908,64.8,56.8,137.4,2016.0,72.7,48.76,1
Audi,,NMC,RWD,492.0,189023.0,9.73,31.96,0.03354,0.7403,73.2,57.2,62.9,2016.0,77.91,44.09,1
BYD,Crossover,LFP,FWD,374.0,83316.0,5.94,3.66,0.01076,0.5775,16.8,0.1,46.8,2020.0,73.44,32.22,0
Tesla,Crossover,NCA,AWD,745.0,296443.0,9.86,45.8,0.03489,0.6274,90.9,33.8,101.0,2016.0,79.34,28.42,1
BMW,,NCA,RWD,794.0,368087.0,9.85,45.66,0.03601,0.6344,85.4,36.4,126.7,2016.0,89.04,40.1,1
Tesla,Sedan,NCA,AWD,343.0,142194.0,,24.03,0.02644,0.4976,72.8,36.0,54.1,2016.0,75.51,43.4,1
,SUV,NMC,RWD,722.0,294057.0,,35.17,0.02835,0.6313,57.9,47.4,92.7,2016.0,91.64,,1
Volvo,SUV,LFP,RWD,351.0,111274.0,9.9,7.15,0.02247,0.766,29.7,35.7,,2016.0,74.98,19.12,0
Hyundai,SUV,NMC,FWD,260.0,141667.0,10.0,8.1,0.02341,0.4511,55.8,0.0,44.7,2016.0,102.34,9.0,0
Hyundai,SUV,NMC,RWD,1038.0,381778.0,10.64,43.1,0.03626,0.7474,68.2,47.9,118.0,2015.0,80.76,46.02,1
Renault,Sedan,LMO,FWD,615.0,220698.0,10.22,51.45,0.04289,0.8815,60.2,21.1,75.4,2016.0,72.44,35.49,1
Mercedes,Sedan,NCA,AWD,,7788.0,5.01,2.15,0.00965,0.3666,62.3,39.7,5.7,2021.0,69.37,42.48,0
Audi,SUV,NMC,FWD,111.0,50146.0,4.3,18.33,0.02419,0.6498,74.5,98.7,39.9,2022.0,88.2,47.68,1
Hyundai,Sedan,NMC,RWD,,450000.0,10.95,54.38,0.03704,0.8958,69.9,45.5,145.3,2015.0,58.04,34.68,1
Renault,Sedan,NMC,RWD,548.0,153651.0,11.01,31.9,0.02727,0.7042,70.0,27.2,,2015.0,,16.24,1
Mercedes,Sedan,NMC,FWD,,152956.0,4.0,29.93,0.02963,0.6104,59.1,,123.8,2022.0,63.08,61.34,1
Mercedes,Hatchback,NMC,RWD,794.0,93619.0,8.88,37.42,0.02853,0.6908,71.3,30.4,36.3,2017.0,25.0,22.32,1
BMW,Truck,NMC,AWD,617.0,354382.0,10.98,40.09,0.04596,0.7458,,54.9,108.4,2015.0,127.15,25.52,1
Kia,Hatchback,NMC,FWD,804.0,162909.0,6.2,35.15,0.02213,0.6666,64.9,49.0,92.6,2020.0,40.49,,0
Renault,SUV,NMC,RWD,219.0,99590.0,7.79,10.97,0.01951,0.4454,45.5,52.3,36.0,2018.0,92.22,58.04,0
Mahindra,Sedan,LTO,AWD,1.0,22461.0,2.16,0.2,,0.2134,9.7,15.0,22.5,2024.0,65.22,42.15,0
Nissan,Van,NMC,AWD,829.0,293110.0,11.2,40.89,,0.7347,59.1,33.7,,2015.0,73.43,37.42,1
Nissan,Hatchback,NMC,FWD,1302.0,347853.0,9.96,50.91,0.03113,0.7791,63.9,41.8,112.9,2016.0,50.82,26.56,1
Tesla,Sedan,NCA,AWD,873.0,311368.0,8.16,50.17,0.03436,0.7215,80.2,90.1,127.1,2018.0,69.29,66.34,1
Tesla,Van,NMC,AWD,413.0,167424.0,8.04,26.35,0.02533,0.6228,72.7,42.3,68.3,2018.0,76.48,24.17,0
Hyundai,Hatchback,LFP,FWD,393.0,110982.0,9.07,1.4,0.01294,0.6122,24.0,0.0,44.4,2017.0,63.88,21.11,0
Tesla,Van,NMC,FWD,255.0,82691.0,4.95,15.78,0.01747,0.492,57.4,47.3,54.8,2021.0,86.89,34.48,0
,,NMC,AWD,246.0,77337.0,7.09,15.7,0.01548,0.5579,46.8,43.3,36.9,2019.0,66.08,49.86,0
Toyota,Sedan,NMC,AWD,1193.0,422767.0,11.21,60.02,,1.0592,89.5,100.0,125.9,2015.0,71.52,71.55,1
BYD,Truck,NMC,RWD,184.0,137133.0,9.76,10.59,0.01912,0.427,46.0,20.2,47.0,2016.0,120.94,25.75,0
BYD,Sedan,LFP,FWD,240.0,122287.0,3.98,10.53,0.01256,0.7812,43.0,48.5,97.9,2022.0,80.13,30.8,0
Rivian,SUV,NMC,AWD,669.0,355326.0,8.73,39.04,0.02751,0.696,71.2,83.0,136.2,2017.0,98.39,52.03,1
Renault,SUV,NMC,AWD,553.0,240043.0,5.78,26.78,0.02364,,61.9,55.8,141.0,2020.0,85.45,32.27,1
Audi,Sedan,NMC,FWD,687.0,181026.0,8.23,33.1,0.02918,0.665,66.4,46.0,70.3,2018.0,58.0,53.82,1
Mercedes,SUV,NMC,FWD,454.0,220256.0,5.96,28.21,0.02146,0.6297,67.3,98.0,126.5,2020.0,,48.98,1
Volvo,Hatchback,NMC,FWD,896.0,160456.0,8.88,43.85,0.03329,0.7896,62.9,60.2,58.6,2017.0,37.44,37.03,1
Tesla,SUV,NCA,AWD,327.0,161597.0,3.98,23.36,0.0201,0.5408,67.5,73.2,131.8,2022.0,101.05,60.73,1
,Truck,NCA,FWD,239.0,131701.0,10.95,16.35,0.02625,0.493,,16.3,39.5,2015.0,129.6,20.45,0
Tesla,Sedan,NCA,AWD,829.0,283626.0,,43.45,0.02663,0.6498,80.3,53.4,107.5,2017.0,68.66,48.96,1
Mercedes,SUV,NCA,RWD,,24922.0,,2.48,0.01161,0.4071,61.7,19.8,22.5,2022.0,98.89,36.02,0
Lucid,Sedan,NMC,AWD,1.0,500.0,1.93,2.61,0.01172,,51.3,36.5,13.9,2024.0,64.24,,0
GM,Crossover,LFP,AWD,143.0,19383.0,7.88,1.74,0.01562,0.6206,23.4,43.1,7.2,2018.0,75.15,66.5,0
BYD,Sedan,LFP,FWD,1.0,39375.0,2.71,2.17,0.01113,0.5804,24.2,33.3,48.4,2023.0,74.64,30.7,0
Tata,Sedan,LFP,RWD,341.0,113279.0,5.18,5.84,0.01309,0.6593,23.8,34.9,81.9,2021.0,70.05,35.24,0
GM,,LFP,AWD,229.0,33110.0,2.38,1.16,0.00978,0.5642,15.1,15.4,54.2,2024.0,65.32,27.33,0
Tata,Hatchback,LFP,FWD,543.0,92020.0,9.98,12.55,0.02042,0.7668,38.1,83.8,34.0,2016.0,35.88,51.95,1
Lucid,Sedan,NMC,AWD,1057.0,260982.0,9.8,38.62,0.03477,0.695,74.5,28.8,90.4,2016.0,51.95,39.55,1
Mercedes,,NMC,AWD,1030.0,381293.0,10.26,46.22,0.0283,0.8635,83.9,59.0,125.1,2016.0,76.29,30.54,1
Mercedes,SUV,NMC,AWD,353.0,177605.0,11.06,21.71,0.02396,0.5178,62.9,54.0,53.2,2015.0,85.18,51.65,1
BYD,Sedan,LFP,RWD,716.0,125756.0,4.18,8.16,0.0106,0.6265,15.4,5.9,106.0,2022.0,40.01,23.78,0
Tesla,SUV,NMC,FWD,,138635.0,7.81,13.09,0.01667,0.5142,52.0,,57.3,2018.0,90.99,5.31,0
BMW,Sedan,NMC,RWD,84.0,19530.0,2.75,3.47,0.00877,,53.2,31.7,18.3,2023.0,63.42,41.84,0
Hyundai,Sedan,LFP,FWD,,58678.0,,3.78,0.01234,0.6092,16.3,59.4,45.9,2022.0,70.15,61.44,0
Tesla,Truck,NCA,RWD,2.0,14909.0,5.05,0.44,0.01566,0.2972,50.7,58.5,8.5,,116.96,36.75,0
Hyundai,SUV,LFP,FWD,841.0,376383.0,8.87,15.2,0.02552,,33.7,78.0,140.2,2017.0,90.51,68.91,1
Tesla,Sedan,NMC,AWD,335.0,94098.0,5.86,18.47,0.01546,0.5074,57.6,20.9,54.3,2020.0,62.96,23.03,0
Nissan,Sedan,LMO,FWD,680.0,243317.0,9.08,,0.04069,0.9508,63.8,35.1,88.6,2017.0,72.2,27.1,1
Volkswagen,Hatchback,NMC,RWD,1164.0,238637.0,9.13,45.15,,0.7673,64.4,59.1,81.8,2017.0,39.34,40.67,1
Tesla,Truck,NMC,FWD,434.0,203442.0,10.8,19.06,0.02606,0.5172,55.8,44.8,63.2,2015.0,103.0,40.06,1
Hyundai,Hatchback,NMC,AWD,815.0,214938.0,9.78,34.68,0.02962,0.6773,68.3,37.5,71.3,2016.0,53.61,48.55,1
BMW,SUV,NMC,AWD,125.0,87904.0,,9.38,0.01632,0.5118,60.1,32.1,30.0,2016.0,98.03,22.32,0
Tesla,Sedan,NCA,AWD,1019.0,313614.0,7.23,57.29,,0.8364,93.8,75.6,139.9,,59.99,38.95,1
,SUV,NCA,RWD,476.0,249135.0,10.82,31.54,0.02423,0.634,70.0,48.2,75.6,2015.0,100.0,32.97,1
MG,SUV,NMC,AWD,302.0,141051.0,6.92,17.89,0.02442,0.5029,50.7,7.5,69.3,2019.0,76.39,20.43,0
Hyundai,Hatchback,NMC,AWD,1002.0,282238.0,8.06,37.5,0.03034,0.683,69.4,62.4,114.9,2018.0,53.78,51.63,1
BMW,Van,NMC,AWD,472.0,207323.0,7.98,32.36,0.02639,0.7814,74.0,94.7,89.1,2018.0,82.69,47.57,1
Tesla,Hatchback,LFP,FWD,481.0,148612.0,4.91,8.27,0.02091,0.6207,17.0,68.3,116.1,2021.0,54.24,55.53,0
Tesla,Hatchback,NCA,,712.0,179901.0,4.73,41.83,0.03014,0.6481,93.5,47.5,122.3,2021.0,50.51,18.3,1
Tesla,Crossover,NMC,FWD,674.0,267606.0,11.17,35.35,0.03973,0.7192,67.1,18.9,80.8,2015.0,76.11,26.81,1
Nissan,,NMC,FWD,279.0,83394.0,4.11,13.1,0.02016,0.479,44.8,41.3,67.6,2022.0,68.42,42.16,0
Renault,SUV,NMC,AWD,717.0,277269.0,11.2,38.58,0.03353,0.8106,73.2,84.9,86.6,2015.0,84.41,29.94,1
Hyundai,Sedan,NMC,FWD,341.0,89673.0,7.91,15.9,0.02235,0.4809,51.7,4.2,40.0,2018.0,55.08,27.55,0
Renault,Hatchback,NMC,RWD,139.0,45752.0,1.95,9.57,0.01331,0.4359,60.6,40.4,74.4,2024.0,51.42,31.27,0
Hyundai,Crossover,,,655.0,229235.0,7.27,35.85,0.03757,0.741,85.7,86.4,106.1,2019.0,72.03,58.61,1
Audi,SUV,NMC,RWD,422.0,223783.0,,29.18,0.02659,0.6085,60.2,43.6,110.2,2019.0,91.31,34.97,1
Toyota,Sedan,LFP,AWD,692.0,241313.0,8.1,19.95,0.0191,0.9255,34.8,100.0,107.7,2018.0,75.46,,1
Mercedes,Hatchback,NMC,FWD,20.0,25094.0,11.12,6.06,0.01586,0.4222,46.7,35.9,7.8,2015.0,59.86,37.93,0
Hyundai,Truck,,FWD,393.0,295546.0,8.16,22.97,0.02415,2.1049,59.1,37.3,117.8,,128.89,45.26,0
BMW,SUV,NMC,FWD,421.0,,6.0,20.39,0.02125,0.5495,51.6,41.5,109.0,2020.0,93.4,46.68,0
Hyundai,Sedan,NMC,,514.0,180032.0,,30.46,0.03067,0.6341,53.6,45.5,56.4,2016.0,65.81,29.96,1
Nissan,SUV,LMO,FWD,126.0,51986.0,8.05,12.58,0.01943,0.5231,38.9,23.4,19.7,2018.0,95.5,45.67,0
Nissan,SUV,NMC,FWD,768.0,297363.0,9.22,33.97,0.02874,0.6654,53.4,60.5,108.9,2017.0,77.5,69.85,1
Kia,Truck,NMC,FWD,673.0,395940.0,9.25,36.28,0.03882,0.6479,65.6,88.9,139.6,2017.0,118.65,50.63,1
Renault,Hatchback,LMO,RWD,710.0,175678.0,6.33,54.58,0.04119,0.9331,65.8,35.2,91.1,2020.0,50.14,36.87,1
BYD,Sedan,LFP,FWD,1130.0,366379.0,10.26,18.12,0.02468,0.7926,25.0,80.8,117.7,2016.0,63.64,39.25,1
Hyundai,SUV,LFP,RWD,190.0,110744.0,8.18,1.3,0.01988,0.5506,14.8,30.3,,2018.0,93.59,33.17,0
Hyundai,SUV,NMC,FWD,749.0,395691.0,10.22,44.83,0.03264,0.8745,79.3,100.0,126.1,2016.0,98.96,56.9,1
Hyundai,Sedan,LFP,RWD,152.0,25548.0,9.91,2.11,,0.5968,13.6,56.8,12.0,2016.0,68.59,47.83,0
MG,Truck,NMC,FWD,430.0,240727.0,7.11,20.52,0.02342,0.5491,61.4,46.9,110.9,2019.0,114.0,22.48,0
Ford,SUV,LFP,RWD,98.0,3914.0,5.03,0.2,0.00744,0.5606,22.6,29.4,,2021.0,92.78,61.37,0
Renault,Sedan,NMC,RWD,512.0,211114.0,11.0,30.44,0.02438,0.6586,59.1,33.4,64.8,2015.0,76.7,32.57,1
MG,Crossover,LFP,RWD,435.0,142937.0,6.9,8.42,0.01915,0.6596,17.0,27.7,67.0,2019.0,79.42,29.82,0
Hyundai,Sedan,NMC,FWD,49.0,8837.0,1.97,9.07,0.01995,0.4994,68.2,56.3,3.0,2024.0,67.45,32.8,0
Ford,SUV,NMC,RWD,606.0,270207.0,10.77,28.76,,0.6173,60.5,24.0,80.7,2015.0,97.35,28.61,1
BMW,Hatchback,NMC,,1309.0,258133.0,11.32,48.43,0.03977,0.7994,69.5,36.8,76.5,2015.0,42.47,51.19,1
Audi,Sedan,NCA,AWD,133.0,40402.0,3.34,7.39,0.01762,0.3556,57.8,18.4,19.3,2023.0,74.08,46.16,0
,Crossover,NMC,FWD,,169052.0,10.92,27.16,0.03153,0.6448,62.4,46.0,54.0,2015.0,69.27,32.92,1
Mahindra,SUV,LFP,FWD,581.0,299738.0,6.65,12.22,0.01464,0.807,38.8,70.5,147.4,2019.0,98.51,39.7,0
Tesla,Hatchback,NCA,FWD,671.0,187213.0,7.84,50.67,0.03348,0.8658,90.4,100.0,77.1,2018.0,54.16,29.86,1
Hyundai,Hatchback,LFP,AWD,239.0,60444.0,10.97,2.26,0.01715,0.5992,17.8,36.6,21.8,2015.0,65.44,47.93,0
MG,Crossover,LFP,RWD,27.0,16938.0,3.86,0.2,0.01708,0.5364,23.5,33.0,18.2,,68.32,41.08,0
Mahindra,SUV,NMC,AWD,744.0,303215.0,9.16,35.38,0.03168,0.6362,64.6,77.9,107.7,2017.0,87.17,58.84,1
Toyota,Crossover,NMC,FWD,202.0,62618.0,5.1,12.21,0.01115,0.4754,46.8,22.1,34.8,2021.0,57.47,22.47,0
Toyota,Sedan,NMC,FWD,312.0,102206.0,2.12,17.52,0.01909,0.4941,62.4,49.2,148.0,2024.0,58.66,50.58,0
Nissan,Sedan,LMO,FWD,748.0,239242.0,7.95,54.25,0.03281,0.9336,68.5,37.4,104.2,2018.0,65.08,,1
Ford,SUV,NMC,FWD,363.0,185138.0,,18.17,0.01745,0.5222,56.8,67.3,80.8,2019.0,92.99,63.6,1
Tesla,SUV,LFP,AWD,314.0,77531.0,1.87,5.73,0.01308,0.6494,25.1,32.8,141.5,2024.0,85.5,42.77,0
Honda,Sedan,NMC,RWD,1053.0,349091.0,10.25,41.35,0.03709,0.7585,57.8,54.4,113.7,2016.0,67.43,49.23,1
Volvo,Sedan,NMC,FWD,775.0,279540.0,11.06,50.38,0.03633,0.9387,71.7,100.0,84.9,2015.0,72.01,34.99,1
Volvo,Van,NMC,AWD,872.0,352544.0,10.89,41.45,0.03045,0.7366,66.5,50.0,106.9,2015.0,77.41,43.67,0
Nissan,Crossover,LMO,AWD,259.0,94834.0,4.04,30.29,0.02079,0.7577,59.8,84.8,66.9,2022.0,62.88,61.6,1
GM,,NMC,RWD,,110583.0,4.94,,0.01558,0.5001,,29.2,69.8,2021.0,63.39,57.12,0
Volkswagen,SUV,LFP,AWD,349.0,117861.0,11.17,0.2,0.00563,0.5768,8.9,13.7,36.3,2015.0,89.96,32.93,0
Kia,Hatchback,LFP,AWD,72.0,33070.0,7.1,0.2,0.00855,0.5852,17.0,33.9,11.8,2019.0,48.61,51.47,0
Volkswagen,Crossover,NMC,FWD,119.0,58072.0,6.18,6.92,,,52.6,23.3,32.5,2020.0,98.65,28.59,0
BYD,Hatchback,LFP,AWD,341.0,67957.0,10.35,0.2,0.01187,0.5704,22.1,38.5,25.9,2016.0,44.24,63.19,0
Mercedes,Hatchback,NCA,FWD,1174.0,255037.0,7.8,51.62,0.03847,0.701,78.6,61.5,105.8,2018.0,43.01,44.31,1
BYD,Crossover,LFP,AWD,282.0,97196.0,3.79,9.57,0.01574,0.7067,31.8,35.5,78.1,2022.0,76.06,28.89,0
Mahindra,Sedan,LFP,FWD,1086.0,347590.0,,25.21,0.02881,0.9068,43.3,80.4,105.5,2015.0,60.61,35.8,1
BMW,Crossover,NCA,RWD,,257245.0,8.86,36.03,0.0346,0.6086,80.9,28.5,100.0,2017.0,80.52,20.5,1
Tesla,Sedan,NCA,RWD,95.0,30375.0,4.01,10.9,0.01764,0.4545,,53.7,23.1,2022.0,68.07,43.34,1
MG,SUV,NMC,AWD,678.0,257412.0,10.08,40.83,0.0344,0.7914,86.3,49.6,80.4,2016.0,76.51,19.26,1
Rivian,SUV,NMC,FWD,85.0,21506.0,5.12,1.86,0.00557,0.4006,50.7,45.1,14.4,2021.0,89.86,40.16,0
Volvo,SUV,NMC,FWD,323.0,,6.95,16.5,0.0248,0.535,61.1,54.3,77.6,2019.0,97.91,40.89,1
Volkswagen,SUV,NMC,FWD,622.0,262947.0,8.94,32.55,0.02466,0.6149,57.1,47.7,95.2,2017.0,89.19,49.06,1
Lucid,,NCA,RWD,287.0,138470.0,9.98,22.37,0.02601,0.4853,67.3,31.3,44.3,2016.0,81.7,43.71,1
Nissan,Hatchback,NMC,RWD,81.0,19693.0,4.61,1.63,0.00552,0.4902,52.8,8.4,14.2,2021.0,43.3,11.85,0
Tesla,Crossover,NCA,AWD,38.0,21399.0,6.02,0.2,0.01647,0.3424,62.2,27.1,3.0,2020.0,78.22,49.45,0
Mercedes,Sedan,NMC,FWD,533.0,157416.0,7.06,29.15,0.03089,0.6889,68.7,40.6,68.5,2019.0,61.81,34.22,0
Kia,SUV,NMC,FWD,642.0,,6.97,34.08,0.02815,0.6648,69.9,22.9,148.0,2019.0,97.26,28.19,1
Toyota,SUV,LFP,RWD,200.0,105558.0,6.0,0.2,0.00572,0.5686,9.0,26.4,63.3,2020.0,91.83,33.68,0
Honda,Sedan,NMC,FWD,538.0,153914.0,5.04,27.25,0.02556,0.5767,53.1,43.9,97.9,2021.0,60.2,61.37,0
MG,Sedan,NMC,FWD,126.0,38007.0,2.93,11.18,0.01294,0.4383,61.0,52.3,,,76.1,44.54,0
Tesla,Truck,NMC,AWD,300.0,111202.0,4.9,13.17,0.0174,0.5035,50.4,32.8,67.0,2021.0,117.71,64.08,0
Rivian,Sedan,NMC,AWD,1069.0,305246.0,9.84,53.64,0.03704,1.0425,75.5,100.0,107.1,,52.29,48.42,1
Volkswagen,SUV,NMC,FWD,61.0,29988.0,6.01,3.22,0.01331,0.3778,50.6,37.1,14.4,2020.0,79.98,51.94,0
BYD,Crossover,LFP,RWD,81.0,34668.0,4.92,2.04,0.01186,0.5774,22.7,37.8,17.0,2021.0,54.51,43.13,0
Mahindra,Hatchback,NMC,FWD,1700.0,304195.0,10.21,51.65,0.04307,0.7654,75.8,34.8,97.9,2016.0,36.59,34.32,1
Volkswagen,Truck,NMC,RWD,80.0,53885.0,8.89,4.48,0.01152,0.4601,48.7,10.7,19.5,2017.0,127.45,11.73,0
Nissan,Truck,NMC,FWD,308.0,167819.0,,17.8,0.02972,0.5017,51.7,34.3,63.1,2017.0,123.21,49.21,1
,Crossover,NMC,RWD,116.0,39808.0,3.03,7.89,0.01418,0.4456,60.3,6.0,29.1,2023.0,70.57,28.01,0
Tesla,SUV,NMC,RWD,319.0,150877.0,7.83,14.11,0.01886,0.5735,66.9,48.3,59.0,2018.0,102.45,41.79,0
Tesla,Hatchback,NCA,FWD,909.0,222769.0,8.95,42.19,0.03441,0.6417,79.1,35.1,84.9,2017.0,50.98,18.19,1
Volvo,SUV,NMC,FWD,601.0,239680.0,8.81,30.11,0.02914,0.6942,60.7,48.8,93.1,2017.0,85.26,59.12,1
Mercedes,Truck,NMC,RWD,52.0,33221.0,9.97,6.88,0.01447,0.4508,59.4,36.5,11.9,2016.0,132.05,15.73,0
BMW,Crossover,NMC,FWD,328.0,123370.0,10.82,15.06,0.02422,0.4682,64.6,1.0,37.3,2015.0,82.54,,0
Kia,Sedan,LFP,AWD,271.0,91776.0,,5.67,0.01688,0.606,29.3,49.9,71.4,2021.0,65.56,54.05,0
BMW,Hatchback,NMC,FWD,1066.0,250461.0,7.97,45.11,0.03691,0.7275,65.7,56.0,101.8,2018.0,45.8,43.38,1
Toyota,Crossover,NMC,AWD,,261904.0,8.9,38.84,0.0409,0.7119,66.3,75.7,96.6,2017.0,61.05,,1
Rivian,SUV,NCA,FWD,74.0,35337.0,10.03,6.23,0.01877,0.3694,63.3,20.6,15.5,2016.0,92.22,20.36,0
Nissan,Sedan,LMO,FWD,383.0,109520.0,7.09,36.8,0.03051,0.7441,62.2,12.0,51.7,2019.0,57.22,29.31,0
Kia,Sedan,,FWD,556.0,213613.0,8.2,28.74,0.0246,0.5926,55.9,42.3,80.9,2018.0,73.81,42.01,1
Mercedes,,NMC,RWD,53.0,4154.0,2.14,3.36,0.01047,0.3978,42.9,25.6,3.0,2024.0,107.46,53.4,0
Ford,Hatchback,NMC,FWD,1288.0,341994.0,10.0,48.87,0.03537,0.817,73.8,45.8,111.7,2016.0,54.1,48.7,1
Ford,Hatchback,LFP,FWD,,263757.0,9.99,17.47,0.02275,0.7766,25.5,0.0,91.5,2016.0,45.41,24.52,0
Kia,Crossover,NMC,FWD,28.0,35254.0,9.25,7.56,0.02157,0.475,64.6,15.0,17.3,2017.0,70.9,7.93,0
Volkswagen,Crossover,NMC,RWD,965.0,373152.0,11.32,45.6,0.03309,0.8301,71.2,75.8,110.0,2015.0,73.76,62.17,1
Ford,Hatchback,LFP,RWD,277.0,60524.0,3.07,1.36,0.01243,0.6192,,45.9,62.3,2023.0,47.35,60.43,0
Honda,Hatchback,NMC,FWD,384.0,56902.0,1.64,22.07,0.02147,0.5685,50.8,28.6,106.3,2024.0,34.38,28.07,0
Ford,Hatchback,NMC,FWD,50.0,38405.0,2.02,0.2,0.00634,0.3793,48.0,26.0,53.4,2024.0,40.73,36.87,0
BYD,SUV,LFP,FWD,79.0,10588.0,11.05,0.2,0.01167,0.5723,17.3,0.0,3.0,2015.0,85.78,12.38,0
MG,Sedan,LFP,FWD,386.0,161747.0,6.95,10.33,0.02021,0.6657,20.6,42.3,79.0,2019.0,82.36,30.04,0
Volkswagen,Sedan,NMC,AWD,668.0,203028.0,6.06,36.77,0.02403,0.6806,61.7,58.4,114.0,2020.0,62.74,28.55,1
Ford,SUV,NMC,AWD,243.0,98799.0,4.29,11.86,0.00963,0.4135,59.9,59.3,73.8,2022.0,,57.29,0
Kia,SUV,NMC,FWD,506.0,251403.0,9.01,,0.02426,0.6718,68.9,,88.9,2017.0,94.35,48.31,1
Audi,Sedan,,AWD,133.0,69846.0,2.23,8.45,0.01682,0.5283,67.9,17.4,96.5,2024.0,64.79,31.09,0
Tesla,Hatchback,NMC,FWD,1348.0,224618.0,7.01,54.16,0.04236,0.8744,70.6,41.3,106.7,2019.0,34.66,,1
Lucid,Hatchback,NCA,FWD,788.0,161649.0,8.26,43.57,0.03404,0.5956,70.9,28.6,,2018.0,48.49,,1
Ford,Truck,LFP,RWD,44.0,32902.0,6.15,3.22,0.01936,0.5567,24.5,52.3,15.9,2020.0,111.27,47.29,0
Toyota,SUV,NMC,FWD,57.0,54338.0,4.05,4.29,0.01288,0.4793,43.4,29.8,,2022.0,104.66,48.87,0
Tesla,Truck,NMC,FWD,298.0,143713.0,9.11,16.58,0.02051,0.5772,59.7,15.1,50.6,2017.0,110.63,5.0,0
Lucid,Crossover,NCA,AWD,318.0,128071.0,2.99,,0.02058,0.5109,81.0,58.0,132.2,2023.0,73.07,24.24,1
Mercedes,,NMC,FWD,140.0,69342.0,4.43,6.54,0.00942,,54.9,21.5,41.1,2022.0,71.87,32.45,0
,Van,LMO,AWD,493.0,208661.0,7.84,42.31,0.03283,0.8286,60.4,24.0,90.4,2018.0,85.32,39.23,1
Toyota,Hatchback,NMC,AWD,554.0,121892.0,8.99,29.58,0.02906,0.5932,65.7,41.3,43.3,2017.0,48.68,29.61,1
Toyota,Sedan,NMC,RWD,657.0,218676.0,7.07,33.57,0.02917,0.6442,60.5,62.9,105.7,2019.0,64.18,54.81,1
Volkswagen,Truck,NMC,AWD,70.0,40429.0,,4.23,0.00804,0.4391,46.5,52.8,47.9,2023.0,126.19,29.15,0
Lucid,Crossover,NMC,FWD,92.0,40493.0,7.74,17.52,0.01929,0.6714,67.6,100.0,18.8,2018.0,73.78,68.85,1
Nissan,SUV,NMC,FWD,48.0,23387.0,5.23,0.2,0.00655,,50.2,34.3,17.7,2021.0,,44.25,0
GM,Sedan,NMC,FWD,414.0,153366.0,6.06,27.16,0.02001,0.632,57.7,53.8,89.2,2020.0,81.9,41.95,1
BMW,,NMC,FWD,107.0,45054.0,9.28,5.97,,0.3559,46.2,27.3,16.4,2017.0,83.52,40.93,0
Honda,Truck,NMC,AWD,1.0,8439.0,9.94,0.2,0.00926,,45.2,12.0,6.6,,127.79,37.19,0
Volkswagen,SUV,LFP,AWD,394.0,234733.0,11.11,9.29,0.02787,0.6639,23.9,56.5,71.9,2015.0,96.77,53.12,1
BMW,Van,NCA,AWD,751.0,234847.0,7.04,42.96,0.02935,0.090375,78.6,37.1,108.1,2019.0,71.38,44.96,1
Tata,Hatchback,NMC,RWD,1345.0,268190.0,10.93,56.44,0.03822,0.912,67.3,68.3,83.4,2015.0,38.87,59.51,1
Honda,,NMC,AWD,372.0,123824.0,7.98,23.11,0.02653,0.6886,81.2,67.6,51.8,2018.0,61.8,57.02,1
Tesla,Crossover,NMC,RWD,532.0,144679.0,9.0,29.01,0.01938,0.6898,62.1,54.7,55.6,2017.0,57.5,31.64,0
BYD,SUV,LFP,AWD,176.0,94213.0,8.96,4.31,0.01604,0.5899,25.3,58.4,36.7,2017.0,90.84,50.68,0
Mahindra,Hatchback,LFP,RWD,231.0,52803.0,2.78,2.95,0.01354,0.6287,22.8,46.6,58.6,2023.0,,70.87,0
MG,Crossover,NMC,AWD,574.0,205092.0,6.12,37.92,0.0334,,75.0,73.2,105.2,2020.0,80.58,35.46,1
Audi,Crossover,NMC,FWD,,265289.0,11.02,39.11,0.03921,0.6858,67.6,49.3,80.2,,61.77,40.55,1
Rivian,SUV,NMC,AWD,83.0,48544.0,2.76,4.05,0.00693,0.4033,50.8,40.7,29.4,2023.0,92.31,47.93,0
Tesla,Sedan,NMC,FWD,362.0,92867.0,10.86,22.65,0.02014,0.6636,71.2,66.3,25.8,2015.0,67.66,56.29,1
Nissan,Sedan,LMO,AWD,270.0,110780.0,,30.13,0.02738,0.6555,56.5,27.5,41.1,2016.0,77.21,33.58,0
Volkswagen,Hatchback,NMC,AWD,1030.0,219886.0,7.97,,0.0339,0.7234,53.8,41.2,92.1,2018.0,44.07,46.48,1
Volkswagen,Truck,NMC,RWD,234.0,146010.0,9.1,11.99,0.01527,0.4925,54.0,14.5,49.8,2017.0,114.0,34.31,0
BYD,Truck,LFP,RWD,90.0,31841.0,4.17,0.2,0.01837,0.5888,25.1,44.1,21.9,2022.0,110.51,37.98,0
BYD,SUV,LFP,FWD,377.0,115204.0,3.05,5.13,0.01275,0.6186,19.5,22.4,127.5,2023.0,93.14,33.26,0
BYD,Hatchback,LTO,AWD,876.0,142141.0,10.24,2.41,0.01765,0.2215,18.3,73.5,43.5,2016.0,52.21,49.92,0
Audi,Hatchback,NMC,AWD,627.0,177260.0,9.03,33.86,0.03718,0.6668,62.3,51.6,,2017.0,57.43,43.37,1
Hyundai,SUV,NMC,RWD,894.0,377393.0,10.91,40.35,0.02741,0.757,70.2,31.7,113.5,2015.0,85.21,36.77,1
GM,Crossover,NMC,FWD,544.0,188521.0,,26.03,0.02778,0.6506,51.3,55.2,103.9,2020.0,71.03,47.68,1
Honda,Crossover,NMC,AWD,772.0,222144.0,9.11,33.99,0.02375,0.6534,58.8,42.0,,2017.0,60.24,51.6,1
BMW,Hatchback,NMC,RWD,660.0,143737.0,8.98,,0.03006,0.6709,60.6,65.7,50.2,,48.63,,1
Volkswagen,SUV,NMC,FWD,676.0,303814.0,8.28,32.97,0.03003,0.6297,68.2,68.8,122.4,2018.0,98.33,66.38,1
Nissan,Hatchback,LMO,FWD,143.0,33622.0,2.96,,0.02603,0.8014,70.8,100.0,39.7,2023.0,39.51,18.26,1
Nissan,SUV,NMC,FWD,615.0,212270.0,6.81,32.98,0.03237,0.6508,57.7,47.8,98.3,2019.0,73.61,31.6,1
BMW,Hatchback,NMC,RWD,258.0,57795.0,4.87,17.03,0.0134,0.6457,77.1,42.1,39.4,2021.0,48.69,39.86,0
MG,Crossover,LFP,AWD,123.0,43950.0,3.04,0.2,0.01264,,26.4,23.9,46.8,2023.0,81.07,41.67,0
Nissan,Crossover,NMC,FWD,556.0,221851.0,9.88,26.49,0.03036,0.5585,55.7,34.7,79.5,2016.0,77.31,49.24,0
BMW,SUV,NMC,AWD,621.0,302609.0,8.95,31.26,0.0362,0.6662,64.3,42.7,109.2,,96.51,44.49,1
Renault,Sedan,NMC,AWD,829.0,249085.0,8.89,36.97,0.0412,0.688,73.0,15.5,92.5,2017.0,63.06,37.72,1
Tata,Crossover,LFP,,263.0,69643.0,1.95,7.08,0.01879,0.6828,16.3,15.4,97.9,2024.0,69.2,19.22,0
Lucid,Hatchback,NMC,FWD,568.0,140271.0,7.8,,0.02272,0.5319,55.2,17.1,,2018.0,47.03,,0
Mercedes,Sedan,,FWD,860.0,227048.0,9.07,53.07,0.03655,0.7191,73.9,63.0,82.0,2017.0,55.65,44.8,1
Volkswagen,Hatchback,NMC,FWD,237.0,46382.0,5.93,14.83,0.01645,0.5196,47.3,19.6,30.1,2020.0,46.95,29.92,0
Tesla,,NMC,FWD,301.0,125289.0,9.01,10.8,0.01823,0.4527,43.0,11.3,51.5,2017.0,87.99,36.45,0
MG,Hatchback,NMC,FWD,49.0,5975.0,1.93,4.15,0.01028,0.376,42.7,40.7,13.7,2024.0,48.38,41.92,0
Toyota,Hatchback,LFP,AWD,175.0,42096.0,1.84,0.2,0.00794,0.5762,22.8,39.9,91.9,2024.0,54.22,41.55,0
Rivian,Van,,AWD,7.0,25413.0,3.74,0.2,0.01144,0.3404,61.2,12.7,9.0,2022.0,84.46,35.58,0
GM,Sedan,NMC,RWD,322.0,,9.95,12.64,0.01383,0.5234,49.1,43.9,33.3,2016.0,63.87,48.09,0
Volkswagen,Hatchback,NMC,FWD,771.0,163717.0,10.99,34.48,0.03583,0.6142,59.4,27.2,48.9,2015.0,42.6,23.71,1
BYD,Van,NMC,AWD,99.0,60804.0,7.92,5.11,0.01594,0.4597,66.1,49.4,28.9,2018.0,83.61,51.42,0
BMW,Hatchback,NMC,FWD,1538.0,314785.0,10.3,50.11,0.03447,0.8021,61.0,46.0,100.5,2016.0,40.9,44.56,1
BMW,,NMC,FWD,29.0,6623.0,3.15,0.2,0.00684,0.3974,43.0,61.4,11.6,2023.0,76.32,57.39,0
Toyota,SUV,LFP,FWD,330.0,152814.0,7.01,6.68,0.0188,0.6437,32.0,53.4,66.3,2019.0,94.42,44.63,0
Nissan,Hatchback,NMC,,767.0,233735.0,10.01,38.33,0.0307,,61.0,50.5,75.9,2016.0,,17.65,1
Tesla,Sedan,NMC,RWD,634.0,,,30.98,,0.6533,59.8,18.1,69.9,,73.32,44.0,0
BYD,Van,LFP,RWD,138.0,49308.0,7.14,2.65,0.01015,0.6,27.8,,19.5,2019.0,78.77,14.13,0
Nissan,Crossover,LMO,RWD,1313.0,401668.0,10.84,65.43,0.04513,1.0718,72.5,36.4,120.0,2015.0,60.79,30.48,1
Honda,Hatchback,NMC,FWD,196.0,57906.0,9.07,9.04,0.01464,0.4505,56.1,29.4,21.9,2017.0,48.69,34.16,0
Hyundai,SUV,NMC,,304.0,120671.0,10.99,15.46,0.01666,0.5039,51.7,33.2,40.4,2015.0,86.93,30.88,0
Kia,Van,NMC,FWD,,287180.0,7.1,37.16,0.02984,0.7714,78.2,100.0,130.6,2019.0,86.95,54.09,1
Mahindra,Crossover,,RWD,1065.0,423053.0,9.88,44.13,0.04016,0.7415,77.4,50.4,142.0,2016.0,78.53,58.71,1
Mercedes,Van,NMC,AWD,1.0,25977.0,1.79,6.52,0.015,0.4301,62.7,80.8,62.8,2024.0,90.14,44.09,1
Volkswagen,Hatchback,NMC,FWD,141.0,45736.0,6.9,4.62,0.00904,0.3948,38.5,33.2,28.1,2019.0,45.73,44.63,0
Volkswagen,SUV,NMC,AWD,,405937.0,10.97,42.85,0.03402,0.7716,65.0,40.0,123.7,2015.0,,46.11,1
Volvo,Sedan,NMC,FWD,105.0,47399.0,2.06,4.01,0.00919,0.4331,46.3,18.5,83.7,2024.0,76.8,22.29,0
Hyundai,SUV,NMC,FWD,497.0,216658.0,6.86,25.94,0.02613,0.5941,57.7,50.4,,,83.35,43.4,1
Volkswagen,SUV,NMC,FWD,26.0,19747.0,4.13,0.38,0.01148,0.3822,43.0,26.2,25.9,2022.0,94.17,18.96,0
Tesla,SUV,NMC,FWD,496.0,,7.69,30.94,0.0291,0.6571,60.6,41.8,92.9,2018.0,93.5,25.56,1
BMW,Hatchback,NCA,FWD,455.0,107924.0,8.63,36.23,0.02497,0.6954,,53.4,44.9,2017.0,48.96,28.87,1
Ford,Crossover,NMC,FWD,96.0,46699.0,2.38,13.93,0.02276,0.5654,61.2,75.6,58.5,2024.0,73.58,39.97,0
Honda,Hatchback,LFP,RWD,607.0,125686.0,9.96,11.93,0.0153,0.6281,39.7,20.9,44.9,2016.0,48.59,26.54,0
Tata,SUV,LFP,FWD,156.0,78177.0,8.95,2.75,0.0074,0.6137,20.4,40.7,25.5,2017.0,88.0,27.32,0
Tesla,Hatchback,NCA,RWD,556.0,77935.0,4.16,31.39,0.02082,0.5959,65.8,8.1,65.8,2022.0,29.82,58.08,0
Mahindra,Crossover,NMC,FWD,739.0,280178.0,,40.55,0.03503,0.8097,68.7,34.7,118.8,2018.0,72.45,12.64,1
Lucid,Sedan,NMC,FWD,208.0,50863.0,4.92,12.22,0.02196,0.4843,58.6,19.7,37.7,2021.0,63.79,40.15,0
Tesla,Hatchback,NCA,FWD,779.0,204994.0,8.8,46.21,0.04215,0.6745,83.6,27.4,84.5,2017.0,50.32,24.36,1
Volvo,Hatchback,NMC,RWD,1059.0,225616.0,,,0.0348,0.7022,63.6,54.4,108.3,2019.0,44.52,41.08,1
Renault,Hatchback,NMC,RWD,662.0,201046.0,6.03,35.77,0.02747,0.6753,75.9,53.4,106.9,2020.0,62.22,52.83,1
Volkswagen,Hatchback,NMC,AWD,152.0,35865.0,2.21,5.02,0.00262,0.4462,56.2,1.0,61.5,2024.0,55.98,21.97,0
Honda,Van,NMC,RWD,321.0,128515.0,3.15,22.22,0.01694,0.6313,52.9,,132.0,2023.0,93.56,,0
Renault,SUV,NMC,RWD,156.0,105813.0,8.04,14.13,0.02575,0.5144,67.9,23.1,42.2,2018.0,91.19,27.11,1
Hyundai,Crossover,NMC,AWD,241.0,102583.0,9.19,16.56,0.01844,0.545,63.5,34.4,38.4,2017.0,79.79,20.77,1
Kia,Hatchback,NMC,FWD,386.0,100616.0,4.97,32.41,0.0268,0.7769,84.5,81.2,66.5,2021.0,48.99,30.26,1
,Sedan,LMO,FWD,368.0,119723.0,4.03,43.17,0.03766,0.8366,58.1,74.0,104.4,2022.0,63.38,52.55,1
Kia,SUV,NMC,AWD,207.0,110672.0,6.35,14.0,0.018,0.62,67.5,35.3,62.9,2020.0,93.72,31.94,0
Tesla,Sedan,NMC,RWD,464.0,157065.0,6.88,25.79,0.02891,0.6391,53.4,11.3,72.6,2019.0,69.54,35.88,0
Volkswagen,SUV,NMC,FWD,130.0,52889.0,3.48,4.56,0.0074,,50.6,31.6,55.7,2022.0,93.21,37.58,0
Mahindra,SUV,LFP,RWD,286.0,138885.0,6.67,8.43,0.0105,0.6611,15.9,90.0,75.7,,88.39,56.99,0
Mercedes,Crossover,NMC,FWD,784.0,304033.0,10.03,38.29,0.03061,0.7795,67.4,74.9,99.3,2016.0,74.34,36.38,1
Toyota,Sedan,NMC,FWD,402.0,113567.0,11.01,26.7,0.02785,0.6351,68.7,57.0,34.0,,62.95,18.66,1
BYD,Sedan,LFP,AWD,333.0,86755.0,3.07,8.21,0.0097,0.6451,23.4,48.5,,2023.0,50.16,47.78,0
GM,Van,NMC,RWD,459.0,195341.0,9.87,23.77,0.02313,0.5739,66.8,31.1,69.2,2016.0,82.52,25.94,0
Tesla,SUV,NCA,FWD,181.0,77517.0,9.09,11.2,0.01642,0.4078,56.0,8.4,28.6,2017.0,90.54,38.32,0
Audi,Van,NMC,FWD,298.0,113127.0,,29.52,0.03472,0.7752,83.3,66.0,35.9,2015.0,87.16,20.72,1
Nissan,SUV,NMC,FWD,67.0,38582.0,1.79,11.19,,0.5343,60.3,91.4,70.1,,96.28,53.76,1
Tesla,Crossover,NMC,FWD,391.0,118380.0,4.25,22.0,0.02979,0.5638,56.1,0.0,90.3,2022.0,64.17,8.83,0
Nissan,Hatchback,LMO,,463.0,117384.0,8.31,46.37,0.04005,0.8632,73.7,16.7,45.8,2018.0,54.08,16.21,1
Hyundai,Crossover,NMC,AWD,25.0,3576.0,3.03,1.57,0.01087,0.3672,43.9,12.8,14.7,,71.73,28.02,0
,SUV,LFP,FWD,1.0,7135.0,6.07,0.2,0.005,0.5891,20.2,33.8,3.0,2020.0,86.87,48.08,0
Tesla,Crossover,NMC,RWD,788.0,282759.0,8.94,37.27,0.0266,0.6931,,41.5,108.1,2017.0,73.37,34.43,0
Audi,SUV,NCA,RWD,364.0,184563.0,10.97,26.08,0.02543,0.5206,77.9,39.3,59.0,2015.0,101.78,43.09,1
Tesla,Crossover,NCA,AWD,168.0,59003.0,4.99,13.3,0.02115,0.3872,63.8,8.2,34.3,2021.0,68.33,25.73,0
Volvo,Hatchback,NMC,AWD,1005.0,276939.0,8.18,44.14,0.03763,0.7642,63.3,,108.4,2018.0,52.63,35.95,1
Volkswagen,Sedan,NMC,AWD,277.0,73885.0,4.03,15.35,0.01789,0.5079,54.3,45.2,71.4,2022.0,62.64,43.66,0
BYD,SUV,LFP,AWD,78.0,500.0,3.95,5.71,,0.6424,17.5,32.1,3.0,2022.0,83.13,39.81,0
GM,Van,LFP,FWD,388.0,158842.0,7.13,9.43,0.01555,0.7349,23.4,40.6,70.6,2019.0,81.09,44.48,0
Ford,SUV,NMC,AWD,511.0,217922.0,7.34,25.04,0.03281,0.6591,57.8,58.9,94.7,2019.0,84.12,65.57,1
Nissan,SUV,NMC,FWD,475.0,180578.0,8.98,28.81,0.02571,0.6401,73.4,63.5,62.5,2017.0,90.91,46.83,1
Renault,SUV,NMC,AWD,681.0,231187.0,7.26,,0.03055,0.6732,62.4,27.0,106.1,2019.0,77.98,30.47,1
Kia,Sedan,NMC,FWD,829.0,236834.0,9.16,39.42,0.02547,0.7673,74.2,93.6,90.9,2017.0,51.47,53.96,1
Tata,SUV,LFP,FWD,102.0,55909.0,6.24,0.49,0.00747,0.5367,15.6,31.2,34.9,2020.0,86.23,,0
Audi,SUV,NMC,RWD,413.0,184180.0,5.99,24.38,0.02736,0.5788,55.8,71.6,97.2,2020.0,82.34,46.23,1
Renault,,LMO,,70.0,47177.0,3.17,6.76,0.01152,0.4266,41.7,49.0,,2023.0,96.17,46.7,0
GM,SUV,NMC,RWD,701.0,285476.0,11.07,36.36,0.03589,0.811,64.2,56.4,87.0,2015.0,86.04,47.13,1
Tesla,Crossover,NMC,AWD,236.0,88290.0,6.85,17.65,0.02284,0.4849,55.0,36.7,42.2,2019.0,71.57,26.44,0
Rivian,SUV,NCA,FWD,544.0,266737.0,9.14,36.63,0.0266,0.5952,71.3,,98.3,2017.0,96.96,59.79,1
Tata,SUV,NMC,FWD,187.0,107201.0,11.28,,0.02761,0.6758,78.9,77.9,31.2,2015.0,93.87,11.62,1
Renault,Crossover,NMC,,810.0,273624.0,8.98,40.63,0.03448,0.7512,70.2,15.1,100.0,2017.0,65.52,21.59,1
Mahindra,SUV,LFP,AWD,168.0,43282.0,3.02,0.25,0.01277,0.5836,17.5,37.0,47.8,2023.0,76.0,54.47,0
Nissan,Sedan,LMO,FWD,547.0,148567.0,5.91,,0.03735,0.8691,58.4,,91.5,2020.0,54.89,51.98,1
Tata,SUV,LFP,FWD,55.0,62498.0,5.97,0.32,0.00757,,13.7,46.2,41.4,2020.0,105.18,35.48,0
Honda,Sedan,NMC,FWD,659.0,230366.0,8.97,37.93,0.03154,0.7444,81.3,73.8,84.6,2017.0,70.98,58.74,1
Mercedes,Crossover,NCA,FWD,530.0,141224.0,11.19,36.75,0.02868,0.6351,77.9,37.7,45.7,2015.0,58.86,34.01,1
Volkswagen,Sedan,LFP,RWD,317.0,107179.0,6.95,16.28,0.02053,0.8586,36.4,74.8,51.7,2019.0,71.95,28.68,0
BYD,Hatchback,LFP,AWD,732.0,187770.0,9.95,12.35,0.02412,0.8128,31.5,55.0,61.3,2016.0,53.43,36.04,0
Volkswagen,Hatchback,NMC,FWD,553.0,132441.0,5.13,19.4,0.02698,0.5363,52.6,0.0,80.5,2021.0,51.67,22.61,0
Tesla,Hatchback,NCA,RWD,906.0,255351.0,8.18,44.89,0.0381,0.6792,76.5,16.3,100.2,2018.0,55.53,19.56,1
Honda,Hatchback,NMC,RWD,3200.0,450000.0,11.05,,0.05014,0.9794,79.9,58.2,139.3,2015.0,28.18,48.89,1
MG,Sedan,NMC,FWD,562.0,182430.0,8.93,32.1,0.02686,0.6179,68.4,14.2,73.5,2017.0,64.25,30.98,1
Hyundai,SUV,NMC,FWD,19.0,34538.0,4.03,8.78,0.01628,0.4374,62.2,100.0,27.3,2022.0,100.57,51.02,0
Volkswagen,Hatchback,NMC,FWD,1145.0,299481.0,9.87,46.48,0.04034,0.8462,78.3,40.4,101.1,2016.0,52.24,21.81,1
Volkswagen,SUV,NMC,RWD,650.0,322691.0,9.94,31.02,0.03041,0.661,65.8,35.1,107.4,2016.0,95.95,18.38,1
BYD,Hatchback,LFP,RWD,314.0,61153.0,3.07,0.2,0.01025,0.4975,11.2,56.5,73.1,2023.0,54.89,70.14,0
Audi,SUV,,AWD,465.0,184639.0,7.85,31.76,0.0322,0.7836,81.9,79.6,80.5,2018.0,83.13,44.73,1
BMW,Truck,NMC,FWD,231.0,99332.0,9.76,12.75,0.02198,0.5028,49.9,17.8,,2016.0,111.53,28.63,0
Hyundai,Sedan,NMC,AWD,259.0,83699.0,9.13,13.06,0.01356,0.4707,53.4,33.3,35.9,2017.0,67.91,46.21,0
BMW,Hatchback,NMC,FWD,424.0,80855.0,3.05,27.21,0.02296,0.5884,62.0,25.3,84.9,2023.0,42.45,27.45,0
Volkswagen,Crossover,NMC,FWD,1129.0,339668.0,10.08,42.14,0.02769,0.7366,66.0,48.5,106.6,2016.0,63.97,38.37,1
Hyundai,SUV,NMC,RWD,205.0,62804.0,6.03,8.56,0.01622,0.4112,50.9,5.0,30.7,2020.0,76.69,23.18,0
Mercedes,SUV,NMC,AWD,167.0,,3.93,13.61,0.01236,0.5212,57.2,66.1,74.5,,82.81,52.54,0
MG,Sedan,LFP,AWD,123.0,49797.0,10.22,0.24,0.00784,0.5644,14.7,39.0,19.9,2016.0,67.08,56.45,0
Renault,SUV,NMC,AWD,223.0,110667.0,11.11,8.18,0.0177,0.4351,48.5,21.2,31.5,2015.0,101.65,25.58,0
Rivian,Crossover,NMC,FWD,566.0,179194.0,4.83,33.17,0.03151,0.6511,52.5,65.6,116.9,2021.0,68.66,65.74,1
Tesla,Crossover,NMC,FWD,189.0,21171.0,2.71,6.87,0.01294,0.446,49.3,22.6,38.8,2023.0,73.91,41.85,0
Volvo,Sedan,NMC,AWD,307.0,,5.0,17.78,0.01953,0.5298,55.7,47.0,60.8,2021.0,58.08,51.02,0
Tesla,SUV,NCA,AWD,672.0,302503.0,9.77,35.5,0.02318,0.5705,78.4,30.7,103.6,2016.0,90.57,27.41,1
Nissan,Sedan,LMO,RWD,944.0,272669.0,10.19,59.14,0.0371,0.9645,63.1,41.9,88.0,2016.0,57.81,51.12,1
Volkswagen,Hatchback,NMC,AWD,1001.0,349770.0,10.99,45.1,0.03389,0.7904,,44.4,106.6,2015.0,69.54,29.86,1
Kia,Sedan,NMC,RWD,1.0,15218.0,10.22,0.2,0.01975,0.3975,55.3,50.0,5.9,2016.0,83.22,53.24,0
BMW,Sedan,,FWD,251.0,56622.0,1.96,13.46,0.0109,0.4802,48.3,53.9,74.4,2024.0,59.8,47.23,0
Honda,Hatchback,NMC,AWD,,220624.0,10.07,45.5,0.02866,0.8791,81.6,74.7,74.0,2016.0,49.75,40.74,1
BYD,Hatchback,LFP,RWD,316.0,59569.0,11.03,6.67,0.02135,0.604,24.6,48.0,19.1,2015.0,42.24,42.87,0
Mercedes,Van,NMC,FWD,98.0,500.0,10.22,4.2,0.01317,,55.6,49.7,,2016.0,71.83,53.92,0
Tesla,Sedan,NCA,FWD,1008.0,340202.0,9.07,53.1,0.04052,0.6901,81.7,34.8,128.2,,64.8,45.2,1
Volkswagen,Hatchback,NMC,FWD,1054.0,289807.0,9.83,47.07,0.03611,0.7871,65.0,25.0,96.3,2016.0,54.51,27.94,1
Renault,Truck,LMO,FWD,256.0,151192.0,9.05,36.45,0.03786,0.858,70.1,69.7,58.1,2017.0,120.95,37.36,1
Tesla,Sedan,NCA,FWD,665.0,191942.0,11.26,41.13,0.0312,0.5843,82.5,35.8,58.0,2015.0,61.3,34.58,1
BYD,Sedan,,AWD,342.0,117020.0,11.03,16.47,0.02246,0.5056,48.3,15.8,38.9,2015.0,71.02,19.46,0
Mahindra,SUV,,FWD,92.0,76408.0,2.1,0.91,0.00855,0.6031,19.6,,108.3,2024.0,96.55,35.15,0
Hyundai,Sedan,NMC,RWD,629.0,212022.0,7.06,35.19,0.03408,0.7895,74.3,77.2,95.6,2019.0,63.43,44.98,1
BMW,Hatchback,NMC,FWD,819.0,174878.0,9.15,41.38,0.03494,0.8086,71.4,76.5,67.3,2017.0,42.01,36.45,1
Mahindra,Crossover,LFP,RWD,737.0,259554.0,6.93,24.04,0.01652,0.9469,45.0,100.0,123.5,2019.0,76.7,49.18,1
Mercedes,Crossover,NMC,AWD,868.0,329266.0,9.11,38.71,0.02916,0.6854,78.5,44.2,120.6,2017.0,,32.92,1
Tesla,Crossover,NMC,FWD,1404.0,450000.0,10.72,58.4,0.04259,1.0142,91.2,73.1,138.5,2015.0,64.76,29.97,1
Audi,Truck,NMC,FWD,49.0,54924.0,11.01,0.2,0.01682,0.3696,53.9,7.7,17.6,2015.0,119.9,34.81,0
Mercedes,Truck,NMC,RWD,397.0,244724.0,10.99,24.19,0.03066,0.6464,84.2,48.4,75.1,2015.0,128.73,24.89,1
BYD,Van,NMC,AWD,506.0,234947.0,7.9,35.13,0.03142,0.864,80.7,91.9,98.2,,97.24,34.91,1
Nissan,Hatchback,LMO,FWD,585.0,110791.0,5.88,45.97,0.03068,0.9528,73.4,25.1,64.2,2020.0,37.14,23.79,1
Volvo,Sedan,LFP,RWD,262.0,104674.0,7.96,2.2,0.01284,0.6134,30.0,55.3,43.7,2018.0,63.97,63.54,0
Tesla,SUV,LFP,RWD,467.0,159341.0,5.0,8.63,0.01255,0.6527,23.6,36.8,98.8,2021.0,100.68,27.96,0
Tesla,SUV,NCA,FWD,239.0,90226.0,5.83,27.94,0.02918,0.6664,,100.0,49.9,2020.0,98.67,64.07,1
BMW,Hatchback,NMC,FWD,761.0,143637.0,7.76,34.01,0.02822,0.6141,67.3,47.0,58.8,2018.0,41.23,53.63,1
Audi,Hatchback,NMC,FWD,2291.0,450000.0,10.15,65.89,0.04468,1.1406,88.6,94.7,155.1,2016.0,40.41,46.44,1
Kia,Crossover,LFP,RWD,46.0,3117.0,,0.2,0.01474,0.5838,22.4,,3.0,2018.0,70.69,53.55,0
Mahindra,Hatchback,NMC,RWD,124.0,31623.0,2.98,15.91,0.02029,0.6552,78.7,76.4,38.5,2023.0,56.99,29.32,0
Rivian,Hatchback,NMC,FWD,651.0,125562.0,10.0,26.1,0.02499,0.6277,59.7,22.9,39.8,2016.0,39.38,29.35,0
,Hatchback,NMC,FWD,551.0,119070.0,10.92,,0.03488,,65.7,30.8,39.0,2015.0,41.92,45.0,1
Toyota,Sedan,NMC,RWD,142.0,37538.0,2.27,,0.0144,0.3787,45.0,23.1,47.0,2024.0,77.18,40.43,0
Audi,SUV,NMC,FWD,48.0,26723.0,2.7,1.6,0.0128,0.4038,60.3,26.7,33.2,,77.39,,0
BMW,Sedan,NCA,RWD,771.0,210152.0,9.86,46.53,0.03165,0.6951,88.3,57.5,70.5,2016.0,52.88,36.43,1
Volkswagen,Van,NMC,FWD,407.0,170681.0,8.84,23.42,0.0264,0.559,49.9,45.0,64.2,2017.0,90.41,,1
Ford,Van,NMC,FWD,,321050.0,8.82,39.2,0.02434,0.8013,75.3,77.4,122.0,2017.0,82.51,31.14,1
Volvo,Hatchback,NMC,AWD,55.0,500.0,5.16,0.86,0.01065,0.448,39.5,20.2,3.0,2021.0,53.17,47.73,0
Tesla,SUV,NCA,RWD,1.0,17515.0,11.09,0.2,0.01153,0.3034,44.8,24.4,3.0,2015.0,,47.6,0
Hyundai,Hatchback,NMC,FWD,279.0,75608.0,5.04,13.51,0.01298,0.511,47.5,0.0,44.5,2021.0,55.37,17.11,0
Kia,SUV,NMC,AWD,332.0,181008.0,7.99,27.14,0.02051,0.7141,65.7,70.8,78.0,2018.0,90.61,38.31,1
Nissan,SUV,NMC,FWD,244.0,66414.0,,16.53,0.02676,0.5337,48.3,49.7,31.9,2018.0,88.17,36.94,1
Tesla,SUV,,AWD,530.0,240296.0,11.2,34.03,0.02683,0.6115,75.3,53.1,74.0,2015.0,78.29,47.02,1
Toyota,Hatchback,NMC,AWD,479.0,69742.0,2.0,20.67,,0.5659,57.3,50.9,137.7,2024.0,33.43,58.23,0
MG,Hatchback,LFP,RWD,1376.0,299228.0,10.92,20.49,0.02649,0.8021,28.7,31.1,89.8,2015.0,46.94,34.67,0
Rivian,Sedan,NMC,AWD,1015.0,267138.0,9.24,43.55,0.03829,0.7659,70.1,66.3,97.2,2017.0,52.38,54.84,1
Tesla,Sedan,NMC,AWD,130.0,37987.0,10.03,5.12,0.01461,0.4064,45.5,2.9,11.7,2016.0,68.49,25.38,0
Tesla,Sedan,NMC,FWD,99.0,38724.0,3.06,14.62,0.01376,0.5622,69.6,,47.2,2023.0,57.88,49.72,0
Honda,Crossover,NMC,FWD,,85537.0,7.14,,0.01365,0.4861,57.1,33.7,42.3,2019.0,60.45,40.92,0
Tesla,Sedan,NCA,FWD,385.0,91792.0,7.9,,0.03011,0.5542,66.6,69.0,39.4,2018.0,65.57,55.31,1
MG,Crossover,LFP,FWD,55.0,52704.0,4.07,0.2,0.0118,0.5095,20.8,21.6,57.8,2022.0,61.18,27.66,0
Tata,,NMC,RWD,444.0,123152.0,10.99,25.29,0.02548,0.6919,57.0,7.7,38.2,,68.56,11.55,0
Volkswagen,SUV,NMC,AWD,783.0,269147.0,6.83,44.35,0.03089,0.8106,,98.9,125.9,2019.0,70.57,60.21,1
Lucid,Sedan,NMC,AWD,1082.0,336373.0,11.16,50.3,0.04315,0.9736,64.9,60.2,96.6,2015.0,62.08,43.8,1
Hyundai,Crossover,NMC,FWD,319.0,101135.0,4.96,11.45,,0.4775,54.3,0.0,69.6,2021.0,89.96,36.5,0
Lucid,Hatchback,NCA,RWD,1175.0,253568.0,10.99,51.84,0.03618,0.6952,89.2,40.0,74.7,2015.0,43.03,33.32,1
,Van,LMO,FWD,303.0,122238.0,4.11,42.12,0.03381,0.9551,73.0,100.0,107.4,2022.0,80.29,36.2,1
Tesla,Truck,NMC,FWD,280.0,152760.0,6.92,,0.0158,0.5203,57.1,14.6,82.6,2019.0,125.97,40.99,0
BMW,SUV,NMC,AWD,520.0,179575.0,7.12,32.99,,0.6737,81.6,58.0,83.9,2019.0,,39.05,1
Audi,Crossover,NMC,AWD,13.0,10272.0,10.04,0.2,0.01401,0.3401,,46.6,3.0,2016.0,74.08,43.8,0
GM,Sedan,LFP,FWD,63.0,31041.0,1.99,0.2,0.01425,0.6006,21.3,26.1,58.4,2024.0,64.44,42.82,0
Tesla,SUV,NMC,,301.0,158206.0,4.98,14.57,0.02078,0.4795,62.0,29.0,93.0,2021.0,102.26,50.96,0
Volvo,Hatchback,NMC,AWD,112.0,21184.0,3.01,11.51,0.01567,0.4673,69.3,22.8,27.6,2023.0,67.73,29.65,0
Mercedes,Sedan,NMC,FWD,1071.0,260585.0,7.03,42.02,0.03641,0.6886,60.2,74.9,,2019.0,47.84,,1
Audi,SUV,NMC,RWD,,246888.0,10.07,32.75,0.02917,0.7506,77.1,62.4,80.3,2016.0,84.76,44.88,1
Tesla,Sedan,NMC,FWD,907.0,259795.0,7.97,,0.03029,,62.4,53.5,110.6,2018.0,60.53,45.29,1
Ford,SUV,NMC,FWD,65.0,66309.0,10.08,11.97,0.01525,0.6146,67.9,,23.9,2016.0,90.84,44.61,1
Mahindra,Crossover,NMC,AWD,826.0,375250.0,10.77,42.03,0.03323,0.7356,66.8,45.3,114.3,2015.0,94.9,14.81,1
BYD,SUV,LFP,AWD,163.0,57452.0,,5.33,0.01345,0.564,25.1,42.6,,2021.0,83.92,46.5,0
Tata,Sedan,LFP,AWD,291.0,77858.0,7.12,4.81,0.01878,0.6722,17.8,34.4,39.3,2019.0,59.41,42.03,0
Volvo,SUV,NMC,RWD,,187501.0,8.87,29.19,0.02482,0.7406,71.9,100.0,69.1,2017.0,,35.45,1
BYD,Sedan,LFP,RWD,57.0,5584.0,10.19,0.25,0.01312,0.5903,9.5,46.9,3.0,2016.0,57.13,46.65,0
Toyota,Crossover,NMC,FWD,43.0,27338.0,6.92,10.21,0.01831,0.5108,60.1,42.8,16.3,2019.0,73.93,32.01,0
Honda,SUV,NMC,RWD,710.0,354034.0,10.93,32.57,0.03676,0.7104,69.4,28.8,107.8,2015.0,95.49,32.9,1
Audi,SUV,NMC,RWD,10.0,4724.0,5.95,0.2,0.02073,0.4032,46.1,8.9,3.0,2020.0,82.86,23.08,0
MG,Sedan,NMC,AWD,47.0,18900.0,4.93,1.4,0.01018,0.4406,41.1,39.4,12.7,2021.0,55.4,55.3,0
Mahindra,Hatchback,NMC,RWD,434.0,130073.0,5.77,25.49,0.02923,0.5744,54.7,54.8,79.8,2020.0,,34.37,1
Hyundai,SUV,NMC,RWD,659.0,317212.0,8.95,33.36,0.03207,0.6694,75.3,39.6,119.4,2017.0,87.17,28.59,1
Hyundai,Crossover,NMC,AWD,814.0,342047.0,10.96,44.99,0.04205,0.8491,,81.6,101.8,2015.0,85.5,55.69,1
Tesla,SUV,NCA,FWD,426.0,194824.0,5.97,26.6,0.03088,0.5077,73.6,49.7,110.0,2020.0,73.78,50.98,1
BYD,Hatchback,LFP,AWD,381.0,85257.0,9.12,1.55,0.01574,0.6096,19.1,18.8,29.6,2017.0,58.63,29.82,0
Audi,Hatchback,NMC,,1560.0,231627.0,9.79,49.1,0.03559,0.7552,65.5,41.2,79.2,2016.0,30.67,41.75,1
Tesla,Van,NCA,AWD,470.0,210884.0,9.72,32.57,0.02041,0.6627,85.9,80.3,76.0,2016.0,78.44,49.09,1
Volkswagen,,NMC,,1.0,9660.0,9.32,,0.01932,1.71318,56.8,9.0,11.2,2017.0,86.35,37.93,0
Tesla,Crossover,NMC,AWD,116.0,62093.0,9.96,6.15,0.01287,0.5318,72.0,37.7,20.1,2016.0,87.54,36.43,0
Renault,Hatchback,LMO,FWD,79.0,22529.0,2.01,7.76,0.0159,0.4788,47.9,19.6,39.3,2024.0,60.29,32.22,0
BMW,Sedan,NCA,AWD,453.0,148193.0,,27.46,0.03299,0.5709,72.4,31.1,92.1,2020.0,73.5,37.64,1
Volkswagen,Hatchback,NMC,FWD,478.0,123172.0,6.06,24.37,0.02145,0.5503,59.2,9.5,69.9,2020.0,50.13,15.8,0
Volkswagen,Hatchback,NMC,RWD,218.0,85139.0,11.16,15.17,0.02291,0.5411,56.9,47.0,27.7,2015.0,47.48,39.23,1
Tata,Truck,NMC,FWD,89.0,91660.0,5.32,1.06,0.00599,0.3499,50.3,0.0,51.4,2021.0,118.24,30.27,0
,Crossover,NMC,FWD,156.0,46981.0,5.9,4.48,0.01097,0.405,52.1,5.6,,2020.0,71.07,28.73,0
Tesla,Truck,NCA,FWD,274.0,142567.0,4.03,21.71,0.02245,0.4934,74.8,45.9,120.0,2022.0,115.92,35.38,1
Mercedes,Truck,NMC,FWD,638.0,354825.0,10.91,36.23,0.02976,0.7503,67.1,55.5,108.0,2015.0,119.04,35.43,1
Tesla,Crossover,NCA,RWD,50.0,36961.0,2.89,3.79,0.01122,0.4011,57.6,18.1,34.2,2023.0,74.3,25.21,0
Honda,,NMC,AWD,1159.0,261182.0,8.94,55.76,0.04286,0.9685,78.3,95.6,96.0,2017.0,42.45,49.75,1
,Sedan,LFP,FWD,1.0,4593.0,1.92,0.2,0.01702,0.5609,16.2,13.3,31.5,2024.0,71.29,30.94,0
GM,Hatchback,LFP,FWD,43.0,33239.0,8.01,0.75,0.01183,0.5377,9.7,47.3,11.3,2018.0,41.4,39.47,0
Hyundai,Sedan,NMC,FWD,685.0,232660.0,5.91,38.73,0.02966,0.7543,62.5,89.2,133.7,2020.0,65.92,37.46,1
Tesla,Hatchback,NCA,FWD,2142.0,450000.0,10.03,59.31,0.04031,0.8255,85.1,47.1,159.6,2016.0,41.99,41.13,1
Rivian,Sedan,NMC,FWD,1.0,500.0,1.99,0.2,0.0065,,46.0,47.8,3.0,2024.0,66.79,45.81,0
Audi,Sedan,NMC,RWD,955.0,295799.0,9.0,43.7,0.03445,0.7479,61.7,19.3,,2017.0,61.77,9.95,0
Tata,Crossover,NMC,FWD,697.0,251540.0,7.84,36.14,0.02831,0.7073,72.0,41.6,104.8,2018.0,69.36,23.01,1
Hyundai,Truck,NMC,AWD,259.0,144117.0,11.07,,,0.4823,56.0,46.1,42.6,2015.0,116.55,55.13,0
Audi,SUV,NCA,AWD,175.0,53434.0,3.18,7.54,0.01515,0.4679,66.2,18.0,60.5,2023.0,82.94,30.88,0
Tesla,SUV,NCA,AWD,232.0,115318.0,8.11,15.58,0.02406,0.4446,63.7,26.7,51.6,2018.0,99.69,36.37,0
Volvo,Hatchback,NMC,FWD,486.0,134427.0,5.14,28.83,0.02344,0.6519,74.0,72.3,90.9,2021.0,48.45,34.47,1
Volkswagen,SUV,NMC,FWD,896.0,322298.0,11.2,42.16,0.03493,0.7141,72.1,62.5,,2015.0,76.02,54.84,1
Tesla,Truck,NCA,FWD,629.0,364476.0,9.11,37.56,0.032,0.5618,80.4,24.8,131.8,2017.0,119.92,,1
Ford,Crossover,NMC,FWD,220.0,79489.0,2.95,12.33,0.01572,0.5005,49.8,55.7,113.5,2023.0,88.77,49.34,0
Toyota,,,AWD,198.0,59824.0,2.85,5.17,0.00669,0.4257,46.1,44.5,75.2,2023.0,74.41,41.15,0
Tesla,Truck,LFP,FWD,17.0,13713.0,1.76,2.72,0.01404,0.5869,11.1,49.5,37.3,2024.0,130.53,35.67,0
Lucid,Hatchback,NCA,FWD,261.0,56963.0,7.86,23.55,0.02532,0.5782,77.7,59.9,27.8,2018.0,43.48,44.34,0
GM,Crossover,NMC,FWD,17.0,29170.0,2.01,7.28,0.01839,0.4123,48.3,32.5,58.4,2024.0,62.87,19.28,0
BYD,Sedan,LFP,FWD,222.0,22723.0,4.82,1.88,0.00542,0.545,22.3,63.4,,2021.0,55.92,64.52,0
Renault,Sedan,NMC,FWD,920.0,341607.0,8.02,42.37,0.03166,0.7514,60.7,45.6,138.5,2018.0,71.12,24.16,1
Audi,Hatchback,NMC,RWD,1366.0,274878.0,9.04,53.98,0.04102,0.8357,77.6,65.4,100.6,2017.0,38.33,55.16,1
Ford,,NMC,,198.0,48340.0,3.28,8.98,0.02039,0.44,55.4,31.9,37.9,,40.24,37.27,0
Tata,SUV,NMC,AWD,830.0,376144.0,9.97,36.44,0.03485,0.6955,70.4,92.8,128.4,2016.0,89.3,55.1,1
Volvo,Sedan,NMC,FWD,939.0,353058.0,10.81,,0.03538,0.7023,61.8,35.6,110.7,2015.0,74.5,,1
Ford,Hatchback,NMC,AWD,1248.0,330895.0,11.14,58.35,0.0362,0.9393,96.7,100.0,,2015.0,55.33,26.72,1
BMW,Hatchback,NMC,AWD,591.0,119072.0,8.14,31.65,0.02294,0.7193,54.4,42.8,45.3,2018.0,45.92,50.44,0
Renault,SUV,NMC,AWD,459.0,237499.0,8.04,23.98,0.0302,0.5911,65.6,35.8,102.1,2018.0,100.71,44.16,1
Renault,SUV,NMC,FWD,321.0,134698.0,3.99,27.65,0.01499,0.7251,74.7,100.0,,2022.0,87.13,42.22,1
Audi,SUV,,RWD,109.0,50902.0,9.08,4.31,0.0086,,66.3,60.8,19.7,2017.0,89.41,60.11,0
Rivian,Hatchback,NMC,FWD,640.0,169325.0,11.02,33.46,0.0228,0.7754,69.9,61.0,,2015.0,45.37,52.37,1
Audi,Hatchback,NMC,RWD,1.0,19805.0,3.06,0.2,0.01021,0.3436,53.8,35.4,18.9,2023.0,42.68,58.85,0
Volvo,Sedan,NMC,AWD,169.0,40690.0,3.98,11.2,,0.5045,62.7,53.1,53.4,2022.0,67.12,52.48,0
BYD,Hatchback,LFP,RWD,1632.0,423116.0,10.88,,0.02281,0.8792,35.6,62.3,132.7,2015.0,50.93,40.03,1
Volvo,Crossover,NMC,,706.0,241042.0,11.2,35.53,0.04538,0.7239,81.6,,69.8,,69.46,29.09,1
Hyundai,SUV,LFP,,14.0,10164.0,2.21,1.36,0.00925,0.5761,26.5,39.1,34.7,2024.0,90.56,42.37,0
Mahindra,Sedan,NMC,AWD,891.0,292018.0,6.95,45.19,0.04031,,67.3,60.9,146.0,2019.0,66.7,38.65,1
Mercedes,SUV,NMC,FWD,185.0,102403.0,5.13,14.27,0.01807,0.5853,78.8,54.5,68.4,2021.0,101.8,31.11,0
Nissan,SUV,LMO,FWD,487.0,226498.0,7.12,55.13,0.03663,1.0884,83.5,100.0,105.1,2019.0,95.35,42.0,1
Kia,Crossover,NMC,AWD,370.0,129111.0,7.04,15.97,0.01431,0.5321,53.6,32.6,55.3,2019.0,,42.54,0
Renault,Truck,LMO,FWD,458.0,280043.0,,,0.03089,0.8112,64.9,39.8,102.8,2017.0,119.31,48.38,1
BMW,Truck,,AWD,558.0,324110.0,11.33,32.8,0.0351,0.6916,83.4,44.5,96.3,2015.0,117.37,21.18,1
Nissan,Hatchback,LMO,FWD,235.0,55275.0,4.86,22.75,0.02114,0.6693,43.8,,38.5,2021.0,46.82,44.72,0
Tesla,SUV,NCA,RWD,458.0,157663.0,8.98,26.39,0.03071,0.5355,65.4,11.0,59.2,2017.0,78.39,24.22,1
Audi,Van,NMC,AWD,94.0,79239.0,9.18,5.65,0.01093,0.4061,59.7,19.0,30.7,2017.0,100.34,37.86,0
Mahindra,Sedan,NMC,AWD,400.0,133444.0,,26.78,0.03135,0.6676,53.1,57.1,64.2,2019.0,65.42,53.29,1
MG,Sedan,NMC,RWD,882.0,347529.0,8.93,41.56,0.03107,0.7717,81.2,31.3,134.7,2017.0,77.05,23.24,1
Ford,Sedan,NMC,AWD,253.0,81663.0,11.03,24.13,0.02136,0.7356,77.6,86.0,25.6,2015.0,58.67,41.02,1
Nissan,Sedan,,FWD,414.0,96050.0,7.92,48.58,0.03927,,83.1,40.0,35.6,2018.0,48.29,40.42,1
,SUV,NCA,AWD,469.0,202051.0,9.1,28.66,0.02057,0.5585,65.7,41.8,76.8,2017.0,94.78,30.83,0
Kia,Van,NMC,FWD,58.0,12119.0,6.02,0.2,0.01424,0.3878,49.4,0.0,8.5,2020.0,76.77,22.78,0
Tata,Crossover,LFP,FWD,135.0,24109.0,10.87,0.2,0.01068,0.5241,10.1,28.7,7.3,2015.0,,39.34,0
BYD,SUV,LFP,FWD,429.0,183805.0,4.99,9.86,0.01459,0.7213,15.5,57.9,122.9,2021.0,89.84,43.9,0
Hyundai,SUV,NMC,AWD,41.0,8056.0,1.92,2.04,,0.3563,46.7,38.6,35.7,2024.0,90.52,38.02,0
Tesla,SUV,NCA,FWD,425.0,167193.0,11.03,34.15,0.02733,0.6425,80.7,57.0,53.3,2015.0,82.54,36.93,1
GM,Crossover,NMC,FWD,901.0,276517.0,11.22,36.88,0.03588,0.6929,60.6,18.0,79.4,2015.0,62.82,21.42,1
GM,SUV,NMC,AWD,126.0,83114.0,7.15,7.49,0.01925,0.4114,55.9,,41.7,2019.0,88.96,35.79,0
Ford,Sedan,NMC,FWD,183.0,50597.0,2.69,5.25,0.01057,0.4282,56.6,4.7,64.0,2023.0,53.97,34.3,0
Honda,Hatchback,NMC,FWD,806.0,246866.0,9.87,41.17,0.03257,0.7763,74.9,39.4,80.8,2016.0,62.31,33.36,1
BYD,Truck,LFP,,101.0,45563.0,1.89,0.2,0.00807,0.5558,10.7,17.3,78.8,2024.0,119.11,15.61,0
Renault,Crossover,,RWD,268.0,81670.0,9.78,20.12,0.02005,0.6862,77.6,46.9,29.8,2016.0,61.6,21.27,1
Tesla,SUV,NCA,RWD,240.0,100090.0,6.86,22.42,,0.631,78.1,58.4,52.2,2019.0,95.68,32.96,0
Honda,SUV,NMC,RWD,759.0,320835.0,9.86,38.72,0.03071,0.7042,66.3,54.6,106.2,2016.0,87.54,41.41,1
Nissan,Crossover,LMO,AWD,443.0,151083.0,10.95,41.12,0.03407,0.8208,69.2,16.4,48.9,2015.0,72.91,23.53,1
Volkswagen,Sedan,NMC,FWD,883.0,335806.0,7.93,35.46,0.02688,0.6358,69.6,46.7,140.3,2018.0,75.36,49.4,1
BMW,Crossover,NMC,AWD,748.0,254968.0,7.9,42.57,0.0353,0.9012,80.8,91.0,111.7,2018.0,65.77,,1
GM,Crossover,NMC,FWD,627.0,224309.0,8.0,32.27,0.02729,0.7149,79.8,68.0,95.4,2018.0,74.22,47.16,1
Kia,SUV,NMC,RWD,336.0,207964.0,9.85,19.08,0.02869,0.5299,56.7,23.1,70.9,2016.0,99.3,40.28,0
Toyota,SUV,NMC,AWD,67.0,28572.0,4.02,0.2,0.00894,0.4074,32.5,41.4,17.4,2022.0,91.47,43.72,0
Renault,Crossover,LMO,AWD,332.0,108154.0,10.04,38.79,0.03582,0.8059,64.8,43.1,38.7,2016.0,64.1,44.63,1
Volkswagen,SUV,NMC,AWD,772.0,304820.0,11.04,36.47,0.03674,0.6754,64.5,14.3,92.3,2015.0,84.78,17.0,1
GM,,NMC,FWD,,45791.0,7.16,1.71,0.00725,,43.1,8.9,25.2,2019.0,68.13,33.95,0
BYD,Van,LFP,AWD,229.0,54897.0,,2.83,0.0095,0.5393,23.6,25.3,20.6,2016.0,78.9,34.62,0
Renault,SUV,LMO,AWD,248.0,102623.0,6.28,31.02,0.03033,0.6748,51.0,71.3,54.3,2020.0,86.26,50.74,1
Tesla,SUV,NMC,FWD,91.0,56362.0,,2.84,0.01361,0.3833,47.8,55.3,31.2,,101.81,49.25,0
Tesla,Crossover,NMC,AWD,199.0,48925.0,3.13,16.85,0.02783,0.6025,65.8,71.1,54.7,2023.0,64.55,25.56,0
Tesla,Sedan,NCA,FWD,,210964.0,7.97,32.94,0.03075,0.516,72.7,36.9,90.6,2018.0,69.37,25.89,1
Kia,SUV,NMC,RWD,94.0,50427.0,5.76,4.68,0.01484,0.4365,46.4,24.6,31.7,2020.0,99.13,35.29,0
Lucid,Hatchback,NCA,RWD,520.0,154689.0,7.96,29.08,0.0235,0.5322,69.7,19.5,68.4,2018.0,59.22,43.66,0
Rivian,,NCA,AWD,565.0,180755.0,5.86,44.9,0.03785,0.7074,96.9,100.0,102.6,2020.0,73.95,53.24,1
Renault,Hatchback,LMO,AWD,779.0,229807.0,,59.64,0.04475,0.9836,70.2,55.7,,2019.0,58.57,35.78,1
BMW,Hatchback,NMC,AWD,1.0,500.0,2.96,0.2,0.01001,0.3762,44.9,29.7,3.0,2023.0,44.84,26.0,0
Renault,SUV,NMC,AWD,228.0,123693.0,5.76,13.72,0.01407,0.5295,50.5,46.1,70.5,2020.0,91.42,46.4,0
Renault,Crossover,NMC,FWD,,258144.0,10.14,35.87,0.03215,,60.3,33.6,81.5,2016.0,60.79,33.34,1
,SUV,NMC,RWD,199.0,100182.0,6.02,23.02,0.01694,0.6647,68.4,100.0,60.9,2020.0,,57.15,1
Renault,Sedan,LMO,AWD,26.0,500.0,2.88,1.17,0.00471,0.4148,45.4,23.0,3.0,2023.0,59.06,44.56,0
Tesla,SUV,NMC,FWD,269.0,60297.0,2.13,13.6,0.01797,0.4689,48.6,24.1,,2024.0,96.22,40.28,0
Kia,Truck,NMC,AWD,258.0,145166.0,7.85,18.71,0.02877,0.5954,65.5,60.2,61.7,2018.0,120.94,46.37,1
Kia,SUV,NMC,FWD,340.0,174638.0,10.88,18.09,0.02644,0.4806,55.6,31.5,53.0,2015.0,100.88,35.89,0
,Truck,NMC,FWD,511.0,273276.0,8.04,23.68,0.02098,0.5561,55.6,62.6,116.1,2018.0,130.12,47.18,1
GM,Hatchback,LFP,FWD,,79414.0,9.29,0.2,0.00707,0.478,27.0,45.2,32.4,2017.0,51.95,61.11,0
Mercedes,Crossover,NMC,FWD,524.0,177904.0,8.97,24.61,0.03284,0.6107,60.2,19.8,61.8,2017.0,76.1,25.67,1
Volkswagen,Van,NMC,FWD,326.0,122885.0,7.1,17.43,0.02143,0.5128,51.6,,51.3,2019.0,72.69,35.64,0
BYD,SUV,LFP,AWD,199.0,47718.0,6.11,2.32,0.01201,,18.3,18.2,33.5,2020.0,89.68,33.09,0
Ford,Crossover,LFP,RWD,827.0,267439.0,9.83,14.0,0.02685,0.7746,29.8,82.7,93.2,2016.0,77.44,64.86,0
BYD,Truck,LFP,AWD,281.0,101308.0,10.82,0.2,0.00522,,,26.2,29.4,2015.0,131.1,49.61,0
Tata,Van,LFP,FWD,158.0,45101.0,5.21,1.82,0.01184,,11.4,21.9,32.6,2021.0,95.72,36.16,0
Audi,Hatchback,NMC,AWD,827.0,252486.0,7.93,45.89,0.04074,0.899,77.7,88.4,109.3,2018.0,60.05,68.89,1
Volkswagen,Sedan,NMC,AWD,337.0,126001.0,5.96,19.15,0.02245,0.5489,45.5,58.3,75.6,2020.0,72.59,53.35,0
Toyota,SUV,LFP,FWD,,50788.0,3.24,3.48,0.00492,0.5871,38.6,26.2,40.3,2023.0,99.11,,0
Toyota,Hatchback,NMC,FWD,532.0,131282.0,10.99,31.02,0.03367,0.6299,57.3,38.2,39.4,2015.0,47.59,33.56,1
,SUV,LFP,RWD,253.0,83901.0,3.98,2.3,0.01214,0.5416,23.3,,58.8,2022.0,82.39,35.53,0
Nissan,Sedan,LMO,RWD,1290.0,380429.0,11.22,62.09,0.0377,1.0178,70.7,19.9,109.8,2015.0,59.39,24.1,1
Toyota,Sedan,LFP,,560.0,151958.0,7.22,16.17,0.00868,0.7687,40.1,72.0,67.7,2019.0,56.65,50.37,0
BYD,Sedan,LFP,FWD,263.0,124221.0,6.31,3.91,0.00638,0.5999,15.8,66.5,69.4,2020.0,65.02,52.17,0
Ford,Crossover,LFP,FWD,389.0,177526.0,9.19,8.23,0.01065,,22.7,63.5,66.9,2017.0,85.6,48.05,0
Kia,SUV,NMC,FWD,488.0,200251.0,11.08,32.47,0.0301,0.6615,79.7,92.7,61.1,2015.0,88.92,63.88,1
Tesla,Sedan,NCA,,314.0,90666.0,4.14,18.21,0.01478,0.493,72.3,8.5,71.2,2022.0,56.99,25.88,0
Hyundai,Sedan,NMC,AWD,281.0,112998.0,5.11,,0.01419,0.534,57.0,17.7,68.8,2021.0,68.3,30.03,0
MG,Sedan,LFP,FWD,164.0,26534.0,2.16,3.49,0.01433,0.6007,22.0,40.7,22.9,2024.0,51.65,,0
Mahindra,Crossover,NMC,RWD,403.0,171534.0,7.21,25.41,0.02367,0.5854,66.0,34.5,80.1,2019.0,,23.15,1
Kia,SUV,LFP,AWD,88.0,7624.0,2.14,5.26,0.01374,0.5782,21.2,55.4,29.6,2024.0,85.74,43.39,0
Nissan,Crossover,NMC,RWD,720.0,295846.0,7.09,34.15,0.01893,0.7194,71.7,19.0,134.3,2019.0,82.97,15.8,1
Renault,Sedan,NMC,AWD,368.0,120207.0,4.11,16.15,0.01819,0.5027,55.3,11.2,84.4,2022.0,59.74,22.87,0
Tata,Van,LFP,AWD,638.0,265641.0,10.25,18.46,0.03191,0.8719,45.9,89.2,86.1,2016.0,81.57,44.74,1
BMW,SUV,NMC,RWD,749.0,313514.0,10.94,34.82,0.03751,0.6699,56.3,36.4,94.3,2015.0,85.34,,1
BMW,Truck,,FWD,99.0,23718.0,3.92,3.16,0.01299,0.4319,51.9,18.4,14.4,2022.0,117.36,27.86,0
Tata,Sedan,LFP,AWD,141.0,55759.0,4.95,3.29,0.01549,0.5219,24.8,60.5,34.9,2021.0,59.41,53.67,0
Ford,SUV,NMC,AWD,237.0,122579.0,7.04,16.66,0.0168,0.5621,50.2,23.4,52.3,2019.0,103.71,,0
Tesla,Van,,FWD,565.0,274302.0,7.05,27.09,,0.5643,,29.4,127.7,2019.0,86.77,27.03,1
Tesla,Truck,,RWD,490.0,262490.0,,30.0,0.03012,0.6193,76.4,45.5,97.9,2017.0,119.44,32.59,1
,SUV,NMC,FWD,720.0,263329.0,7.1,33.92,0.03056,0.6649,56.5,54.8,116.0,2019.0,74.01,38.88,1
Toyota,SUV,LFP,FWD,134.0,33411.0,10.83,12.38,0.01826,0.8516,32.3,100.0,14.0,2015.0,87.98,48.73,0
Kia,SUV,NMC,RWD,590.0,202944.0,10.11,21.5,0.02591,0.5675,50.1,25.9,67.7,2016.0,73.35,47.02,0
Tesla,SUV,NCA,AWD,631.0,219756.0,5.99,35.27,0.0237,0.5982,68.9,13.9,118.8,2020.0,71.79,30.18,0
BMW,Hatchback,NMC,FWD,1074.0,284585.0,10.09,38.41,0.02712,0.7206,59.6,36.2,96.1,2016.0,49.0,48.17,0
Hyundai,Hatchback,NMC,FWD,12.0,19514.0,6.08,0.2,0.01136,0.3217,42.1,23.9,3.0,2020.0,46.46,25.65,0
Volkswagen,SUV,NMC,RWD,739.0,317551.0,9.94,33.67,0.03066,0.6649,62.1,50.9,103.8,2016.0,81.42,44.27,1
Audi,Sedan,NCA,RWD,884.0,,7.9,48.19,0.03644,0.733,82.0,62.6,127.5,2018.0,63.63,57.56,1
Tesla,Crossover,NCA,FWD,466.0,190203.0,6.32,28.11,0.02326,0.5436,75.8,25.4,104.1,2020.0,78.3,26.22,0
Mercedes,Sedan,NMC,AWD,510.0,,10.04,26.54,0.02286,0.5921,52.5,40.8,42.2,2016.0,63.72,54.61,0
Volkswagen,Sedan,NMC,AWD,937.0,325178.0,10.77,41.36,0.03353,0.7038,71.2,56.4,100.6,2015.0,63.83,52.07,1
Audi,Sedan,NMC,AWD,354.0,140736.0,10.0,16.24,0.02239,0.5263,50.5,53.8,46.9,2016.0,,39.73,0
Ford,Crossover,NMC,RWD,621.0,228089.0,6.15,33.44,0.02522,0.6494,77.4,67.0,122.9,2020.0,72.11,46.67,1
GM,SUV,LFP,AWD,61.0,35653.0,5.12,2.87,0.01123,0.5624,24.2,76.0,20.3,,103.0,63.74,0
Volkswagen,Hatchback,NMC,FWD,1482.0,197019.0,10.95,52.28,0.04087,,68.4,39.1,61.4,2015.0,25.0,19.28,1
Volkswagen,SUV,NMC,AWD,655.0,266767.0,10.82,29.12,0.02113,0.6633,65.7,4.4,82.0,2015.0,83.92,24.68,1
Tesla,Sedan,,FWD,1.0,500.0,7.75,0.37,0.01387,0.4124,61.7,34.8,3.0,2018.0,65.07,41.06,0
Hyundai,Crossover,NMC,FWD,554.0,214926.0,9.24,29.17,0.02545,0.6075,,33.2,77.8,2017.0,73.5,29.69,1
Toyota,Hatchback,NMC,RWD,1188.0,271712.0,9.91,47.82,0.03178,0.8191,74.2,44.0,90.0,2016.0,45.66,29.5,1
Audi,SUV,NMC,AWD,429.0,192115.0,7.99,20.89,0.01894,0.4867,50.3,,81.4,2018.0,89.72,21.6,0
Ford,SUV,NMC,FWD,813.0,268453.0,9.92,32.87,0.02822,0.6837,51.9,19.6,88.1,2016.0,70.85,35.38,0
GM,Hatchback,LFP,FWD,43.0,36606.0,3.91,2.77,0.01722,,26.7,17.9,38.3,2022.0,45.02,32.79,0
Toyota,Sedan,NMC,FWD,427.0,129075.0,4.18,36.46,0.02432,,78.7,100.0,102.5,2022.0,56.32,62.5,1
BYD,SUV,,RWD,279.0,161069.0,4.73,2.0,0.00729,0.5989,28.9,30.6,112.3,2021.0,95.95,31.09,0
MG,Crossover,NMC,FWD,565.0,199670.0,9.08,28.6,0.03116,0.6242,62.5,60.0,72.4,2017.0,80.99,45.63,1
Volvo,SUV,NMC,RWD,443.0,218481.0,6.12,,0.02484,0.7252,47.3,72.0,113.7,2020.0,88.83,66.35,0
Hyundai,Hatchback,LFP,FWD,1646.0,396550.0,11.15,24.17,0.02039,0.8451,30.8,37.8,117.3,2015.0,46.67,47.35,1
Hyundai,Hatchback,NMC,FWD,1304.0,204621.0,8.88,47.83,0.03739,0.7892,73.1,,75.6,2017.0,33.0,,1
Honda,SUV,NMC,FWD,114.0,36735.0,3.96,6.04,0.00918,0.4004,46.9,29.3,30.1,2022.0,91.02,27.7,0
Renault,SUV,LMO,RWD,269.0,121100.0,5.16,29.66,0.02111,0.6937,46.0,18.0,71.8,2021.0,80.17,25.75,0
Honda,Crossover,NMC,AWD,125.0,54701.0,3.77,6.32,0.01663,0.4114,55.0,25.8,49.0,2022.0,72.15,23.73,0
BYD,Sedan,LFP,,,34378.0,4.24,1.64,0.00662,0.5664,23.9,52.0,24.9,2022.0,45.88,45.65,0
Tesla,Crossover,NMC,AWD,162.0,68380.0,5.04,12.03,0.02676,0.4703,,69.5,41.6,2021.0,71.19,66.25,0
Volvo,Crossover,NMC,RWD,1183.0,409710.0,8.97,40.93,0.02949,0.7337,61.5,,148.2,2017.0,70.87,28.18,1
Rivian,Truck,NMC,RWD,,251773.0,9.88,25.81,0.0297,0.7112,65.9,91.7,85.7,2016.0,122.02,45.07,1
Tesla,Hatchback,NMC,FWD,743.0,,9.91,36.17,0.03139,0.7101,63.7,32.8,48.6,2016.0,39.06,34.28,1
Rivian,Truck,NMC,FWD,281.0,126494.0,5.87,19.84,0.02839,0.6025,49.4,32.9,77.7,2020.0,120.94,37.09,1
Volkswagen,SUV,NMC,RWD,293.0,119042.0,7.84,18.21,0.01901,0.4864,57.9,1.0,51.9,2018.0,86.86,39.42,0
Hyundai,Hatchback,NMC,AWD,1099.0,282120.0,8.92,49.84,0.03535,0.8698,81.1,50.9,102.5,2017.0,51.78,19.72,1
Hyundai,Crossover,NMC,,229.0,74637.0,3.27,10.76,0.01677,0.4455,43.7,51.5,78.7,2023.0,74.83,56.36,0
BYD,Hatchback,LFP,FWD,262.0,68338.0,9.81,7.8,0.01259,0.7387,37.3,50.6,27.4,2016.0,50.12,20.42,0
Hyundai,Hatchback,NMC,FWD,52.0,5306.0,3.85,10.17,0.01464,0.5346,71.5,88.9,3.0,2022.0,36.65,53.91,1
Tesla,SUV,NMC,FWD,927.0,432659.0,10.15,47.79,0.03646,0.8344,67.3,84.6,140.9,2016.0,,58.9,1
GM,Sedan,NMC,FWD,714.0,257903.0,5.97,33.77,0.02833,0.6587,56.1,46.0,139.9,2020.0,68.43,52.46,1
Nissan,Sedan,NMC,AWD,835.0,372248.0,10.1,46.68,0.03755,0.764,84.0,65.2,118.0,2016.0,81.79,41.25,1
GM,Truck,LFP,FWD,138.0,76500.0,4.58,3.82,0.01645,0.5955,21.6,31.5,58.6,2021.0,121.33,37.75,0
,Sedan,NMC,RWD,80.0,38179.0,5.05,0.2,0.01531,0.416,48.0,20.3,,2021.0,87.1,54.83,0
